Image,x1,y1,x2,y2,Label
L_07_05_16_DSC00126.JPG,2488,357,2520,427,3
L_07_05_16_DSC00126.JPG,1707,446,1746,471,3
L_07_05_16_DSC00127.JPG,2612,2314,2641,2361,3
L_07_05_16_DSC00127.JPG,1793,2450,1843,2475,3
L_07_05_16_DSC00150.JPG,1492,1381,1586,1441,2
L_07_05_16_DSC00150.JPG,1072,1354,1170,1401,2
L_07_05_16_DSC00150.JPG,897,1380,982,1447,2
L_07_05_16_DSC00150.JPG,827,1468,912,1534,2
L_07_05_16_DSC00150.JPG,1146,854,1240,915,2
L_07_05_16_DSC00150.JPG,1216,720,1272,770,2
L_07_05_16_DSC00150.JPG,1020,515,1131,575,2
L_07_05_16_DSC00150.JPG,1450,458,1501,514,2
L_07_05_16_DSC00150.JPG,1348,287,1414,372,2
L_07_05_16_DSC00151.JPG,1546,3748,1616,3804,2
L_07_05_16_DSC00151.JPG,1074,3685,1170,3716,2
L_07_05_16_DSC00151.JPG,875,3707,975,3765,2
L_07_05_16_DSC00151.JPG,797,3796,872,3876,2
L_07_05_16_DSC00151.JPG,1173,3148,1260,3218,2
L_07_05_16_DSC00151.JPG,1487,2720,1525,2777,2
L_07_05_16_DSC00151.JPG,1278,2976,1354,3007,2
L_07_05_16_DSC00151.JPG,1071,2771,1170,2817,2
L_07_05_16_DSC00151.JPG,1386,2550,1436,2635,2
L_07_05_16_DSC00151.JPG,1106,1806,1168,1833,4
L_07_05_16_DSC00151.JPG,938,1668,976,1721,4
L_07_05_16_DSC00151.JPG,1520,11,1584,50,5
L_07_05_16_DSC00152.JPG,1241,3847,1295,3886,4
L_07_05_16_DSC00152.JPG,1071,3710,1106,3760,4
L_07_05_16_DSC00152.JPG,1652,2017,1717,2047,5
L_07_05_16_DSC00162.JPG,754,28,842,76,1
L_07_05_16_DSC00163.JPG,705,2177,775,2227,1
L_07_05_16_DSC00197.JPG,1176,651,1271,706,2
L_07_05_16_DSC00197.JPG,641,706,695,782,2
L_07_05_16_DSC00197.JPG,3726,1320,3775,1414,2
L_07_05_16_DSC00198.JPG,3867,3607,3920,3717,2
L_07_05_16_DSC00198.JPG,1283,3040,1351,3106,2
L_07_05_16_DSC00198.JPG,743,3116,828,3206,2
L_07_05_16_DSC00198.JPG,23,3205,97,3308,2
L_07_05_16_DSC00257.JPG,5710,401,5764,465,3
L_07_05_16_DSC00257.JPG,5703,370,5735,412,3
L_07_05_16_DSC00258.JPG,5897,2552,5942,2610,3
L_07_05_16_DSC00258.JPG,5888,2512,5923,2550,3
L_07_05_16_DSC00259.JPG,5508,1546,5546,1620,3
L_07_05_16_DSC00270.JPG,3153,2220,3212,2254,1
L_07_05_16_DSC00271.JPG,153,1298,232,1347,1
L_07_05_16_DSC00279.JPG,3386,326,3437,390,1
L_07_05_16_DSC00280.JPG,3498,2382,3558,2450,1
L_07_05_16_DSC00286.JPG,4887,885,4928,952,2
L_07_05_16_DSC00287.JPG,5166,3233,5207,3308,2
L_07_05_16_DSC00313.JPG,2902,348,2976,385,3
L_07_05_16_DSC00314.JPG,3097,2532,3167,2568,3
L_07_05_16_DSC00350.JPG,3542,1312,3603,1342,3
L_07_05_16_DSC00350.JPG,498,168,553,231,1
L_07_05_16_DSC00351.JPG,4065,3581,4136,3628,3
L_07_05_16_DSC00351.JPG,1015,2467,1057,2527,1
L_07_05_16_DSC00361.JPG,2611,1754,2641,1822,3
L_07_05_16_DSC00362.JPG,4828,2038,4880,2102,3
L_07_05_16_DSC00362.JPG,5021,675,5066,726,1
L_07_05_16_DSC00362.JPG,4942,635,5000,702,1
L_07_05_16_DSC00362.JPG,4012,640,4058,691,1
L_07_05_16_DSC00363.JPG,1956,2141,2016,2182,3
L_07_05_16_DSC00363.JPG,5816,3205,5872,3283,1
L_07_05_16_DSC00363.JPG,5741,3187,5791,3252,1
L_07_05_16_DSC00363.JPG,4681,3091,4730,3145,1
L_07_05_16_DSC00363.JPG,5575,2310,5637,2376,1
L_07_05_16_DSC00364.JPG,5623,1643,5665,1710,1
L_07_05_16_DSC00365.JPG,5745,3630,5804,3711,1
L_07_05_16_DSC00368.JPG,3898,446,3943,511,3
L_07_05_16_DSC00369.JPG,4157,2447,4197,2506,3
L_07_05_16_DSC00369.JPG,12,112,88,158,3
L_07_05_16_DSC00414.JPG,5833,992,5903,1033,2
L_07_05_16_DSC00414.JPG,5802,961,5881,1010,2
L_07_05_16_DSC00414.JPG,5693,987,5773,1044,2
L_07_05_16_DSC00414.JPG,5327,743,5398,804,2
L_07_05_16_DSC00414.JPG,5464,633,5516,704,2
L_07_05_16_DSC00414.JPG,5735,744,5780,795,2
L_07_05_16_DSC00414.JPG,5742,783,5790,837,2
L_07_05_16_DSC00414.JPG,5653,819,5702,879,2
L_07_05_16_DSC00414.JPG,5577,810,5621,859,2
L_07_05_16_DSC00414.JPG,5566,777,5619,816,2
L_07_05_16_DSC00414.JPG,5596,757,5635,792,2
L_07_05_16_DSC00414.JPG,5540,734,5598,783,2
L_07_05_16_DSC00414.JPG,5560,705,5642,750,2
L_07_05_16_DSC00414.JPG,5754,646,5805,705,2
L_07_05_16_DSC00414.JPG,5875,691,5940,742,2
L_07_05_16_DSC00414.JPG,5939,660,5977,716,2
L_07_05_16_DSC00414.JPG,5962,691,5999,743,2
L_07_05_16_DSC00414.JPG,5867,655,5913,696,2
L_07_05_16_DSC00414.JPG,5821,630,5892,678,2
L_07_05_16_DSC00414.JPG,5788,598,5878,643,2
L_07_05_16_DSC00414.JPG,5924,621,5994,665,2
L_07_05_16_DSC00414.JPG,5885,594,5939,635,2
L_07_05_16_DSC00414.JPG,5834,557,5921,595,2
L_07_05_16_DSC00414.JPG,5777,489,5822,554,2
L_07_05_16_DSC00414.JPG,5836,497,5876,560,2
L_07_05_16_DSC00414.JPG,5841,409,5895,461,2
L_07_05_16_DSC00414.JPG,5871,448,5940,510,2
L_07_05_16_DSC00414.JPG,5881,493,5953,533,2
L_07_05_16_DSC00414.JPG,5946,511,6000,559,2
L_07_05_16_DSC00414.JPG,5954,545,6000,612,2
L_07_05_16_DSC00414.JPG,5916,528,5963,575,2
L_07_05_16_DSC00414.JPG,5905,242,5965,306,2
L_07_05_16_DSC00414.JPG,5757,238,5821,310,2
L_07_05_16_DSC00414.JPG,5746,299,5791,346,2
L_07_05_16_DSC00414.JPG,5785,300,5825,346,2
L_07_05_16_DSC00414.JPG,5815,266,5846,330,2
L_07_05_16_DSC00415.JPG,5880,2677,5952,2742,2
L_07_05_16_DSC00415.JPG,5541,2425,5592,2481,2
L_07_05_16_DSC00415.JPG,5673,2305,5724,2381,2
L_07_05_16_DSC00415.JPG,5759,2390,5844,2444,2
L_07_05_16_DSC00415.JPG,5792,2437,5826,2493,2
L_07_05_16_DSC00415.JPG,5745,2413,5798,2469,2
L_07_05_16_DSC00415.JPG,5766,2471,5811,2533,2
L_07_05_16_DSC00415.JPG,5836,2490,5897,2562,2
L_07_05_16_DSC00415.JPG,5940,2429,5971,2484,2
L_07_05_16_DSC00415.JPG,5933,2466,5985,2526,2
L_07_05_16_DSC00415.JPG,5961,2347,5998,2400,2
L_07_05_16_DSC00415.JPG,5954,1969,5999,2023,2
L_07_05_16_DSC00415.JPG,5973,2183,5999,2243,2
L_07_05_16_DSC00422.JPG,3743,754,3798,784,4
L_07_05_16_DSC00423.JPG,3946,2594,4007,2620,4
L_07_05_16_DSC00440.JPG,4775,527,4815,573,4
L_07_05_16_DSC00441.JPG,4760,2547,4801,2584,4
L_07_05_16_DSC00441.JPG,3042,964,3081,1006,2
L_07_05_16_DSC00454.JPG,4478,263,4525,314,4
L_07_05_16_DSC00454.JPG,4510,84,4550,117,4
L_07_05_16_DSC00455.JPG,4917,1707,4953,1748,4
L_07_05_16_DSC00455.JPG,4891,1923,4940,1954,4
L_07_05_16_DSC00456.JPG,5148,3735,5193,3786,4
L_07_05_16_DSC00468.JPG,2283,2115,2326,2190,5
L_07_05_16_DSC00544.JPG,4209,1346,4257,1373,4
L_07_05_16_DSC00544.JPG,3891,1299,3920,1311,4
L_07_05_16_DSC00544.JPG,3892,1309,3918,1320,4
L_07_05_16_DSC00544.JPG,3723,1293,3752,1304,4
L_07_05_16_DSC00544.JPG,3721,1283,3746,1298,4
L_07_05_16_DSC00544.JPG,3710,1274,3738,1288,4
L_07_05_16_DSC00544.JPG,3740,1244,3779,1279,4
L_07_05_16_DSC00545.JPG,4443,2873,4486,2897,4
L_07_05_16_DSC00545.JPG,4134,2824,4155,2838,4
L_07_05_16_DSC00545.JPG,4136,2834,4159,2851,4
L_07_05_16_DSC00545.JPG,3971,2817,3996,2826,4
L_07_05_16_DSC00545.JPG,3962,2811,3988,2821,4
L_07_05_16_DSC00545.JPG,3959,2786,3979,2811,4
L_07_05_16_DSC00545.JPG,3978,2769,4027,2805,4
L_07_05_16_DSC00550.JPG,1280,1638,1342,1691,1
L_07_05_16_DSC00550.JPG,3917,691,3961,751,1
L_07_05_16_DSC00551.JPG,1494,3550,1560,3596,1
L_07_05_16_DSC00551.JPG,4127,2736,4160,2812,1
L_07_05_16_DSC00551.JPG,1837,196,1887,224,4
L_07_05_16_DSC00551.JPG,1762,264,1786,298,4
L_07_05_16_DSC00551.JPG,1672,142,1698,168,4
L_07_05_16_DSC00552.JPG,1935,2098,1976,2119,4
L_07_05_16_DSC00552.JPG,1851,2178,1865,2208,4
L_07_05_16_DSC00552.JPG,1758,2027,1780,2051,4
L_07_05_16_DSC00552.JPG,1842,1828,1885,1851,4
L_07_05_16_DSC00553.JPG,1883,3910,1922,3929,4
L_07_05_16_DSC00553.JPG,1702,3843,1723,3869,4
L_07_05_16_DSC00553.JPG,1787,3662,1834,3679,4
L_07_05_16_DSC00557.JPG,2834,1258,2878,1317,3
L_07_05_16_DSC00558.JPG,2913,3255,2955,3298,3
L_07_05_16_DSC00559.JPG,5406,1397,5492,1443,3
L_07_05_16_DSC00560.JPG,4927,1365,4983,1405,3
L_07_05_16_DSC00560.JPG,5700,3326,5786,3380,3
L_07_05_16_DSC00561.JPG,4905,3218,4958,3247,3
L_07_05_16_DSC00561.JPG,846,151,931,188,3
L_07_05_16_DSC00562.JPG,1266,2566,1327,2605,3
L_07_05_16_DSC00562.JPG,3433,35,3501,88,1
L_07_05_16_DSC00563.JPG,3820,1941,3893,1995,1
L_07_05_16_DSC00563.JPG,3166,736,3221,784,3
L_07_05_16_DSC00563.JPG,1779,559,1817,620,3
L_07_05_16_DSC00563.JPG,2163,1082,2188,1130,4
L_07_05_16_DSC00563.JPG,2002,1110,2038,1152,4
L_07_05_16_DSC00564.JPG,2133,2925,2162,2975,4
L_07_05_16_DSC00564.JPG,1968,2953,2002,3002,4
L_07_05_16_DSC00564.JPG,1707,2412,1740,2463,3
L_07_05_16_DSC00564.JPG,3126,2550,3182,2588,3
L_07_05_16_DSC00564.JPG,1467,1193,1537,1238,3
L_07_05_16_DSC00564.JPG,3803,3695,3870,3741,1
L_07_05_16_DSC00565.JPG,5396,1851,5465,1885,3
L_07_05_16_DSC00565.JPG,1843,3435,1897,3481,3
L_07_05_16_DSC00572.JPG,4505,1137,4573,1175,3
L_07_05_16_DSC00573.JPG,4461,1207,4527,1252,3
L_07_05_16_DSC00573.JPG,4627,3375,4700,3415,3
L_07_05_16_DSC00574.JPG,4764,3719,4829,3778,3
L_07_05_16_DSC00574.JPG,2350,91,2406,136,3
L_07_05_16_DSC00575.JPG,2698,2066,2757,2107,3
L_07_05_16_DSC00576.JPG,2830,1697,2897,1740,3
L_07_05_16_DSC00576.JPG,1470,652,1537,687,3
L_07_05_16_DSC00577.JPG,1686,3220,1760,3248,3
L_07_05_16_DSC00578.JPG,368,1050,444,1085,3
L_07_05_16_DSC00579.JPG,589,3037,662,3080,3
L_07_05_16_DSC00579.JPG,562,1721,631,1776,3
L_07_05_16_DSC00585.JPG,2857,701,2911,758,3
L_07_05_16_DSC00586.JPG,2920,2711,2958,2775,3
L_07_05_16_DSC00601.JPG,1557,448,1605,503,3
L_07_05_16_DSC00601.JPG,2241,24,2300,102,1
L_07_05_16_DSC00601.JPG,3096,1048,3152,1111,1
L_07_05_16_DSC00602.JPG,2439,2232,2497,2290,1
L_07_05_16_DSC00602.JPG,3386,3296,3451,3353,1
L_07_05_16_DSC00602.JPG,1740,2709,1785,2773,3
L_07_05_16_DSC00603.JPG,518,283,637,344,2
L_07_05_16_DSC00603.JPG,42,720,163,774,2
L_07_05_16_DSC00603.JPG,214,918,320,973,2
L_07_05_16_DSC00603.JPG,46,950,166,1011,2
L_07_05_16_DSC00604.JPG,1901,1590,1985,1678,2
L_07_05_16_DSC00604.JPG,2053,1502,2114,1581,2
L_07_05_16_DSC00604.JPG,2116,1781,2215,1852,2
L_07_05_16_DSC00604.JPG,2038,1817,2111,1905,2
L_07_05_16_DSC00604.JPG,2235,1864,2316,1931,2
L_07_05_16_DSC00604.JPG,2115,1885,2192,1968,2
L_07_05_16_DSC00604.JPG,831,2517,945,2565,2
L_07_05_16_DSC00604.JPG,198,2454,320,2524,2
L_07_05_16_DSC00604.JPG,597,3208,681,3281,2
L_07_05_16_DSC00604.JPG,373,3211,475,3266,2
L_07_05_16_DSC00604.JPG,353,2978,473,3022,2
L_07_05_16_DSC00604.JPG,275,2966,342,3015,2
L_07_05_16_DSC00604.JPG,204,2994,285,3027,2
L_07_05_16_DSC00604.JPG,172,3065,248,3132,2
L_07_05_16_DSC00604.JPG,57,2918,155,2981,2
L_07_05_16_DSC00604.JPG,0,1420,65,1462,2
L_07_05_16_DSC00604.JPG,75,3868,140,3952,2
L_07_05_16_DSC00605.JPG,121,2113,197,2221,2
L_07_05_16_DSC00605.JPG,0,3793,65,3858,2
L_07_05_16_DSC00612.JPG,3170,2248,3230,2275,3
L_07_05_16_DSC00612.JPG,4110,40,4144,103,3
L_07_05_16_DSC00613.JPG,4573,2296,4610,2367,3
L_07_05_16_DSC00618.JPG,3501,855,3553,898,4
L_07_05_16_DSC00619.JPG,3807,3183,3858,3225,4
L_07_05_16_DSC00630.JPG,150,908,263,955,2
L_07_05_16_DSC00630.JPG,58,1717,138,1817,2
L_07_05_16_DSC00630.JPG,0,1837,74,1904,2
L_07_05_16_DSC00630.JPG,0,2281,104,2345,2
L_07_05_16_DSC00631.JPG,1525,12,1584,108,2
L_07_05_16_DSC00631.JPG,1862,164,1918,270,2
L_07_05_16_DSC00631.JPG,1236,115,1306,164,2
L_07_05_16_DSC00631.JPG,1174,148,1251,233,2
L_07_05_16_DSC00631.JPG,1133,612,1202,707,2
L_07_05_16_DSC00631.JPG,926,525,988,628,2
L_07_05_16_DSC00631.JPG,1045,966,1132,1027,2
L_07_05_16_DSC00631.JPG,827,956,922,1048,2
L_07_05_16_DSC00631.JPG,764,1040,833,1131,2
L_07_05_16_DSC00631.JPG,383,871,465,980,2
L_07_05_16_DSC00631.JPG,250,755,330,862,2
L_07_05_16_DSC00631.JPG,315,1067,383,1170,2
L_07_05_16_DSC00631.JPG,0,952,104,996,2
L_07_05_16_DSC00631.JPG,0,1039,37,1080,2
L_07_05_16_DSC00631.JPG,44,1844,163,1883,2
L_07_05_16_DSC00631.JPG,16,1917,101,1996,2
L_07_05_16_DSC00631.JPG,283,2210,374,2306,2
L_07_05_16_DSC00631.JPG,523,2266,582,2350,2
L_07_05_16_DSC00631.JPG,45,3097,136,3188,2
L_07_05_16_DSC00631.JPG,0,3058,47,3130,2
L_07_05_16_DSC00631.JPG,546,3485,651,3555,2
L_07_05_16_DSC00631.JPG,268,3766,350,3877,2
L_07_05_16_DSC00631.JPG,0,3448,54,3540,2
L_07_05_16_DSC00632.JPG,568,2314,613,2373,2
L_07_05_16_DSC00632.JPG,525,2307,568,2406,2
L_07_05_16_DSC00632.JPG,400,2320,503,2402,2
L_07_05_16_DSC00632.JPG,0,2163,56,2208,2
L_07_05_16_DSC00632.JPG,0,2317,42,2366,2
L_07_05_16_DSC00632.JPG,1718,2354,1778,2461,2
L_07_05_16_DSC00632.JPG,1782,2493,1836,2590,2
L_07_05_16_DSC00632.JPG,2115,2708,2162,2812,2
L_07_05_16_DSC00632.JPG,1488,2597,1547,2628,2
L_07_05_16_DSC00632.JPG,1415,2631,1490,2701,2
L_07_05_16_DSC00632.JPG,1352,3110,1434,3187,2
L_07_05_16_DSC00632.JPG,1144,3015,1212,3107,2
L_07_05_16_DSC00632.JPG,0,3053,30,3135,2
L_07_05_16_DSC00632.JPG,447,3181,528,3280,2
L_07_05_16_DSC00632.JPG,564,3302,651,3404,2
L_07_05_16_DSC00632.JPG,140,3343,267,3412,2
L_07_05_16_DSC00632.JPG,107,3442,187,3502,2
L_07_05_16_DSC00632.JPG,42,3534,120,3602,2
L_07_05_16_DSC00632.JPG,450,3521,521,3618,2
L_07_05_16_DSC00632.JPG,1245,3428,1314,3512,2
L_07_05_16_DSC00632.JPG,1012,3414,1108,3508,2
L_07_05_16_DSC00632.JPG,934,3475,993,3566,2
L_07_05_16_DSC00632.JPG,0,3704,25,3776,2
L_07_05_16_DSC00633.JPG,1316,1962,1402,2017,2
L_07_05_16_DSC00633.JPG,1306,2073,1386,2142,2
L_07_05_16_DSC00642.JPG,2987,1618,3030,1689,5
L_07_05_16_DSC00645.JPG,3387,1518,3428,1598,1
L_07_05_16_DSC00645.JPG,3176,1010,3213,1057,1
L_07_05_16_DSC00645.JPG,2362,866,2424,934,1
L_07_05_16_DSC00645.JPG,2251,973,2297,1040,1
L_07_05_16_DSC00645.JPG,2130,242,2180,308,1
L_07_05_16_DSC00645.JPG,2171,131,2230,174,1
L_07_05_16_DSC00645.JPG,3222,512,3268,586,1
L_07_05_16_DSC00645.JPG,3111,343,3158,376,1
L_07_05_16_DSC00645.JPG,3102,362,3176,416,1
L_07_05_16_DSC00646.JPG,3521,3820,3560,3910,1
L_07_05_16_DSC00646.JPG,3337,3332,3376,3393,1
L_07_05_16_DSC00646.JPG,2601,3335,2623,3417,1
L_07_05_16_DSC00646.JPG,2427,3288,2465,3365,1
L_07_05_16_DSC00646.JPG,3403,2856,3450,2940,1
L_07_05_16_DSC00646.JPG,3288,2706,3341,2738,1
L_07_05_16_DSC00646.JPG,3290,2728,3350,2780,1
L_07_05_16_DSC00646.JPG,2323,2577,2361,2650,1
L_07_05_16_DSC00646.JPG,2372,2467,2413,2497,1
L_07_05_16_DSC00646.JPG,2916,1967,2940,2011,1
L_07_05_16_DSC00646.JPG,2076,1975,2102,2018,1
L_07_05_16_DSC00646.JPG,3156,1263,3207,1333,1
L_07_05_16_DSC00646.JPG,2825,1078,2875,1117,1
L_07_05_16_DSC00646.JPG,2361,1138,2440,1190,1
L_07_05_16_DSC00646.JPG,3395,757,3425,805,1
L_07_05_16_DSC00646.JPG,3767,660,3811,715,1
L_07_05_16_DSC00646.JPG,3803,608,3860,685,1
L_07_05_16_DSC00646.JPG,4335,453,4397,492,1
L_07_05_16_DSC00646.JPG,4047,418,4108,451,1
L_07_05_16_DSC00646.JPG,4067,302,4110,377,1
L_07_05_16_DSC00646.JPG,3920,437,3948,523,1
L_07_05_16_DSC00646.JPG,3925,400,3953,445,1
L_07_05_16_DSC00646.JPG,3383,541,3418,617,1
L_07_05_16_DSC00646.JPG,3461,435,3528,482,1
L_07_05_16_DSC00646.JPG,3466,467,3507,516,1
L_07_05_16_DSC00646.JPG,3368,422,3423,486,1
L_07_05_16_DSC00646.JPG,3290,355,3322,407,1
L_07_05_16_DSC00646.JPG,3905,148,3970,183,1
L_07_05_16_DSC00646.JPG,3900,107,3933,155,1
L_07_05_16_DSC00646.JPG,2706,50,2747,123,1
L_07_05_16_DSC00646.JPG,2470,337,2522,367,1
L_07_05_16_DSC00646.JPG,996,161,1045,211,1
L_07_05_16_DSC00646.JPG,712,464,784,515,1
L_07_05_16_DSC00647.JPG,3371,3714,3445,3800,1
L_07_05_16_DSC00647.JPG,3142,3594,3193,3631,1
L_07_05_16_DSC00647.JPG,2738,3670,2821,3708,1
L_07_05_16_DSC00647.JPG,3574,3195,3607,3265,1
L_07_05_16_DSC00647.JPG,3924,3087,3967,3131,1
L_07_05_16_DSC00647.JPG,3966,3041,4018,3116,1
L_07_05_16_DSC00647.JPG,3568,3013,3591,3072,1
L_07_05_16_DSC00647.JPG,3635,2898,3697,2954,1
L_07_05_16_DSC00647.JPG,3644,2927,3676,2962,1
L_07_05_16_DSC00647.JPG,3543,2892,3603,2940,1
L_07_05_16_DSC00647.JPG,3457,2826,3501,2881,1
L_07_05_16_DSC00647.JPG,4063,2865,4103,2937,1
L_07_05_16_DSC00647.JPG,4074,2826,4104,2870,1
L_07_05_16_DSC00647.JPG,4194,2836,4253,2876,1
L_07_05_16_DSC00647.JPG,4214,2735,4262,2800,1
L_07_05_16_DSC00647.JPG,4465,2846,4543,2903,1
L_07_05_16_DSC00647.JPG,4071,2595,4125,2622,1
L_07_05_16_DSC00647.JPG,4041,2552,4075,2607,1
L_07_05_16_DSC00647.JPG,3163,2304,3202,2382,1
L_07_05_16_DSC00647.JPG,3143,2318,3174,2364,1
L_07_05_16_DSC00647.JPG,3346,2198,3396,2233,1
L_07_05_16_DSC00647.JPG,3391,2141,3467,2192,1
L_07_05_16_DSC00647.JPG,4680,2351,4765,2380,1
L_07_05_16_DSC00647.JPG,4671,2326,4716,2357,1
L_07_05_16_DSC00647.JPG,4662,2271,4710,2305,1
L_07_05_16_DSC00647.JPG,4718,2263,4766,2308,1
L_07_05_16_DSC00647.JPG,4832,2178,4890,2221,1
L_07_05_16_DSC00647.JPG,4832,2208,4883,2252,1
L_07_05_16_DSC00647.JPG,5428,2297,5510,2348,1
L_07_05_16_DSC00647.JPG,5516,2225,5581,2265,1
L_07_05_16_DSC00647.JPG,5617,1900,5705,1948,1
L_07_05_16_DSC00647.JPG,5532,1963,5577,2021,1
L_07_05_16_DSC00647.JPG,5015,1904,5073,1982,1
L_07_05_16_DSC00647.JPG,4912,1915,4944,1960,1
L_07_05_16_DSC00647.JPG,4053,1704,4088,1782,1
L_07_05_16_DSC00647.JPG,4142,1353,4180,1394,1
L_07_05_16_DSC00647.JPG,2886,2572,2916,2640,1
L_07_05_16_DSC00647.JPG,2658,2852,2713,2878,1
L_07_05_16_DSC00647.JPG,1185,2755,1226,2803,1
L_07_05_16_DSC00647.JPG,921,3057,978,3121,1
L_07_05_16_DSC00647.JPG,4167,822,4207,862,1
L_07_05_16_DSC00647.JPG,4072,753,4143,792,1
L_07_05_16_DSC00648.JPG,4545,3741,4590,3788,1
L_07_05_16_DSC00648.JPG,4585,3202,4631,3254,1
L_07_05_16_DSC00648.JPG,4487,3153,4564,3197,1
L_07_05_16_DSC00648.JPG,4811,2161,4860,2206,1
L_07_05_16_DSC00648.JPG,4771,2235,4838,2291,1
L_07_05_16_DSC00648.JPG,4434,2098,4485,2122,1
L_07_05_16_DSC00648.JPG,4913,1865,4967,1902,1
L_07_05_16_DSC00648.JPG,4706,1901,4758,1928,1
L_07_05_16_DSC00648.JPG,4650,1923,4711,1967,1
L_07_05_16_DSC00648.JPG,4634,2013,4686,2063,1
L_07_05_16_DSC00648.JPG,5311,1540,5354,1580,1
L_07_05_16_DSC00648.JPG,5285,1507,5312,1547,1
L_07_05_16_DSC00648.JPG,4761,1318,4813,1393,1
L_07_05_16_DSC00648.JPG,5384,1304,5431,1345,1
L_07_05_16_DSC00648.JPG,5303,1241,5365,1288,1
L_07_05_16_DSC00648.JPG,2076,123,2188,208,2
L_07_05_16_DSC00648.JPG,1707,813,1784,870,2
L_07_05_16_DSC00648.JPG,1131,1000,1224,1111,2
L_07_05_16_DSC00648.JPG,926,1467,1037,1522,2
L_07_05_16_DSC00649.JPG,2028,2150,2147,2227,2
L_07_05_16_DSC00649.JPG,1518,2554,1621,2602,2
L_07_05_16_DSC00649.JPG,2810,2877,2896,2986,2
L_07_05_16_DSC00649.JPG,2335,3684,2410,3746,2
L_07_05_16_DSC00649.JPG,1777,3824,1843,3950,2
L_07_05_16_DSC00653.JPG,268,1271,376,1313,1
L_07_05_16_DSC00654.JPG,3235,436,3291,478,1
L_07_05_16_DSC00654.JPG,1268,2738,1331,2812,1
L_07_05_16_DSC00655.JPG,4901,2882,4973,2926,1
L_07_05_16_DSC00693.JPG,1525,1011,1574,1070,1
L_07_05_16_DSC00693.JPG,761,1264,824,1326,1
L_07_05_16_DSC00693.JPG,742,753,798,784,1
L_07_05_16_DSC00693.JPG,1008,682,1072,740,1
L_07_05_16_DSC00693.JPG,944,597,1011,643,1
L_07_05_16_DSC00693.JPG,846,1666,901,1728,1
L_07_05_16_DSC00693.JPG,11,1244,68,1292,1
L_07_05_16_DSC00693.JPG,93,1094,162,1148,1
L_07_05_16_DSC00693.JPG,58,1085,90,1128,1
L_07_05_16_DSC00693.JPG,28,935,103,971,1
L_07_05_16_DSC00693.JPG,443,208,496,272,1
L_07_05_16_DSC00693.JPG,526,25,571,101,1
L_07_05_16_DSC00693.JPG,1268,164,1325,233,1
L_07_05_16_DSC00693.JPG,2230,392,2287,467,1
L_07_05_16_DSC00693.JPG,2308,224,2368,312,1
L_07_05_16_DSC00693.JPG,2470,137,2545,214,1
L_07_05_16_DSC00693.JPG,2186,92,2231,168,1
L_07_05_16_DSC00694.JPG,981,3681,1028,3763,1
L_07_05_16_DSC00694.JPG,1635,3037,1687,3102,1
L_07_05_16_DSC00694.JPG,885,3276,946,3355,1
L_07_05_16_DSC00694.JPG,142,3272,198,3317,1
L_07_05_16_DSC00694.JPG,223,3118,295,3173,1
L_07_05_16_DSC00694.JPG,177,3112,222,3178,1
L_07_05_16_DSC00694.JPG,0,3211,51,3280,1
L_07_05_16_DSC00694.JPG,158,2960,237,2993,1
L_07_05_16_DSC00694.JPG,0,3026,52,3066,1
L_07_05_16_DSC00694.JPG,0,2891,33,2933,1
L_07_05_16_DSC00694.JPG,861,2770,913,2806,1
L_07_05_16_DSC00694.JPG,1103,2707,1172,2746,1
L_07_05_16_DSC00694.JPG,1065,2618,1125,2656,1
L_07_05_16_DSC00694.JPG,1375,2197,1418,2250,1
L_07_05_16_DSC00694.JPG,630,2033,695,2082,1
L_07_05_16_DSC00694.JPG,575,2092,636,2133,1
L_07_05_16_DSC00694.JPG,1773,1861,1842,1901,1
L_07_05_16_DSC00694.JPG,1675,1827,1746,1901,1
L_07_05_16_DSC00694.JPG,1860,1692,1922,1740,1
L_07_05_16_DSC00694.JPG,1588,1597,1661,1657,1
L_07_05_16_DSC00694.JPG,1510,1445,1573,1528,1
L_07_05_16_DSC00694.JPG,1890,1130,1958,1173,1
L_07_05_16_DSC00694.JPG,1482,1250,1520,1312,1
L_07_05_16_DSC00694.JPG,1428,1085,1493,1148,1
L_07_05_16_DSC00694.JPG,1253,741,1302,777,1
L_07_05_16_DSC00694.JPG,1236,716,1278,768,1
L_07_05_16_DSC00694.JPG,2733,133,2768,218,1
L_07_05_16_DSC00694.JPG,828,1451,891,1491,1
L_07_05_16_DSC00694.JPG,26,1567,96,1598,1
L_07_05_16_DSC00694.JPG,7,1524,55,1572,1
L_07_05_16_DSC00694.JPG,192,1084,258,1133,1
L_07_05_16_DSC00694.JPG,558,12,611,70,1
L_07_05_16_DSC00695.JPG,54,3655,126,3725,1
L_07_05_16_DSC00695.JPG,34,3610,81,3657,1
L_07_05_16_DSC00695.JPG,265,3146,331,3195,1
L_07_05_16_DSC00695.JPG,897,3555,948,3593,1
L_07_05_16_DSC00695.JPG,1363,3572,1420,3656,1
L_07_05_16_DSC00695.JPG,1654,3946,1716,3998,1
L_07_05_16_DSC00695.JPG,1585,3775,1630,3858,1
L_07_05_16_DSC00695.JPG,1903,3242,1976,3285,1
L_07_05_16_DSC00695.JPG,1466,3327,1528,3398,1
L_07_05_16_DSC00695.JPG,1448,3401,1505,3474,1
L_07_05_16_DSC00695.JPG,1464,3093,1527,3148,1
L_07_05_16_DSC00695.JPG,1385,2993,1451,3043,1
L_07_05_16_DSC00695.JPG,1241,2687,1296,2735,1
L_07_05_16_DSC00695.JPG,1044,2624,1116,2672,1
L_07_05_16_DSC00695.JPG,673,2075,730,2131,1
L_07_05_16_DSC00695.JPG,3031,1822,3086,1867,1
L_07_05_16_DSC00695.JPG,3513,1660,3587,1703,1
L_07_05_16_DSC00695.JPG,2562,1412,2636,1462,1
L_07_05_16_DSC00695.JPG,2578,1204,2637,1243,1
L_07_05_16_DSC00695.JPG,2766,1095,2833,1132,1
L_07_05_16_DSC00695.JPG,3558,1141,3612,1203,1
L_07_05_16_DSC00695.JPG,2967,816,3011,875,1
L_07_05_16_DSC00695.JPG,2503,684,2545,746,1
L_07_05_16_DSC00695.JPG,2718,617,2765,666,1
L_07_05_16_DSC00695.JPG,2781,427,2826,485,1
L_07_05_16_DSC00695.JPG,3206,806,3243,862,1
L_07_05_16_DSC00695.JPG,3222,770,3277,804,1
L_07_05_16_DSC00695.JPG,3754,1012,3787,1072,1
L_07_05_16_DSC00695.JPG,3757,735,3785,788,1
L_07_05_16_DSC00695.JPG,3751,647,3794,727,1
L_07_05_16_DSC00695.JPG,3793,243,3846,303,1
L_07_05_16_DSC00695.JPG,3281,198,3325,253,1
L_07_05_16_DSC00695.JPG,2974,108,3005,175,1
L_07_05_16_DSC00695.JPG,2960,15,2992,103,1
L_07_05_16_DSC00695.JPG,1761,131,1826,201,1
L_07_05_16_DSC00695.JPG,1781,202,1833,256,1
L_07_05_16_DSC00695.JPG,1485,647,1531,675,1
L_07_05_16_DSC00695.JPG,1454,663,1524,715,1
L_07_05_16_DSC00695.JPG,1404,674,1464,721,1
L_07_05_16_DSC00695.JPG,494,771,557,854,1
L_07_05_16_DSC00695.JPG,477,987,526,1051,1
L_07_05_16_DSC00695.JPG,478,1151,527,1220,1
L_07_05_16_DSC00695.JPG,4657,1883,4743,1923,1
L_07_05_16_DSC00695.JPG,4975,1850,5056,1893,1
L_07_05_16_DSC00695.JPG,5111,1508,5168,1548,1
L_07_05_16_DSC00695.JPG,4171,1392,4212,1430,1
L_07_05_16_DSC00695.JPG,4178,1243,4235,1317,1
L_07_05_16_DSC00695.JPG,4257,1084,4310,1143,1
L_07_05_16_DSC00695.JPG,5320,510,5378,558,1
L_07_05_16_DSC00695.JPG,5215,1180,5260,1233,1
L_07_05_16_DSC00695.JPG,5168,1245,5217,1294,1
L_07_05_16_DSC00695.JPG,5173,1300,5216,1337,1
L_07_05_16_DSC00695.JPG,5314,1360,5380,1396,1
L_07_05_16_DSC00695.JPG,5311,1472,5350,1527,1
L_07_05_16_DSC00696.JPG,5346,3830,5384,3878,1
L_07_05_16_DSC00696.JPG,5354,3878,5391,3916,1
L_07_05_16_DSC00696.JPG,5514,3950,5562,3998,1
L_07_05_16_DSC00696.JPG,5484,3032,5557,3090,1
L_07_05_16_DSC00696.JPG,4370,3058,4406,3107,1
L_07_05_16_DSC00696.JPG,4396,3584,4434,3630,1
L_07_05_16_DSC00696.JPG,4358,3656,4407,3737,1
L_07_05_16_DSC00696.JPG,4317,3931,4365,3998,1
L_07_05_16_DSC00696.JPG,4404,3657,4455,3695,1
L_07_05_16_DSC00696.JPG,4220,3420,4254,3466,1
L_07_05_16_DSC00696.JPG,3844,3492,3903,3541,1
L_07_05_16_DSC00696.JPG,3626,3718,3677,3793,1
L_07_05_16_DSC00696.JPG,3884,3101,3944,3171,1
L_07_05_16_DSC00696.JPG,3875,3145,3932,3174,1
L_07_05_16_DSC00696.JPG,3910,2758,3980,2834,1
L_07_05_16_DSC00696.JPG,3285,3300,3350,3343,1
L_07_05_16_DSC00696.JPG,3267,3300,3293,3347,1
L_07_05_16_DSC00696.JPG,3006,3334,3077,3385,1
L_07_05_16_DSC00696.JPG,2791,3625,2860,3682,1
L_07_05_16_DSC00696.JPG,2726,3316,2765,3391,1
L_07_05_16_DSC00696.JPG,2593,3740,2627,3802,1
L_07_05_16_DSC00696.JPG,2523,3178,2574,3224,1
L_07_05_16_DSC00696.JPG,2196,3802,2253,3873,1
L_07_05_16_DSC00696.JPG,1471,3061,1523,3094,1
L_07_05_16_DSC00696.JPG,1450,3085,1512,3136,1
L_07_05_16_DSC00696.JPG,1388,3104,1445,3138,1
L_07_05_16_DSC00696.JPG,383,3366,434,3454,1
L_07_05_16_DSC00696.JPG,345,3370,392,3421,1
L_07_05_16_DSC00696.JPG,291,3025,392,3072,1
L_07_05_16_DSC00696.JPG,1446,1863,1482,1910,1
L_07_05_16_DSC00696.JPG,1366,1796,1444,1862,1
L_07_05_16_DSC00696.JPG,602,1572,643,1634,1
L_07_05_16_DSC00696.JPG,551,1574,593,1615,1
L_07_05_16_DSC00696.JPG,545,1526,603,1563,1
L_07_05_16_DSC00696.JPG,604,1395,662,1447,1
L_07_05_16_DSC00696.JPG,1410,1261,1457,1327,1
L_07_05_16_DSC00696.JPG,1344,1207,1397,1275,1
L_07_05_16_DSC00696.JPG,1538,47,1604,97,1
L_07_05_16_DSC00696.JPG,3118,2442,3173,2481,1
L_07_05_16_DSC00696.JPG,3075,2131,3108,2187,1
L_07_05_16_DSC00696.JPG,3063,2056,3098,2141,1
L_07_05_16_DSC00696.JPG,3436,1936,3480,1968,1
L_07_05_16_DSC00696.JPG,3705,1777,3766,1813,1
L_07_05_16_DSC00696.JPG,3770,1814,3820,1878,1
L_07_05_16_DSC00696.JPG,2838,2923,2890,2963,1
L_07_05_16_DSC00697.JPG,1525,3676,1563,3758,1
L_07_05_16_DSC00697.JPG,1457,3622,1504,3706,1
L_07_05_16_DSC00697.JPG,1151,3688,1196,3735,1
L_07_05_16_DSC00697.JPG,1110,3608,1178,3681,1
L_07_05_16_DSC00697.JPG,716,3826,768,3902,1
L_07_05_16_DSC00697.JPG,686,3946,732,3990,1
L_07_05_16_DSC00697.JPG,620,3964,691,4000,1
L_07_05_16_DSC00697.JPG,1634,2408,1691,2465,1
L_07_05_16_DSC00697.JPG,1010,742,1066,805,1
L_07_05_16_DSC00697.JPG,1373,356,1442,406,1
L_07_05_16_DSC00697.JPG,1128,315,1185,368,1
L_07_05_16_DSC00697.JPG,1221,227,1278,283,1
L_07_05_16_DSC00697.JPG,1214,293,1268,356,1
L_07_05_16_DSC00698.JPG,2654,1870,2686,1907,1
L_07_05_16_DSC00698.JPG,2090,1453,2143,1491,1
L_07_05_16_DSC00698.JPG,1672,1532,1718,1595,1
L_07_05_16_DSC00698.JPG,2220,1146,2262,1191,1
L_07_05_16_DSC00698.JPG,1476,2267,1532,2315,1
L_07_05_16_DSC00698.JPG,1222,2187,1277,2243,1
L_07_05_16_DSC00698.JPG,1230,2231,1255,2284,1
L_07_05_16_DSC00698.JPG,1127,2273,1176,2308,1
L_07_05_16_DSC00698.JPG,1044,2737,1095,2800,1
L_07_05_16_DSC00698.JPG,947,1317,985,1396,1
L_07_05_16_DSC00698.JPG,778,1308,826,1347,1
L_07_05_16_DSC00698.JPG,1101,1131,1133,1178,1
L_07_05_16_DSC00698.JPG,853,1204,896,1258,1
L_07_05_16_DSC00698.JPG,766,1202,816,1243,1
L_07_05_16_DSC00698.JPG,846,1052,890,1116,1
L_07_05_16_DSC00698.JPG,1003,1000,1070,1061,1
L_07_05_16_DSC00698.JPG,46,785,92,825,1
L_07_05_16_DSC00698.JPG,513,594,593,624,1
L_07_05_16_DSC00698.JPG,917,637,963,706,1
L_07_05_16_DSC00698.JPG,1251,626,1297,668,1
L_07_05_16_DSC00698.JPG,981,492,1030,535,1
L_07_05_16_DSC00698.JPG,817,337,870,397,1
L_07_05_16_DSC00698.JPG,544,397,614,448,1
L_07_05_16_DSC00698.JPG,168,126,241,184,1
L_07_05_16_DSC00698.JPG,1233,107,1277,173,1
L_07_05_16_DSC00698.JPG,1548,103,1591,165,1
L_07_05_16_DSC00698.JPG,2308,192,2343,254,1
L_07_05_16_DSC00698.JPG,2348,201,2393,237,1
L_07_05_16_DSC00698.JPG,4762,75,4794,131,1
L_07_05_16_DSC00698.JPG,4792,96,4822,126,1
L_07_05_16_DSC00699.JPG,2636,3485,2668,3537,1
L_07_05_16_DSC00699.JPG,1574,3921,1650,3967,1
L_07_05_16_DSC00699.JPG,1303,3876,1364,3934,1
L_07_05_16_DSC00699.JPG,1227,3950,1273,3986,1
L_07_05_16_DSC00699.JPG,1685,3260,1715,3328,1
L_07_05_16_DSC00699.JPG,2073,3147,2130,3203,1
L_07_05_16_DSC00699.JPG,2172,2853,2214,2892,1
L_07_05_16_DSC00699.JPG,928,3085,958,3141,1
L_07_05_16_DSC00699.JPG,755,3101,808,3141,1
L_07_05_16_DSC00699.JPG,1028,2913,1083,2956,1
L_07_05_16_DSC00699.JPG,958,2793,1011,2850,1
L_07_05_16_DSC00699.JPG,837,2902,871,2942,1
L_07_05_16_DSC00699.JPG,804,2932,838,2977,1
L_07_05_16_DSC00699.JPG,785,2907,826,2980,1
L_07_05_16_DSC00699.JPG,1136,2412,1192,2451,1
L_07_05_16_DSC00699.JPG,823,2457,851,2504,1
L_07_05_16_DSC00699.JPG,863,2295,906,2334,1
L_07_05_16_DSC00699.JPG,490,2478,565,2517,1
L_07_05_16_DSC00699.JPG,290,2336,368,2394,1
L_07_05_16_DSC00699.JPG,610,2290,687,2342,1
L_07_05_16_DSC00699.JPG,670,2152,722,2223,1
L_07_05_16_DSC00699.JPG,1198,2091,1241,2175,1
L_07_05_16_DSC00699.JPG,1388,1870,1428,1940,1
L_07_05_16_DSC00699.JPG,472,1760,534,1832,1
L_07_05_16_DSC00699.JPG,1,1882,56,1950,1
L_07_05_16_DSC00699.JPG,1164,1447,1221,1484,1
L_07_05_16_DSC00699.JPG,746,1184,790,1252,1
L_07_05_16_DSC00699.JPG,1122,800,1182,845,1
L_07_05_16_DSC00699.JPG,1070,782,1114,835,1
L_07_05_16_DSC00699.JPG,286,687,335,755,1
L_07_05_16_DSC00699.JPG,816,426,865,490,1
L_07_05_16_DSC00699.JPG,1875,723,1930,777,1
L_07_05_16_DSC00699.JPG,3522,108,3560,177,1
L_07_05_16_DSC00699.JPG,4591,1686,4614,1723,1
L_07_05_16_DSC00699.JPG,4548,1674,4598,1741,1
L_07_05_16_DSC00699.JPG,2200,1922,2235,1967,1
L_07_05_16_DSC00699.JPG,2170,1927,2218,1987,1
L_07_05_16_DSC00700.JPG,1390,3896,1435,3981,1
L_07_05_16_DSC00700.JPG,1710,3497,1750,3558,1
L_07_05_16_DSC00700.JPG,1753,3511,1816,3570,1
L_07_05_16_DSC00700.JPG,970,3441,1016,3515,1
L_07_05_16_DSC00700.JPG,1458,3164,1513,3238,1
L_07_05_16_DSC00700.JPG,2498,3420,2557,3475,1
L_07_05_16_DSC00700.JPG,200,3532,257,3588,1
L_07_05_16_DSC00700.JPG,12,3813,84,3848,1
L_07_05_16_DSC00700.JPG,372,2915,433,2976,1
L_07_05_16_DSC00700.JPG,1457,2703,1516,2736,1
L_07_05_16_DSC00700.JPG,1388,2607,1427,2686,1
L_07_05_16_DSC00700.JPG,1755,2478,1803,2553,1
L_07_05_16_DSC00700.JPG,1586,2451,1641,2527,1
L_07_05_16_DSC00700.JPG,918,2387,967,2417,1
L_07_05_16_DSC00700.JPG,340,2276,387,2313,1
L_07_05_16_DSC00700.JPG,46,2506,91,2572,1
L_07_05_16_DSC00700.JPG,126,1830,193,1868,1
L_07_05_16_DSC00700.JPG,422,1524,483,1581,1
L_07_05_16_DSC00700.JPG,1180,1763,1234,1822,1
L_07_05_16_DSC00700.JPG,1382,1548,1424,1580,1
L_07_05_16_DSC00700.JPG,1798,1928,1856,1957,1
L_07_05_16_DSC00700.JPG,1870,1911,1921,1944,1
L_07_05_16_DSC00700.JPG,1854,1962,1897,2004,1
L_07_05_16_DSC00700.JPG,2563,2043,2593,2093,1
L_07_05_16_DSC00700.JPG,2467,1758,2515,1824,1
L_07_05_16_DSC00700.JPG,2730,2432,2788,2467,1
L_07_05_16_DSC00700.JPG,2933,2457,2970,2516,1
L_07_05_16_DSC00700.JPG,1941,958,1991,1005,1
L_07_05_16_DSC00700.JPG,1870,857,1906,924,1
L_07_05_16_DSC00700.JPG,1744,812,1778,862,1
L_07_05_16_DSC00700.JPG,1706,801,1741,871,1
L_07_05_16_DSC00700.JPG,851,815,905,873,1
L_07_05_16_DSC00700.JPG,143,1321,192,1358,1
L_07_05_16_DSC00700.JPG,108,693,155,760,1
L_07_05_16_DSC00700.JPG,123,582,180,633,1
L_07_05_16_DSC00700.JPG,1131,474,1181,536,1
L_07_05_16_DSC00700.JPG,934,441,975,508,1
L_07_05_16_DSC00700.JPG,890,427,937,473,1
L_07_05_16_DSC00700.JPG,716,1,774,53,1
L_07_05_16_DSC00700.JPG,578,1,626,36,1
L_07_05_16_DSC00700.JPG,2494,408,2531,483,1
L_07_05_16_DSC00700.JPG,2613,333,2645,374,1
L_07_05_16_DSC00700.JPG,2535,322,2570,397,1
L_07_05_16_DSC00700.JPG,2836,547,2868,612,1
L_07_05_16_DSC00700.JPG,3848,301,3878,348,1
L_07_05_16_DSC00700.JPG,3846,181,3898,230,1
L_07_05_16_DSC00700.JPG,4982,91,5055,138,1
L_07_05_16_DSC00700.JPG,4625,418,4704,460,1
L_07_05_16_DSC00700.JPG,3803,2101,3855,2164,1
L_07_05_16_DSC00700.JPG,3811,1995,3861,2067,1
L_07_05_16_DSC00700.JPG,3765,2053,3813,2077,1
L_07_05_16_DSC00700.JPG,3817,2434,3851,2477,1
L_07_05_16_DSC00700.JPG,4162,2727,4197,2803,1
L_07_05_16_DSC00700.JPG,4626,1552,4695,1600,1
L_07_05_16_DSC00700.JPG,5582,1643,5674,1684,1
L_07_05_16_DSC00701.JPG,4907,3288,4995,3318,1
L_07_05_16_DSC00701.JPG,5282,2970,5323,3041,1
L_07_05_16_DSC00701.JPG,4687,2804,4725,2887,1
L_07_05_16_DSC00701.JPG,4122,2943,4176,2991,1
L_07_05_16_DSC00701.JPG,4121,3065,4153,3120,1
L_07_05_16_DSC00701.JPG,5007,2628,5047,2705,1
L_07_05_16_DSC00701.JPG,5191,1926,5228,1977,1
L_07_05_16_DSC00701.JPG,4761,1812,4825,1843,1
L_07_05_16_DSC00701.JPG,5282,1308,5345,1377,1
L_07_05_16_DSC00701.JPG,5195,1188,5241,1214,1
L_07_05_16_DSC00701.JPG,5256,1128,5330,1192,1
L_07_05_16_DSC00701.JPG,4645,1301,4701,1331,1
L_07_05_16_DSC00701.JPG,4230,1174,4258,1216,1
L_07_05_16_DSC00701.JPG,4182,1226,4231,1258,1
L_07_05_16_DSC00701.JPG,4155,952,4181,1016,1
L_07_05_16_DSC00701.JPG,3681,1135,3713,1200,1
L_07_05_16_DSC00701.JPG,3648,1565,3683,1630,1
L_07_05_16_DSC00701.JPG,3585,1531,3621,1574,1
L_07_05_16_DSC00701.JPG,3536,1567,3563,1613,1
L_07_05_16_DSC00701.JPG,3622,1738,3656,1783,1
L_07_05_16_DSC00701.JPG,5148,225,5178,278,1
L_07_05_16_DSC00701.JPG,5091,208,5152,272,1
L_07_05_16_DSC00701.JPG,5102,26,5146,68,1
L_07_05_16_DSC00701.JPG,4066,526,4096,592,1
L_07_05_16_DSC00701.JPG,2016,391,2054,450,1
L_07_05_16_DSC00701.JPG,1977,410,2022,463,1
L_07_05_16_DSC00701.JPG,1718,563,1756,627,1
L_07_05_16_DSC00701.JPG,1788,911,1831,968,1
L_07_05_16_DSC00701.JPG,1583,954,1652,1007,1
L_07_05_16_DSC00701.JPG,1245,838,1295,888,1
L_07_05_16_DSC00701.JPG,1011,706,1050,764,1
L_07_05_16_DSC00701.JPG,988,680,1023,715,1
L_07_05_16_DSC00701.JPG,1172,1032,1205,1081,1
L_07_05_16_DSC00701.JPG,2053,1226,2101,1256,1
L_07_05_16_DSC00701.JPG,1773,1347,1804,1391,1
L_07_05_16_DSC00701.JPG,1745,1413,1787,1462,1
L_07_05_16_DSC00701.JPG,937,1258,985,1318,1
L_07_05_16_DSC00701.JPG,762,1336,838,1383,1
L_07_05_16_DSC00701.JPG,718,1094,770,1165,1
L_07_05_16_DSC00701.JPG,611,761,671,797,1
L_07_05_16_DSC00701.JPG,543,716,585,772,1
L_07_05_16_DSC00701.JPG,60,1307,117,1354,1
L_07_05_16_DSC00701.JPG,571,122,601,175,1
L_07_05_16_DSC00701.JPG,530,138,572,200,1
L_07_05_16_DSC00701.JPG,367,356,407,383,1
L_07_05_16_DSC00701.JPG,321,355,367,388,1
L_07_05_16_DSC00701.JPG,247,224,293,287,1
L_07_05_16_DSC00701.JPG,921,2464,976,2523,1
L_07_05_16_DSC00701.JPG,786,2438,855,2491,1
L_07_05_16_DSC00701.JPG,691,2376,745,2431,1
L_07_05_16_DSC00701.JPG,685,2427,745,2475,1
L_07_05_16_DSC00701.JPG,1288,3013,1332,3081,1
L_07_05_16_DSC00701.JPG,1084,2948,1120,3025,1
L_07_05_16_DSC00701.JPG,1052,2927,1086,2985,1
L_07_05_16_DSC00701.JPG,945,3347,1004,3418,1
L_07_05_16_DSC00701.JPG,191,3040,261,3074,1
L_07_05_16_DSC00701.JPG,178,3151,230,3232,1
L_07_05_16_DSC00701.JPG,81,3845,138,3888,1
L_07_05_16_DSC00701.JPG,2100,3626,2146,3663,1
L_07_05_16_DSC00701.JPG,2025,3485,2055,3571,1
L_07_05_16_DSC00701.JPG,1897,3430,1928,3486,1
L_07_05_16_DSC00701.JPG,1864,3415,1897,3505,1
L_07_05_16_DSC00701.JPG,3063,3262,3091,3316,1
L_07_05_16_DSC00701.JPG,2841,2991,2877,3041,1
L_07_05_16_DSC00701.JPG,2778,3135,2816,3213,1
L_07_05_16_DSC00701.JPG,2725,3093,2756,3170,1
L_07_05_16_DSC00701.JPG,2986,1958,3055,2000,1
L_07_05_16_DSC00701.JPG,2830,2032,2854,2105,1
L_07_05_16_DSC00701.JPG,2783,2051,2816,2106,1
L_07_05_16_DSC00702.JPG,5118,3692,5187,3758,1
L_07_05_16_DSC00702.JPG,5680,3186,5744,3265,1
L_07_05_16_DSC00702.JPG,5608,3053,5674,3082,1
L_07_05_16_DSC00702.JPG,5667,3000,5731,3070,1
L_07_05_16_DSC00702.JPG,5025,3168,5066,3192,1
L_07_05_16_DSC00702.JPG,4607,3051,4642,3098,1
L_07_05_16_DSC00702.JPG,4563,3071,4604,3123,1
L_07_05_16_DSC00702.JPG,3975,3620,4010,3697,1
L_07_05_16_DSC00702.JPG,4005,3457,4036,3536,1
L_07_05_16_DSC00702.JPG,3943,3404,3975,3451,1
L_07_05_16_DSC00702.JPG,3888,3456,3922,3502,1
L_07_05_16_DSC00702.JPG,4026,3011,4077,3066,1
L_07_05_16_DSC00702.JPG,4516,2796,4557,2888,1
L_07_05_16_DSC00702.JPG,3352,3861,3418,3904,1
L_07_05_16_DSC00702.JPG,3191,3930,3225,3998,1
L_07_05_16_DSC00702.JPG,2384,3091,2436,3127,1
L_07_05_16_DSC00702.JPG,2127,3217,2157,3266,1
L_07_05_16_DSC00702.JPG,2096,3282,2142,3328,1
L_07_05_16_DSC00702.JPG,2126,2774,2168,2837,1
L_07_05_16_DSC00702.JPG,1921,2820,1973,2872,1
L_07_05_16_DSC00702.JPG,1513,2895,1544,2950,1
L_07_05_16_DSC00702.JPG,1290,3130,1333,3202,1
L_07_05_16_DSC00702.JPG,1225,3194,1261,3227,1
L_07_05_16_DSC00702.JPG,1061,2955,1118,3026,1
L_07_05_16_DSC00702.JPG,433,3172,482,3236,1
L_07_05_16_DSC00702.JPG,1561,2707,1611,2781,1
L_07_05_16_DSC00702.JPG,1325,2545,1366,2612,1
L_07_05_16_DSC00702.JPG,1313,2513,1345,2565,1
L_07_05_16_DSC00702.JPG,935,2585,971,2653,1
L_07_05_16_DSC00702.JPG,873,2556,907,2596,1
L_07_05_16_DSC00702.JPG,666,2160,710,2187,1
L_07_05_16_DSC00702.JPG,591,2167,658,2196,1
L_07_05_16_DSC00702.JPG,848,1962,892,2011,1
L_07_05_16_DSC00702.JPG,833,1936,870,2001,1
L_07_05_16_DSC00702.JPG,554,2035,608,2095,1
L_07_05_16_DSC00702.JPG,218,1725,254,1786,1
L_07_05_16_DSC00702.JPG,141,1831,190,1900,1
L_07_05_16_DSC00702.JPG,1814,1125,1860,1190,1
L_07_05_16_DSC00702.JPG,2535,1745,2568,1803,1
L_07_05_16_DSC00702.JPG,2335,2213,2376,2280,1
L_07_05_16_DSC00702.JPG,2298,2234,2340,2291,1
L_07_05_16_DSC00702.JPG,2035,2403,2076,2474,1
L_07_05_16_DSC00702.JPG,4030,1601,4094,1650,1
L_07_05_16_DSC00702.JPG,3915,1572,3952,1628,1
L_07_05_16_DSC00702.JPG,3870,1502,3917,1570,1
L_07_05_16_DSC00702.JPG,4502,1236,4532,1283,1
L_07_05_16_DSC00702.JPG,3664,827,3698,901,1
L_07_05_16_DSC00702.JPG,4745,725,4786,786,1
L_07_05_16_DSC00702.JPG,3215,1145,3256,1212,1
L_07_05_16_DSC00702.JPG,3137,1003,3178,1074,1
L_07_05_16_DSC00702.JPG,5522,1812,5563,1853,1
L_07_05_16_DSC00702.JPG,5504,2013,5573,2073,1
L_07_05_16_DSC00702.JPG,5557,2065,5591,2124,1
L_07_05_16_DSC00702.JPG,4435,2376,4477,2451,1
L_07_05_16_DSC00702.JPG,5568,3825,5617,3886,1
L_07_05_16_DSC00703.JPG,5414,3702,5446,3764,1
L_07_05_16_DSC00703.JPG,5376,3665,5423,3756,1
L_07_05_16_DSC00703.JPG,5328,3506,5372,3583,1
L_07_05_16_DSC00703.JPG,4412,3024,4457,3084,1
L_07_05_16_DSC00703.JPG,4054,3315,4131,3360,1
L_07_05_16_DSC00703.JPG,3914,3283,3958,3354,1
L_07_05_16_DSC00703.JPG,3880,3215,3922,3288,1
L_07_05_16_DSC00703.JPG,3216,3132,3247,3215,1
L_07_05_16_DSC00703.JPG,3154,2805,3202,2877,1
L_07_05_16_DSC00703.JPG,3687,2590,3726,2668,1
L_07_05_16_DSC00703.JPG,4712,2466,4745,2533,1
L_07_05_16_DSC00703.JPG,2541,3751,2575,3810,1
L_07_05_16_DSC00703.JPG,2437,3930,2477,3998,1
L_07_05_16_DSC00703.JPG,2403,3950,2446,3998,1
L_07_05_16_DSC00703.JPG,970,3727,1013,3781,1
L_07_05_16_DSC00703.JPG,950,3712,980,3784,1
L_07_05_16_DSC00703.JPG,793,3917,837,3953,1
L_07_05_16_DSC00703.JPG,711,3858,752,3947,1
L_07_05_16_DSC00703.JPG,718,3935,773,3976,1
L_07_05_16_DSC00703.JPG,301,3812,354,3886,1
L_07_05_16_DSC00703.JPG,304,3517,344,3597,1
L_07_05_16_DSC00703.JPG,1885,2903,1928,2968,1
L_07_05_16_DSC00703.JPG,4206,1790,4263,1825,1
L_07_05_16_DSC00703.JPG,4214,1134,4278,1194,1
L_07_05_16_DSC00704.JPG,4801,1671,4833,1724,1
L_07_05_16_DSC00704.JPG,4762,1680,4807,1705,1
L_07_05_16_DSC00704.JPG,4527,3431,4564,3511,1
L_07_05_16_DSC00709.JPG,3321,1743,3362,1786,3
L_07_05_16_DSC00709.JPG,3266,1770,3301,1788,3
L_07_05_16_DSC00710.JPG,3542,3286,3583,3346,3
L_07_05_16_DSC00710.JPG,3480,3308,3525,3335,3
L_07_05_16_DSC00725.JPG,5205,1817,5251,1858,3
L_07_05_16_DSC00726.JPG,5217,3207,5260,3247,3
L_07_05_16_DSC00727.JPG,5828,718,5896,758,3
L_07_05_16_DSC00728.JPG,4745,687,4791,728,3
L_07_05_16_DSC00728.JPG,4691,618,4720,661,3
L_07_05_16_DSC00728.JPG,4597,587,4646,613,3
L_07_05_16_DSC00728.JPG,3302,378,3345,425,3
L_07_05_16_DSC00729.JPG,5301,3375,5358,3421,3
L_07_05_16_DSC00729.JPG,5238,3291,5281,3341,3
L_07_05_16_DSC00729.JPG,5136,3243,5195,3290,3
L_07_05_16_DSC00729.JPG,3793,2905,3847,2950,3
L_07_05_16_DSC00729.JPG,4025,2055,4075,2118,3
L_07_05_16_DSC00729.JPG,4523,2311,4585,2358,3
L_07_05_16_DSC00729.JPG,5240,1897,5290,1931,3
L_07_05_16_DSC00729.JPG,4900,1278,4941,1317,3
L_07_05_16_DSC00729.JPG,5412,985,5446,1022,3
L_07_05_16_DSC00729.JPG,4990,268,5057,326,3
L_07_05_16_DSC00729.JPG,4725,103,4783,141,3
L_07_05_16_DSC00729.JPG,3816,983,3863,1022,3
L_07_05_16_DSC00729.JPG,2592,1950,2635,1996,3
L_07_05_16_DSC00730.JPG,4827,3665,4865,3714,3
L_07_05_16_DSC00730.JPG,5320,3383,5375,3433,3
L_07_05_16_DSC00730.JPG,3726,3306,3785,3358,3
L_07_05_16_DSC00730.JPG,4941,2601,5002,2655,3
L_07_05_16_DSC00730.JPG,4686,2404,4742,2444,3
L_07_05_16_DSC00730.JPG,4906,1457,4951,1497,3
L_07_05_16_DSC00730.JPG,5070,1321,5120,1371,3
L_07_05_16_DSC00730.JPG,5472,1327,5514,1375,3
L_07_05_16_DSC00730.JPG,5501,1192,5540,1231,3
L_07_05_16_DSC00730.JPG,5130,1221,5184,1252,3
L_07_05_16_DSC00730.JPG,5278,1608,5323,1645,3
L_07_05_16_DSC00730.JPG,5347,757,5395,792,3
L_07_05_16_DSC00730.JPG,5178,315,5217,357,3
L_07_05_16_DSC00730.JPG,4550,187,4585,237,3
L_07_05_16_DSC00730.JPG,3668,1513,3708,1567,3
L_07_05_16_DSC00730.JPG,2824,1798,2877,1831,3
L_07_05_16_DSC00730.JPG,2481,1341,2517,1390,3
L_07_05_16_DSC00730.JPG,1264,838,1295,887,3
L_07_05_16_DSC00730.JPG,1072,405,1112,441,3
L_07_05_16_DSC00730.JPG,1055,56,1087,112,3
L_07_05_16_DSC00731.JPG,5713,3468,5760,3515,3
L_07_05_16_DSC00731.JPG,5910,3152,5947,3215,3
L_07_05_16_DSC00731.JPG,5926,3008,5975,3070,3
L_07_05_16_DSC00731.JPG,5501,3051,5563,3095,3
L_07_05_16_DSC00731.JPG,5450,3166,5510,3226,3
L_07_05_16_DSC00731.JPG,5275,3330,5330,3385,3
L_07_05_16_DSC00731.JPG,3958,3467,3995,3530,3
L_07_05_16_DSC00731.JPG,3103,3815,3150,3861,3
L_07_05_16_DSC00731.JPG,2708,3342,2752,3397,3
L_07_05_16_DSC00731.JPG,1441,2858,1468,2920,3
L_07_05_16_DSC00731.JPG,1211,2395,1261,2437,3
L_07_05_16_DSC00731.JPG,1173,2032,1210,2072,3
L_07_05_16_DSC00731.JPG,1143,1627,1176,1687,3
L_07_05_16_DSC00731.JPG,998,1380,1032,1426,3
L_07_05_16_DSC00731.JPG,3422,1595,3448,1656,3
L_07_05_16_DSC00731.JPG,3356,1882,3383,1923,3
L_07_05_16_DSC00731.JPG,4833,1943,4872,1990,3
L_07_05_16_DSC00731.JPG,5533,2052,5598,2093,3
L_07_05_16_DSC00731.JPG,5716,2522,5777,2556,3
L_07_05_16_DSC00731.JPG,4512,0,4536,25,3
L_07_05_16_DSC00732.JPG,5142,3928,5185,3997,3
L_07_05_16_DSC00732.JPG,3632,3617,3672,3672,3
L_07_05_16_DSC00732.JPG,3597,3917,3630,3962,3
L_07_05_16_DSC00732.JPG,1147,3471,1185,3535,3
L_07_05_16_DSC00732.JPG,1313,3750,1350,3800,3
L_07_05_16_DSC00732.JPG,737,1340,773,1381,3
L_07_05_16_DSC00732.JPG,1711,771,1765,808,3
L_07_05_16_DSC00732.JPG,1850,672,1887,720,3
L_07_05_16_DSC00732.JPG,1753,380,1798,415,3
L_07_05_16_DSC00732.JPG,4532,1123,4567,1186,3
L_07_05_16_DSC00732.JPG,4712,1405,4747,1470,3
L_07_05_16_DSC00732.JPG,5591,1076,5627,1138,3
L_07_05_16_DSC00733.JPG,4717,3298,4753,3352,3
L_07_05_16_DSC00733.JPG,4481,2970,4535,3000,3
L_07_05_16_DSC00733.JPG,5494,2854,5546,2910,3
L_07_05_16_DSC00733.JPG,5593,2358,5661,2401,3
L_07_05_16_DSC00733.JPG,5547,1604,5583,1623,3
L_07_05_16_DSC00733.JPG,5396,1677,5433,1717,3
L_07_05_16_DSC00733.JPG,5765,1310,5817,1338,3
L_07_05_16_DSC00733.JPG,5658,1215,5694,1252,3
L_07_05_16_DSC00733.JPG,5563,1235,5608,1277,3
L_07_05_16_DSC00733.JPG,5527,1198,5593,1235,3
L_07_05_16_DSC00733.JPG,4535,1276,4574,1307,3
L_07_05_16_DSC00733.JPG,4210,1055,4244,1104,3
L_07_05_16_DSC00733.JPG,4242,1033,4266,1064,3
L_07_05_16_DSC00733.JPG,4314,935,4343,974,3
L_07_05_16_DSC00733.JPG,5756,700,5794,722,3
L_07_05_16_DSC00733.JPG,5080,421,5135,450,3
L_07_05_16_DSC00733.JPG,3311,316,3361,354,3
L_07_05_16_DSC00733.JPG,1710,2330,1753,2362,3
L_07_05_16_DSC00733.JPG,1827,2650,1860,2711,3
L_07_05_16_DSC00733.JPG,1682,2756,1735,2798,3
L_07_05_16_DSC00733.JPG,651,3362,700,3412,3
L_07_05_16_DSC00733.JPG,1885,1284,1923,1325,3
L_07_05_16_DSC00733.JPG,1823,1234,1852,1265,3
L_07_05_16_DSC00733.JPG,1745,1093,1777,1162,3
L_07_05_16_DSC00733.JPG,1700,1063,1753,1102,3
L_07_05_16_DSC00733.JPG,1657,1160,1698,1193,3
L_07_05_16_DSC00733.JPG,1468,441,1511,476,3
L_07_05_16_DSC00733.JPG,671,156,713,230,3
L_07_05_16_DSC00734.JPG,5707,3772,5752,3825,3
L_07_05_16_DSC00734.JPG,5881,3707,5930,3757,3
L_07_05_16_DSC00734.JPG,5915,3312,5947,3376,3
L_07_05_16_DSC00734.JPG,5865,3271,5921,3326,3
L_07_05_16_DSC00734.JPG,4796,3302,4846,3340,3
L_07_05_16_DSC00734.JPG,4481,3058,4511,3121,3
L_07_05_16_DSC00734.JPG,4507,3020,4535,3061,3
L_07_05_16_DSC00734.JPG,4590,2922,4618,2965,3
L_07_05_16_DSC00734.JPG,5420,2420,5473,2446,3
L_07_05_16_DSC00734.JPG,5715,1910,5753,1965,3
L_07_05_16_DSC00734.JPG,4830,1890,4860,1920,3
L_07_05_16_DSC00734.JPG,4878,1721,4916,1775,3
L_07_05_16_DSC00734.JPG,4385,1050,4418,1103,3
L_07_05_16_DSC00734.JPG,3600,2251,3633,2278,3
L_07_05_16_DSC00734.JPG,2103,3180,2150,3228,3
L_07_05_16_DSC00734.JPG,2040,3121,2077,3162,3
L_07_05_16_DSC00734.JPG,1926,2941,1980,2982,3
L_07_05_16_DSC00734.JPG,1965,2992,2006,3047,3
L_07_05_16_DSC00734.JPG,1880,3041,1916,3076,3
L_07_05_16_DSC00734.JPG,1705,2281,1753,2321,3
L_07_05_16_DSC00734.JPG,183,2733,218,2787,3
L_07_05_16_DSC00734.JPG,32,2796,73,2853,3
L_07_05_16_DSC00734.JPG,861,1291,905,1350,3
L_07_05_16_DSC00735.JPG,1010,3052,1052,3100,3
L_07_05_16_DSC00735.JPG,5101,3796,5133,3839,3
L_07_05_16_DSC00735.JPG,5163,3628,5205,3685,3
L_07_05_16_DSC00735.JPG,4644,2937,4682,2994,3
L_07_05_16_DSC00739.JPG,630,597,667,652,3
L_07_05_16_DSC00739.JPG,1000,253,1042,302,3
L_07_05_16_DSC00739.JPG,693,387,740,433,3
L_07_05_16_DSC00739.JPG,823,137,877,172,3
L_07_05_16_DSC00739.JPG,291,163,335,217,3
L_07_05_16_DSC00740.JPG,1123,2166,1150,2210,3
L_07_05_16_DSC00740.JPG,949,2044,998,2077,3
L_07_05_16_DSC00740.JPG,817,2316,864,2358,3
L_07_05_16_DSC00740.JPG,763,2536,795,2579,3
L_07_05_16_DSC00740.JPG,409,2103,452,2146,3
L_07_05_16_DSC00740.JPG,467,1899,524,1941,3
L_07_05_16_DSC00740.JPG,185,1872,235,1917,3
L_07_05_16_DSC00741.JPG,2765,1567,2812,1602,3
L_07_05_16_DSC00741.JPG,2568,1693,2611,1738,3
L_07_05_16_DSC00741.JPG,2498,1706,2537,1752,3
L_07_05_16_DSC00741.JPG,2025,462,2066,501,3
L_07_05_16_DSC00741.JPG,760,3881,820,3932,3
L_07_05_16_DSC00741.JPG,248,3705,308,3753,3
L_07_05_16_DSC00741.JPG,156,3931,207,3975,3
L_07_05_16_DSC00742.JPG,2485,2119,2542,2166,3
L_07_05_16_DSC00742.JPG,2407,2652,2460,2700,3
L_07_05_16_DSC00742.JPG,3175,3821,3232,3868,3
L_07_05_16_DSC00742.JPG,2979,3952,3022,3998,3
L_07_05_16_DSC00742.JPG,2917,3965,2956,3998,3
L_07_05_16_DSC00742.JPG,737,1022,800,1058,3
L_07_05_16_DSC00742.JPG,385,1193,437,1229,3
L_07_05_16_DSC00742.JPG,277,1331,329,1368,3
L_07_05_16_DSC00742.JPG,640,566,704,604,3
L_07_05_16_DSC00742.JPG,1980,184,2049,214,3
L_07_05_16_DSC00743.JPG,1447,2201,1512,2243,3
L_07_05_16_DSC00743.JPG,438,2298,512,2325,3
L_07_05_16_DSC00743.JPG,32,3132,106,3178,3
L_07_05_16_DSC00744.JPG,23,2080,75,2127,3
L_07_05_16_DSC00744.JPG,131,1965,175,2003,3
L_07_05_16_DSC00744.JPG,111,1905,161,1947,3
L_07_05_16_DSC00744.JPG,10,1926,67,1975,3
L_07_05_16_DSC00744.JPG,0,1898,26,1927,3
L_07_05_16_DSC00744.JPG,91,1822,142,1860,3
L_07_05_16_DSC00744.JPG,297,1822,356,1866,3
L_07_05_16_DSC00744.JPG,225,1832,291,1873,3
L_07_05_16_DSC00744.JPG,263,1766,312,1800,3
L_07_05_16_DSC00744.JPG,415,1651,461,1686,3
L_07_05_16_DSC00744.JPG,287,1565,332,1600,3
L_07_05_16_DSC00744.JPG,670,1473,726,1508,3
L_07_05_16_DSC00744.JPG,552,1340,622,1382,3
L_07_05_16_DSC00744.JPG,755,1065,836,1105,3
L_07_05_16_DSC00744.JPG,1272,916,1336,958,3
L_07_05_16_DSC00744.JPG,1055,438,1097,500,3
L_07_05_16_DSC00744.JPG,1002,433,1050,467,3
L_07_05_16_DSC00744.JPG,1013,330,1070,396,3
L_07_05_16_DSC00744.JPG,730,235,800,271,3
L_07_05_16_DSC00745.JPG,1291,2260,1328,2316,3
L_07_05_16_DSC00745.JPG,1232,2252,1283,2281,3
L_07_05_16_DSC00745.JPG,1135,2133,1190,2178,3
L_07_05_16_DSC00745.JPG,332,2591,378,2645,3
L_07_05_16_DSC00745.JPG,168,2365,221,2433,3
L_07_05_16_DSC00745.JPG,698,3190,751,3234,3
L_07_05_16_DSC00745.JPG,267,3607,325,3662,3
L_07_05_16_DSC00745.JPG,151,3593,224,3647,3
L_07_05_16_DSC00745.JPG,176,3761,258,3822,3
L_07_05_16_DSC00745.JPG,0,3756,36,3815,3
L_07_05_16_DSC00746.JPG,1007,651,1081,682,3
L_07_05_16_DSC00746.JPG,410,380,466,417,3
L_07_05_16_DSC00746.JPG,747,70,822,115,3
L_07_05_16_DSC00747.JPG,518,2673,595,2696,3
L_07_05_16_DSC00747.JPG,340,2060,402,2100,3
L_07_05_16_DSC00747.JPG,0,2435,45,2472,3
L_07_05_16_DSC00769.JPG,3655,1079,3695,1114,4
L_07_05_16_DSC00769.JPG,3627,1102,3666,1125,4
L_07_05_16_DSC00769.JPG,3542,1037,3571,1073,4
L_07_05_16_DSC00769.JPG,1986,1042,2029,1082,4
L_07_05_16_DSC00770.JPG,3751,3031,3786,3070,4
L_07_05_16_DSC00770.JPG,3733,3047,3762,3083,4
L_07_05_16_DSC00770.JPG,3659,3006,3696,3031,4
L_07_05_16_DSC00770.JPG,2184,2915,2244,2952,4
L_07_05_16_DSC00781.JPG,2150,1425,2226,1463,2
L_07_05_16_DSC00782.JPG,2496,3437,2571,3481,2
L_09_05_16_DSC09572.JPG,3404,1239,3487,1337,2
L_09_05_16_DSC09573.JPG,2724,1103,2784,1165,5
L_09_05_16_DSC09573.JPG,1908,754,1975,813,5
L_09_05_16_DSC09573.JPG,1620,726,1710,772,5
L_09_05_16_DSC09573.JPG,1822,515,1865,575,5
L_09_05_16_DSC09573.JPG,1801,354,1845,401,5
L_09_05_16_DSC09573.JPG,1895,305,1933,352,5
L_09_05_16_DSC09573.JPG,1841,30,1904,85,5
L_09_05_16_DSC09573.JPG,1773,165,1820,222,5
L_09_05_16_DSC09574.JPG,2420,3551,2460,3608,5
L_09_05_16_DSC09574.JPG,1621,3165,1686,3218,5
L_09_05_16_DSC09574.JPG,1313,3072,1378,3142,5
L_09_05_16_DSC09574.JPG,1531,2932,1578,2985,5
L_09_05_16_DSC09574.JPG,1500,2746,1536,2793,5
L_09_05_16_DSC09574.JPG,1601,2695,1631,2750,5
L_09_05_16_DSC09574.JPG,1543,2442,1611,2495,5
L_09_05_16_DSC09574.JPG,1412,2422,1442,2486,5
L_09_05_16_DSC09574.JPG,1532,2195,1597,2220,5
L_09_05_16_DSC09614.JPG,631,576,736,673,2
L_09_05_16_DSC09614.JPG,135,248,205,326,2
L_09_05_16_DSC09615.JPG,376,2771,473,2858,2
L_09_05_16_DSC09631.JPG,5263,575,5333,632,3
L_09_05_16_DSC09631.JPG,4761,461,4817,495,3
L_09_05_16_DSC09632.JPG,4915,1815,4996,1857,3
L_09_05_16_DSC09632.JPG,5148,2951,5222,3000,3
L_09_05_16_DSC09632.JPG,4691,2785,4731,2826,3
L_09_05_16_DSC09676.JPG,4506,2052,4547,2112,3
L_09_05_16_DSC09682.JPG,1113,903,1181,951,1
L_09_05_16_DSC09682.JPG,857,1075,935,1105,1
L_09_05_16_DSC09683.JPG,1153,3196,1216,3262,1
L_09_05_16_DSC09683.JPG,898,3378,970,3416,1
L_09_05_16_DSC09684.JPG,5465,1053,5535,1111,1
L_09_05_16_DSC09684.JPG,1812,1346,1882,1380,1
L_09_05_16_DSC09684.JPG,1753,915,1818,967,1
L_09_05_16_DSC09685.JPG,5442,3478,5507,3548,1
L_09_05_16_DSC09685.JPG,1801,3732,1872,3762,1
L_09_05_16_DSC09685.JPG,1737,3305,1793,3346,1
L_09_05_16_DSC09685.JPG,1063,2211,1123,2252,1
L_09_05_16_DSC09690.JPG,1201,747,1285,805,1
L_09_05_16_DSC09691.JPG,1292,3176,1360,3248,1
L_09_05_16_DSC09691.JPG,5161,538,5288,637,2
L_09_05_16_DSC09691.JPG,4720,351,4847,407,2
L_09_05_16_DSC09692.JPG,4785,3000,4912,3067,2
L_09_05_16_DSC09692.JPG,5178,3185,5303,3283,2
L_09_05_16_DSC09696.JPG,3720,432,3782,495,1
L_09_05_16_DSC09697.JPG,4016,2994,4090,3067,1
L_09_05_16_DSC09707.JPG,4170,552,4226,608,4
L_09_05_16_DSC09708.JPG,4277,3042,4322,3095,4
L_09_05_16_DSC09719.JPG,3629,502,3662,546,4
L_09_05_16_DSC09719.JPG,3618,505,3633,539,4
L_09_05_16_DSC09719.JPG,3479,378,3517,396,4
L_09_05_16_DSC09719.JPG,3490,354,3504,381,4
L_09_05_16_DSC09719.JPG,3471,360,3489,381,4
L_09_05_16_DSC09746.JPG,4313,955,4386,1022,1
L_09_05_16_DSC09746.JPG,4185,887,4220,967,1
L_09_05_16_DSC09747.JPG,4582,3416,4650,3460,1
L_09_05_16_DSC09747.JPG,4450,3327,4493,3406,1
L_09_05_16_DSC09754.JPG,4070,2246,4096,2275,4
L_09_05_16_DSC09754.JPG,4061,2248,4086,2291,4
L_09_05_16_DSC09754.JPG,4010,2246,4031,2287,4
L_09_05_16_DSC09754.JPG,4060,2204,4078,2230,4
L_09_05_16_DSC09754.JPG,4070,2016,4097,2055,4
L_09_05_16_DSC09754.JPG,3921,1651,3949,1713,4
L_09_05_16_DSC09754.JPG,1218,2265,1252,2320,4
L_09_05_16_DSC09760.JPG,1145,1051,1177,1103,4
L_09_05_16_DSC09760.JPG,1110,1107,1141,1131,4
L_09_05_16_DSC09760.JPG,1091,453,1114,500,4
L_09_05_16_DSC09761.JPG,1420,3177,1448,3210,4
L_09_05_16_DSC09761.JPG,1391,3225,1431,3270,4
L_09_05_16_DSC09761.JPG,1304,3388,1332,3408,4
L_09_05_16_DSC09761.JPG,1280,2651,1302,2701,4
L_09_05_16_DSC09776.JPG,5382,1028,5456,1071,1
L_09_05_16_DSC09776.JPG,5511,691,5552,772,1
L_09_05_16_DSC09777.JPG,5577,3045,5640,3112,1
L_09_05_16_DSC09777.JPG,5457,3357,5552,3400,1
L_09_05_16_DSC09870.JPG,1843,82,1902,145,5
L_09_05_16_DSC09870.JPG,1653,185,1697,268,5
L_09_05_16_DSC09870.JPG,1512,251,1567,302,5
L_09_05_16_DSC09870.JPG,1493,207,1541,282,5
L_09_05_16_DSC09871.JPG,2011,2050,2063,2112,5
L_09_05_16_DSC09871.JPG,1865,2077,1921,2133,5
L_09_05_16_DSC09871.JPG,1731,2095,1786,2151,5
L_09_05_16_DSC09871.JPG,1681,2221,1736,2257,5
L_09_05_16_DSC09871.JPG,2790,410,2819,447,4
L_09_05_16_DSC09872.JPG,2990,2419,3016,2456,4
L_09_05_16_DSC09879.JPG,4854,406,4894,462,4
L_09_05_16_DSC09879.JPG,5628,732,5690,763,4
L_09_05_16_DSC09879.JPG,5960,482,5990,533,4
L_09_05_16_DSC09880.JPG,5081,2423,5125,2488,4
L_09_05_16_DSC09880.JPG,5855,2776,5924,2806,4
L_09_05_16_DSC09959.JPG,5826,1200,5872,1251,3
L_09_05_16_DSC09960.JPG,5890,3497,5938,3557,3
L_09_05_16_DSC09962.JPG,4547,1308,4641,1335,1
L_09_05_16_DSC09963.JPG,4823,3647,4922,3688,1
L_09_05_16_DSC09964.JPG,2529,281,2578,319,3
L_09_05_16_DSC09965.JPG,2311,2317,2363,2366,3
L_09_05_16_DSC09965.JPG,2022,140,2053,187,3
L_09_05_16_DSC09965.JPG,1067,101,1112,162,3
L_09_05_16_DSC09966.JPG,2092,2505,2118,2540,3
L_09_05_16_DSC09966.JPG,1147,2463,1183,2526,3
L_09_05_16_DSC09967.JPG,2003,1247,2076,1277,3
L_09_05_16_DSC09968.JPG,2006,3553,2077,3581,3
L_09_05_16_DSC09968.JPG,2237,1782,2301,1812,4
L_09_05_16_DSC09968.JPG,3223,2092,3260,2133,4
L_09_05_16_DSC09968.JPG,3262,2041,3309,2084,4
L_09_05_16_DSC09968.JPG,3230,2055,3261,2097,4
L_09_05_16_DSC09968.JPG,3201,2049,3232,2101,4
L_09_05_16_DSC09972.JPG,3416,728,3473,776,3
L_09_05_16_DSC09973.JPG,3396,3021,3447,3065,3
L_09_05_16_DSC09975.JPG,5528,2293,5585,2333,3
L_09_05_16_DSC09975.JPG,5467,2402,5503,2437,3
L_09_05_16_DSC09978.JPG,1092,1353,1150,1421,1
L_09_05_16_DSC09978.JPG,443,1970,491,2022,1
L_09_05_16_DSC09979.JPG,1151,3715,1216,3788,1
L_09_05_16_DSC09982.JPG,2128,1759,2168,1830,3
L_09_05_16_DSC09989.JPG,353,2907,432,2972,1
L_09_05_16_DSC09992.JPG,436,3888,495,3916,1
L_09_05_16_DSC09993.JPG,2338,1651,2362,1685,5
L_09_05_16_DSC09994.JPG,2414,516,2475,567,3
L_09_05_16_DSC09995.JPG,3237,1587,3263,1651,3
L_09_05_16_DSC09995.JPG,3250,1649,3279,1672,3
L_09_05_16_DSC09995.JPG,2306,2705,2354,2747,3
L_09_05_16_DSC09996.JPG,3287,3745,3315,3811,3
L_09_05_16_DSC09996.JPG,3296,3814,3331,3840,3
L_09_05_16_DSC10021.JPG,2821,384,2856,451,3
L_09_05_16_DSC10021.JPG,2664,607,2702,671,3
L_09_05_16_DSC10021.JPG,2657,721,2685,778,3
L_09_05_16_DSC10021.JPG,2271,514,2310,562,3
L_09_05_16_DSC10021.JPG,688,1140,745,1170,3
L_09_05_16_DSC10021.JPG,536,1147,584,1184,3
L_09_05_16_DSC10021.JPG,130,1301,180,1336,3
L_09_05_16_DSC10021.JPG,12,1251,81,1313,3
L_09_05_16_DSC10021.JPG,91,1344,130,1397,3
L_09_05_16_DSC10021.JPG,1,1413,78,1448,3
L_09_05_16_DSC10022.JPG,2754,215,2807,258,3
L_09_05_16_DSC10022.JPG,2417,272,2458,323,3
L_09_05_16_DSC10022.JPG,2206,370,2264,428,3
L_09_05_16_DSC10022.JPG,2078,453,2135,482,3
L_09_05_16_DSC10022.JPG,2744,376,2792,428,3
L_09_05_16_DSC10022.JPG,2643,414,2683,462,3
L_09_05_16_DSC10022.JPG,2867,446,2921,485,3
L_09_05_16_DSC10022.JPG,2811,481,2850,535,3
L_09_05_16_DSC10022.JPG,2924,574,2977,614,3
L_09_05_16_DSC10022.JPG,3282,1028,3332,1067,3
L_09_05_16_DSC10022.JPG,3037,1087,3085,1122,3
L_09_05_16_DSC10022.JPG,1955,1360,1994,1427,3
L_09_05_16_DSC10022.JPG,1775,1495,1810,1542,3
L_09_05_16_DSC10022.JPG,1480,1363,1530,1397,3
L_09_05_16_DSC10022.JPG,1947,1754,2005,1791,3
L_09_05_16_DSC10022.JPG,1714,1885,1745,1937,3
L_09_05_16_DSC10022.JPG,1601,2070,1638,2118,3
L_09_05_16_DSC10022.JPG,1458,1800,1506,1832,3
L_09_05_16_DSC10022.JPG,1355,1675,1408,1716,3
L_09_05_16_DSC10022.JPG,1187,1683,1234,1737,3
L_09_05_16_DSC10022.JPG,1326,1858,1378,1924,3
L_09_05_16_DSC10022.JPG,682,2097,725,2135,3
L_09_05_16_DSC10022.JPG,286,1228,330,1277,3
L_09_05_16_DSC10022.JPG,488,3793,533,3828,3
L_09_05_16_DSC10022.JPG,328,3796,384,3852,3
L_09_05_16_DSC10022.JPG,2631,3045,2663,3104,3
L_09_05_16_DSC10022.JPG,2475,3251,2513,3318,3
L_09_05_16_DSC10022.JPG,2466,3383,2504,3452,3
L_09_05_16_DSC10022.JPG,2083,3153,2126,3208,3
L_09_05_16_DSC10022.JPG,2962,2338,2995,2402,3
L_09_05_16_DSC10023.JPG,3161,2188,3228,2222,3
L_09_05_16_DSC10023.JPG,2835,2847,2884,2882,3
L_09_05_16_DSC10023.JPG,2492,2918,2538,2966,3
L_09_05_16_DSC10023.JPG,2835,3005,2883,3060,3
L_09_05_16_DSC10023.JPG,2964,3070,3031,3111,3
L_09_05_16_DSC10023.JPG,2913,3111,2951,3180,3
L_09_05_16_DSC10023.JPG,3033,3201,3085,3251,3
L_09_05_16_DSC10023.JPG,2294,3041,2352,3087,3
L_09_05_16_DSC10023.JPG,2173,3115,2221,3148,3
L_09_05_16_DSC10023.JPG,2733,3048,2785,3106,3
L_09_05_16_DSC10023.JPG,3424,3647,3480,3696,3
L_09_05_16_DSC10023.JPG,3185,3717,3235,3767,3
L_09_05_16_DSC10023.JPG,623,2638,675,2684,3
L_09_05_16_DSC10023.JPG,667,2237,717,2281,3
L_09_05_16_DSC10023.JPG,98,2532,153,2592,3
L_09_05_16_DSC10023.JPG,140,2770,196,2818,3
L_09_05_16_DSC10032.JPG,5792,2281,5861,2347,1
L_09_05_16_DSC10033.JPG,3882,180,3931,281,2
L_09_05_16_DSC10033.JPG,4538,127,4582,216,2
L_09_05_16_DSC10033.JPG,4496,141,4545,255,2
L_09_05_16_DSC10033.JPG,4478,240,4505,316,2
L_09_05_16_DSC10033.JPG,4432,221,4490,333,2
L_09_05_16_DSC10033.JPG,4423,395,4506,488,2
L_09_05_16_DSC10033.JPG,4470,573,4547,627,2
L_09_05_16_DSC10033.JPG,4481,625,4596,702,2
L_09_05_16_DSC10033.JPG,4956,280,5021,330,2
L_09_05_16_DSC10033.JPG,4901,302,4978,382,2
L_09_05_16_DSC10033.JPG,5261,117,5381,187,2
L_09_05_16_DSC10033.JPG,5216,161,5302,235,2
L_09_05_16_DSC10033.JPG,5255,247,5366,310,2
L_09_05_16_DSC10033.JPG,5226,366,5330,475,2
L_09_05_16_DSC10033.JPG,5450,402,5576,463,2
L_09_05_16_DSC10033.JPG,5837,492,5961,576,2
L_09_05_16_DSC10033.JPG,5357,557,5466,621,2
L_09_05_16_DSC10033.JPG,5323,590,5440,661,2
L_09_05_16_DSC10033.JPG,5142,596,5238,693,2
L_09_05_16_DSC10033.JPG,4982,646,5097,718,2
L_09_05_16_DSC10033.JPG,5118,690,5190,773,2
L_09_05_16_DSC10033.JPG,5390,726,5497,803,2
L_09_05_16_DSC10033.JPG,5298,732,5406,817,2
L_09_05_16_DSC10034.JPG,1664,152,1736,196,2
L_09_05_16_DSC10034.JPG,840,769,914,820,2
L_09_05_16_DSC10034.JPG,888,790,968,875,2
L_09_05_16_DSC10034.JPG,1517,885,1598,933,2
L_09_05_16_DSC10034.JPG,453,1375,545,1447,2
L_09_05_16_DSC10034.JPG,417,1381,486,1451,2
L_09_05_16_DSC10034.JPG,397,1425,466,1491,2
L_09_05_16_DSC10034.JPG,348,1457,422,1552,2
L_09_05_16_DSC10034.JPG,308,1488,355,1552,2
L_09_05_16_DSC10034.JPG,210,1540,338,1606,2
L_09_05_16_DSC10034.JPG,275,1575,391,1664,2
L_09_05_16_DSC10034.JPG,1432,1530,1511,1613,2
L_09_05_16_DSC10034.JPG,2676,523,2769,594,2
L_09_05_16_DSC10034.JPG,2485,559,2582,613,2
L_09_05_16_DSC10034.JPG,2359,588,2424,660,2
L_09_05_16_DSC10034.JPG,2509,603,2589,656,2
L_09_05_16_DSC10034.JPG,2540,649,2601,747,2
L_09_05_16_DSC10034.JPG,2359,686,2480,743,2
L_09_05_16_DSC10034.JPG,2284,698,2352,763,2
L_09_05_16_DSC10034.JPG,2461,731,2511,785,2
L_09_05_16_DSC10034.JPG,2421,754,2490,803,2
L_09_05_16_DSC10034.JPG,2380,737,2419,771,2
L_09_05_16_DSC10034.JPG,2368,760,2422,805,2
L_09_05_16_DSC10034.JPG,2315,722,2397,782,2
L_09_05_16_DSC10034.JPG,2293,784,2395,868,2
L_09_05_16_DSC10034.JPG,2392,790,2492,865,2
L_09_05_16_DSC10034.JPG,2534,918,2589,962,2
L_09_05_16_DSC10034.JPG,2552,928,2632,1010,2
L_09_05_16_DSC10034.JPG,2839,1560,2928,1645,2
L_09_05_16_DSC10034.JPG,2904,1619,2988,1682,2
L_09_05_16_DSC10034.JPG,2931,1686,3011,1749,2
L_09_05_16_DSC10034.JPG,2971,1733,3065,1824,2
L_09_05_16_DSC10034.JPG,2909,1716,2971,1807,2
L_09_05_16_DSC10034.JPG,2839,1698,2906,1788,2
L_09_05_16_DSC10034.JPG,2773,1727,2852,1795,2
L_09_05_16_DSC10034.JPG,2660,1701,2736,1748,2
L_09_05_16_DSC10034.JPG,2704,1708,2767,1805,2
L_09_05_16_DSC10034.JPG,2744,1767,2831,1831,2
L_09_05_16_DSC10034.JPG,2809,1828,2877,1873,2
L_09_05_16_DSC10034.JPG,2836,1789,2913,1833,2
L_09_05_16_DSC10034.JPG,2746,1799,2791,1895,2
L_09_05_16_DSC10034.JPG,2979,1912,3076,1960,2
L_09_05_16_DSC10034.JPG,3103,1630,3165,1702,2
L_09_05_16_DSC10034.JPG,3144,1666,3228,1728,2
L_09_05_16_DSC10034.JPG,3157,1643,3206,1680,2
L_09_05_16_DSC10034.JPG,3348,1616,3400,1648,2
L_09_05_16_DSC10034.JPG,3353,1640,3429,1724,2
L_09_05_16_DSC10034.JPG,3266,1662,3332,1730,2
L_09_05_16_DSC10034.JPG,3277,1747,3323,1811,2
L_09_05_16_DSC10034.JPG,3312,1723,3360,1814,2
L_09_05_16_DSC10034.JPG,3356,1741,3419,1835,2
L_09_05_16_DSC10034.JPG,3346,1924,3391,2002,2
L_09_05_16_DSC10034.JPG,3035,1990,3144,2036,2
L_09_05_16_DSC10034.JPG,3650,1685,3710,1778,2
L_09_05_16_DSC10034.JPG,3960,1738,4055,1789,2
L_09_05_16_DSC10034.JPG,3945,1737,3963,1764,2
L_09_05_16_DSC10034.JPG,3904,1741,3973,1834,2
L_09_05_16_DSC10034.JPG,3962,1783,4044,1863,2
L_09_05_16_DSC10034.JPG,4017,1808,4060,1883,2
L_09_05_16_DSC10034.JPG,3925,1833,4005,1881,2
L_09_05_16_DSC10034.JPG,3859,1819,3947,1890,2
L_09_05_16_DSC10034.JPG,3839,1825,3867,1852,2
L_09_05_16_DSC10034.JPG,3795,1863,3895,1916,2
L_09_05_16_DSC10034.JPG,3873,1895,3922,1946,2
L_09_05_16_DSC10034.JPG,3829,1936,3892,1993,2
L_09_05_16_DSC10034.JPG,3895,1920,3952,1989,2
L_09_05_16_DSC10034.JPG,3863,1993,3908,2039,2
L_09_05_16_DSC10034.JPG,3954,1932,4017,2027,2
L_09_05_16_DSC10034.JPG,3962,1979,4025,2033,2
L_09_05_16_DSC10034.JPG,3993,1996,4057,2082,2
L_09_05_16_DSC10034.JPG,4108,1983,4154,2035,2
L_09_05_16_DSC10034.JPG,4054,1965,4119,2066,2
L_09_05_16_DSC10034.JPG,3904,2058,3968,2179,2
L_09_05_16_DSC10034.JPG,3955,2073,4031,2147,2
L_09_05_16_DSC10034.JPG,3964,2121,4026,2185,2
L_09_05_16_DSC10034.JPG,4028,2082,4094,2180,2
L_09_05_16_DSC10034.JPG,3860,2194,3931,2291,2
L_09_05_16_DSC10034.JPG,3698,2265,3798,2317,2
L_09_05_16_DSC10034.JPG,3649,2280,3703,2305,2
L_09_05_16_DSC10034.JPG,3996,2370,4036,2423,2
L_09_05_16_DSC10034.JPG,3903,2360,3952,2466,2
L_09_05_16_DSC10034.JPG,3828,2397,3898,2472,2
L_09_05_16_DSC10034.JPG,3801,2346,3897,2425,2
L_09_05_16_DSC10034.JPG,4835,2175,4931,2224,2
L_09_05_16_DSC10034.JPG,4946,2187,5054,2239,2
L_09_05_16_DSC10034.JPG,4952,2226,5043,2302,2
L_09_05_16_DSC10034.JPG,4926,2259,4995,2340,2
L_09_05_16_DSC10034.JPG,4759,2232,4855,2289,2
L_09_05_16_DSC10034.JPG,4558,2243,4658,2310,2
L_09_05_16_DSC10034.JPG,4832,2285,4918,2364,2
L_09_05_16_DSC10034.JPG,4785,2338,4895,2420,2
L_09_05_16_DSC10034.JPG,4585,2335,4643,2433,2
L_09_05_16_DSC10034.JPG,4734,2465,4821,2566,2
L_09_05_16_DSC10034.JPG,3769,2830,3821,2930,2
L_09_05_16_DSC10034.JPG,4391,2812,4464,2861,2
L_09_05_16_DSC10034.JPG,4378,2874,4436,2965,2
L_09_05_16_DSC10034.JPG,4356,2916,4401,2983,2
L_09_05_16_DSC10034.JPG,4327,2913,4378,3023,2
L_09_05_16_DSC10034.JPG,4321,3040,4377,3085,2
L_09_05_16_DSC10034.JPG,4356,3110,4425,3193,2
L_09_05_16_DSC10034.JPG,4431,3287,4510,3330,2
L_09_05_16_DSC10034.JPG,4394,3304,4519,3375,2
L_09_05_16_DSC10034.JPG,4817,2940,4867,2992,2
L_09_05_16_DSC10034.JPG,4773,2956,4844,3047,2
L_09_05_16_DSC10034.JPG,5059,2831,5155,2898,2
L_09_05_16_DSC10034.JPG,5140,2793,5234,2833,2
L_09_05_16_DSC10034.JPG,5116,2928,5226,2981,2
L_09_05_16_DSC10034.JPG,5173,3110,5264,3192,2
L_09_05_16_DSC10034.JPG,5210,3187,5323,3262,2
L_09_05_16_DSC10034.JPG,5177,3226,5283,3292,2
L_09_05_16_DSC10034.JPG,5002,3246,5103,3325,2
L_09_05_16_DSC10034.JPG,4973,3319,5055,3416,2
L_09_05_16_DSC10034.JPG,4857,3291,4951,3341,2
L_09_05_16_DSC10034.JPG,5242,3359,5366,3424,2
L_09_05_16_DSC10034.JPG,5174,3392,5257,3471,2
L_09_05_16_DSC10034.JPG,5470,2990,5597,3045,2
L_09_05_16_DSC10034.JPG,5737,3184,5885,3242,2
L_09_05_16_DSC10035.JPG,2763,2179,2838,2295,2
L_09_05_16_DSC10035.JPG,2098,2434,2164,2530,2
L_09_05_16_DSC10035.JPG,2061,2474,2117,2541,2
L_09_05_16_DSC10035.JPG,2014,2453,2088,2500,2
L_09_05_16_DSC10035.JPG,1989,2418,2061,2493,2
L_09_05_16_DSC10035.JPG,1744,2744,1792,2801,2
L_09_05_16_DSC10035.JPG,105,2617,220,2669,2
L_09_05_16_DSC10035.JPG,866,3309,972,3357,2
L_09_05_16_DSC10035.JPG,912,3352,997,3417,2
L_09_05_16_DSC10035.JPG,1535,3427,1644,3477,2
L_09_05_16_DSC10035.JPG,479,3905,538,3982,2
L_09_05_16_DSC10035.JPG,423,3933,500,3990,2
L_09_05_16_DSC10035.JPG,392,3973,435,3999,2
L_09_05_16_DSC10035.JPG,2573,3491,2656,3565,2
L_09_05_16_DSC10035.JPG,2555,3471,2608,3522,2
L_09_05_16_DSC10035.JPG,2693,3083,2802,3167,2
L_09_05_16_DSC10035.JPG,2504,3116,2597,3165,2
L_09_05_16_DSC10035.JPG,2530,3159,2611,3207,2
L_09_05_16_DSC10035.JPG,2555,3197,2626,3307,2
L_09_05_16_DSC10035.JPG,2381,3141,2447,3215,2
L_09_05_16_DSC10035.JPG,2482,3273,2528,3343,2
L_09_05_16_DSC10035.JPG,2387,3244,2499,3295,2
L_09_05_16_DSC10035.JPG,2442,3300,2513,3359,2
L_09_05_16_DSC10035.JPG,2386,3295,2442,3356,2
L_09_05_16_DSC10035.JPG,2310,3246,2372,3316,2
L_09_05_16_DSC10035.JPG,2342,3275,2415,3340,2
L_09_05_16_DSC10035.JPG,2414,3359,2510,3406,2
L_09_05_16_DSC10035.JPG,2319,3345,2416,3417,2
L_09_05_16_DSC10037.JPG,2930,1856,2977,1931,1
L_09_05_16_DSC10037.JPG,3480,905,3537,954,1
L_09_05_16_DSC10037.JPG,3478,823,3549,888,1
L_09_05_16_DSC10038.JPG,3371,3562,3434,3660,1
L_09_05_16_DSC10038.JPG,3361,3648,3418,3694,1
L_09_05_16_DSC10039.JPG,1525,1584,1617,1632,1
L_09_05_16_DSC10050.JPG,3555,131,3616,213,1
L_09_05_16_DSC10051.JPG,3253,3017,3305,3086,1
L_09_05_16_DSC10051.JPG,942,46,1076,121,2
L_09_05_16_DSC10052.JPG,1145,907,1263,987,2
L_09_05_16_DSC10052.JPG,1,1094,94,1140,2
L_09_05_16_DSC10052.JPG,832,1763,944,1835,2
L_09_05_16_DSC10052.JPG,491,1928,572,2050,2
L_09_05_16_DSC10052.JPG,904,2767,1040,2823,2
L_09_05_16_DSC10053.JPG,996,3638,1100,3733,2
L_09_05_16_DSC10064.JPG,1660,1638,1717,1776,2
L_09_05_16_DSC10064.JPG,1495,1910,1598,2018,2
L_09_05_16_DSC10093.JPG,798,1197,897,1232,1
L_09_05_16_DSC10094.JPG,372,3413,488,3466,1
L_09_05_16_DSC10103.JPG,5368,442,5406,515,1
L_09_05_16_DSC10104.JPG,5400,2478,5460,2537,1
L_09_05_16_DSC10104.JPG,5321,3022,5371,3081,1
L_09_05_16_DSC10123.JPG,3025,954,3065,1016,4
L_09_05_16_DSC10124.JPG,2938,3214,2971,3277,4
L_09_05_16_DSC10124.JPG,1644,1777,1695,1805,4
L_09_05_16_DSC10124.JPG,1992,1539,2046,1579,4
L_09_05_16_DSC10124.JPG,777,1245,812,1300,4
L_09_05_16_DSC10124.JPG,777,1458,811,1493,4
L_09_05_16_DSC10125.JPG,1872,3752,1927,3794,4
L_09_05_16_DSC10125.JPG,1525,3953,1576,3994,4
L_09_05_16_DSC10125.JPG,662,3592,691,3623,4
L_09_05_16_DSC10125.JPG,588,3329,644,3368,4
L_09_05_16_DSC10130.JPG,2726,116,2768,175,3
L_09_05_16_DSC10130.JPG,2486,727,2522,773,3
L_09_05_16_DSC10131.JPG,2697,2536,2743,2585,3
L_09_05_16_DSC10131.JPG,2487,3146,2530,3185,3
L_09_05_16_DSC10131.JPG,4367,711,4418,746,3
L_09_05_16_DSC10131.JPG,4029,797,4073,835,3
L_09_05_16_DSC10131.JPG,315,2199,370,2243,3
L_09_05_16_DSC10132.JPG,4236,3002,4287,3035,3
L_09_05_16_DSC10132.JPG,3918,3091,3955,3131,3
L_09_05_16_DSC10133.JPG,5251,445,5305,479,3
L_09_05_16_DSC10133.JPG,5208,151,5248,201,3
L_09_05_16_DSC10133.JPG,4705,124,4742,196,3
L_09_05_16_DSC10133.JPG,3543,64,3603,102,3
L_09_05_16_DSC10133.JPG,2860,207,2898,245,3
L_09_05_16_DSC10133.JPG,2635,41,2681,97,3
L_09_05_16_DSC10133.JPG,1105,678,1177,713,3
L_09_05_16_DSC10134.JPG,5381,2693,5438,2728,3
L_09_05_16_DSC10134.JPG,5316,2415,5371,2465,3
L_09_05_16_DSC10134.JPG,4826,2373,4873,2443,3
L_09_05_16_DSC10134.JPG,3665,2302,3727,2343,3
L_09_05_16_DSC10134.JPG,2991,2446,3030,2495,3
L_09_05_16_DSC10134.JPG,2765,2284,2804,2334,3
L_09_05_16_DSC10134.JPG,2774,2044,2817,2092,3
L_09_05_16_DSC10134.JPG,4575,1894,4622,1941,3
L_09_05_16_DSC10134.JPG,4323,1926,4356,1977,3
L_09_05_16_DSC10134.JPG,4532,1308,4560,1345,3
L_09_05_16_DSC10134.JPG,4434,1462,4473,1498,3
L_09_05_16_DSC10134.JPG,5164,603,5207,641,3
L_09_05_16_DSC10134.JPG,4352,682,4390,751,3
L_09_05_16_DSC10134.JPG,3666,726,3700,776,3
L_09_05_16_DSC10134.JPG,3630,592,3681,633,3
L_09_05_16_DSC10134.JPG,3268,381,3318,431,3
L_09_05_16_DSC10134.JPG,2756,902,2792,960,3
L_09_05_16_DSC10134.JPG,1906,540,1932,584,3
L_09_05_16_DSC10134.JPG,1743,283,1813,323,3
L_09_05_16_DSC10134.JPG,1584,426,1646,460,3
L_09_05_16_DSC10134.JPG,1718,1402,1782,1446,3
L_09_05_16_DSC10134.JPG,1562,1331,1624,1372,3
L_09_05_16_DSC10134.JPG,1766,1705,1832,1731,3
L_09_05_16_DSC10134.JPG,2857,1775,2916,1802,3
L_09_05_16_DSC10134.JPG,1252,2886,1323,2921,3
L_09_05_16_DSC10135.JPG,5086,2985,5135,3026,3
L_09_05_16_DSC10135.JPG,4288,3015,4335,3061,3
L_09_05_16_DSC10135.JPG,4417,3626,4445,3661,3
L_09_05_16_DSC10135.JPG,4317,3775,4358,3823,3
L_09_05_16_DSC10135.JPG,3605,2983,3643,3045,3
L_09_05_16_DSC10135.JPG,3582,2860,3632,2897,3
L_09_05_16_DSC10135.JPG,3226,2636,3287,2676,3
L_09_05_16_DSC10135.JPG,2691,3087,2723,3155,3
L_09_05_16_DSC10135.JPG,2696,3960,2792,3997,3
L_09_05_16_DSC10135.JPG,1611,3813,1690,3857,3
L_09_05_16_DSC10135.JPG,1550,3550,1598,3592,3
L_09_05_16_DSC10135.JPG,1438,3431,1507,3475,3
L_09_05_16_DSC10135.JPG,1833,2656,1862,2698,3
L_09_05_16_DSC10135.JPG,1572,2358,1648,2388,3
L_09_05_16_DSC10135.JPG,1410,2503,1485,2533,3
L_09_05_16_DSC10135.JPG,2803,2051,2847,2088,3
L_09_05_16_DSC10135.JPG,3038,1580,3077,1622,3
L_09_05_16_DSC10135.JPG,2790,1490,2817,1531,3
L_09_05_16_DSC10135.JPG,3602,2177,3652,2208,3
L_09_05_16_DSC10135.JPG,4073,1915,4123,1972,3
L_09_05_16_DSC10135.JPG,3605,1751,3632,1807,3
L_09_05_16_DSC10135.JPG,4690,2146,4732,2182,3
L_09_05_16_DSC10135.JPG,5000,2258,5028,2306,3
L_09_05_16_DSC10135.JPG,4553,1945,4581,1996,3
L_09_05_16_DSC10135.JPG,4621,1820,4670,1858,3
L_09_05_16_DSC10135.JPG,4506,1866,4541,1898,3
L_09_05_16_DSC10135.JPG,4457,1701,4490,1747,3
L_09_05_16_DSC10135.JPG,4378,1545,4425,1578,3
L_09_05_16_DSC10135.JPG,4385,775,4443,818,3
L_09_05_16_DSC10135.JPG,4213,1006,4277,1046,3
L_09_05_16_DSC10135.JPG,3302,1336,3347,1367,3
L_09_05_16_DSC10135.JPG,3218,852,3257,911,3
L_09_05_16_DSC10135.JPG,2907,277,2963,336,3
L_09_05_16_DSC10135.JPG,1915,1083,1961,1131,3
L_09_05_16_DSC10137.JPG,2440,1946,2480,1990,3
L_09_05_16_DSC10137.JPG,2253,1931,2285,1970,3
L_09_05_16_DSC10137.JPG,2316,2038,2353,2096,3
L_09_05_16_DSC10137.JPG,1977,2071,2028,2095,3
L_09_05_16_DSC10137.JPG,2026,1617,2068,1663,3
L_09_05_16_DSC10137.JPG,2346,1677,2385,1726,3
L_09_05_16_DSC10137.JPG,2292,1708,2335,1758,3
L_09_05_16_DSC10137.JPG,2281,1491,2308,1535,3
L_09_05_16_DSC10137.JPG,1701,1215,1751,1262,3
L_09_05_16_DSC10138.JPG,2377,3897,2415,3955,3
L_09_05_16_DSC10138.JPG,1812,3596,1858,3657,3
L_09_05_16_DSC10138.JPG,1290,1476,1327,1522,3
L_09_05_16_DSC10138.JPG,468,1677,545,1717,3
L_09_05_16_DSC10138.JPG,450,1823,502,1883,3
L_09_05_16_DSC10138.JPG,925,996,983,1036,3
L_09_05_16_DSC10138.JPG,670,1095,706,1148,3
L_09_05_16_DSC10138.JPG,615,212,672,260,3
L_09_05_16_DSC10138.JPG,716,112,763,152,3
L_09_05_16_DSC10138.JPG,838,0,891,40,3
L_09_05_16_DSC10139.JPG,1151,3772,1183,3811,3
L_09_05_16_DSC10139.JPG,271,3960,344,3998,3
L_09_05_16_DSC10139.JPG,800,3252,857,3292,3
L_09_05_16_DSC10139.JPG,530,3346,563,3392,3
L_09_05_16_DSC10139.JPG,537,2446,585,2485,3
L_09_05_16_DSC10139.JPG,644,2345,690,2376,3
L_09_05_16_DSC10139.JPG,766,2240,816,2277,3
L_09_05_16_DSC10139.JPG,811,2122,844,2166,3
L_09_05_16_DSC10139.JPG,597,2068,661,2108,3
L_09_05_16_DSC10139.JPG,465,2090,501,2122,3
L_09_05_16_DSC10139.JPG,408,2164,462,2192,3
L_09_05_16_DSC10139.JPG,296,1941,345,1990,3
L_09_05_16_DSC10139.JPG,288,1827,328,1866,3
L_09_05_16_DSC10139.JPG,32,1712,84,1764,3
L_09_05_16_DSC10139.JPG,148,1627,212,1657,3
L_09_05_16_DSC10139.JPG,960,1682,1020,1720,3
L_09_05_16_DSC10139.JPG,1034,1527,1077,1567,3
L_09_05_16_DSC10139.JPG,804,1375,848,1422,3
L_09_05_16_DSC10139.JPG,753,1164,788,1222,3
L_09_05_16_DSC10139.JPG,502,1020,556,1045,3
L_09_05_16_DSC10139.JPG,446,1000,492,1020,3
L_09_05_16_DSC10139.JPG,247,647,296,696,3
L_09_05_16_DSC10139.JPG,10,714,67,748,3
L_09_05_16_DSC10139.JPG,1,873,35,928,3
L_09_05_16_DSC10140.JPG,1407,1540,1455,1582,3
L_09_05_16_DSC10140.JPG,333,2757,383,2796,3
L_09_05_16_DSC10140.JPG,106,2830,161,2865,3
L_09_05_16_DSC10140.JPG,100,2996,146,3043,3
L_09_05_16_DSC10140.JPG,553,3085,595,3116,3
L_09_05_16_DSC10140.JPG,603,3101,661,3138,3
L_09_05_16_DSC10140.JPG,856,3247,898,3296,3
L_09_05_16_DSC10140.JPG,931,3448,975,3497,3
L_09_05_16_DSC10140.JPG,1173,3592,1211,3642,3
L_09_05_16_DSC10140.JPG,1110,3736,1165,3782,3
L_09_05_16_DSC10140.JPG,460,3921,486,3952,3
L_09_05_16_DSC10140.JPG,293,3727,358,3771,3
L_09_05_16_DSC10140.JPG,182,3820,226,3883,3
L_09_05_16_DSC10140.JPG,82,3845,131,3871,3
L_09_05_16_DSC10141.JPG,1510,3587,1561,3630,3
L_09_05_16_DSC10141.JPG,80,1953,118,2008,3
L_09_05_16_DSC10149.JPG,4753,1188,4791,1233,3
L_09_05_16_DSC10149.JPG,4783,1293,4808,1341,3
L_09_05_16_DSC10149.JPG,4613,1305,4638,1350,3
L_09_05_16_DSC10149.JPG,4488,1366,4532,1418,3
L_09_05_16_DSC10149.JPG,3971,513,3996,565,3
L_09_05_16_DSC10149.JPG,4210,162,4258,196,3
L_09_05_16_DSC10149.JPG,3750,1295,3795,1336,3
L_09_05_16_DSC10149.JPG,3346,1060,3398,1090,3
L_09_05_16_DSC10149.JPG,3367,1202,3403,1247,3
L_09_05_16_DSC10149.JPG,3135,1028,3173,1075,3
L_09_05_16_DSC10149.JPG,3033,1456,3070,1487,3
L_09_05_16_DSC10149.JPG,3251,2018,3285,2048,3
L_09_05_16_DSC10149.JPG,2876,1877,2905,1927,3
L_09_05_16_DSC10149.JPG,2052,857,2107,901,3
L_09_05_16_DSC10149.JPG,1545,927,1566,966,3
L_09_05_16_DSC10149.JPG,1738,715,1786,756,3
L_09_05_16_DSC10149.JPG,1891,567,1942,616,3
L_09_05_16_DSC10149.JPG,1927,403,1961,447,3
L_09_05_16_DSC10149.JPG,1833,526,1868,566,3
L_09_05_16_DSC10149.JPG,1676,595,1728,627,3
L_09_05_16_DSC10149.JPG,1700,451,1735,503,3
L_09_05_16_DSC10149.JPG,1490,675,1518,726,3
L_09_05_16_DSC10149.JPG,1533,408,1597,455,3
L_09_05_16_DSC10149.JPG,1270,486,1323,521,3
L_09_05_16_DSC10149.JPG,1157,468,1191,522,3
L_09_05_16_DSC10149.JPG,1117,253,1153,328,3
L_09_05_16_DSC10149.JPG,1028,388,1060,451,3
L_09_05_16_DSC10149.JPG,1380,0,1433,30,3
L_09_05_16_DSC10149.JPG,828,266,867,310,3
L_09_05_16_DSC10150.JPG,4695,3237,4723,3276,3
L_09_05_16_DSC10150.JPG,4707,3346,4738,3391,3
L_09_05_16_DSC10150.JPG,4540,3347,4571,3400,3
L_09_05_16_DSC10150.JPG,4420,3403,4455,3452,3
L_09_05_16_DSC10150.JPG,3698,3301,3732,3346,3
L_09_05_16_DSC10150.JPG,3315,3195,3358,3242,3
L_09_05_16_DSC10150.JPG,3295,3047,3348,3090,3
L_09_05_16_DSC10150.JPG,3083,3016,3131,3053,3
L_09_05_16_DSC10150.JPG,2977,3435,3013,3476,3
L_09_05_16_DSC10150.JPG,2808,3835,2848,3892,3
L_09_05_16_DSC10150.JPG,3945,2517,3972,2578,3
L_09_05_16_DSC10150.JPG,4206,2147,4257,2187,3
L_09_05_16_DSC10150.JPG,1991,2768,2052,2815,3
L_09_05_16_DSC10150.JPG,1866,2285,1895,2327,3
L_09_05_16_DSC10150.JPG,1832,2463,1878,2508,3
L_09_05_16_DSC10150.JPG,1771,2401,1811,2456,3
L_09_05_16_DSC10150.JPG,1675,2608,1728,2645,3
L_09_05_16_DSC10150.JPG,1470,2810,1503,2855,3
L_09_05_16_DSC10150.JPG,1598,2462,1653,2508,3
L_09_05_16_DSC10150.JPG,1630,2317,1672,2370,3
L_09_05_16_DSC10150.JPG,1465,2291,1531,2315,3
L_09_05_16_DSC10150.JPG,1422,2551,1453,2597,3
L_09_05_16_DSC10150.JPG,1197,2343,1252,2372,3
L_09_05_16_DSC10150.JPG,1068,2313,1115,2360,3
L_09_05_16_DSC10150.JPG,946,2227,982,2272,3
L_09_05_16_DSC10150.JPG,1005,2086,1070,2135,3
L_09_05_16_DSC10150.JPG,736,2077,781,2121,3
L_09_05_16_DSC10150.JPG,1536,1701,1610,1725,3
L_09_05_16_DSC10150.JPG,1450,1558,1486,1605,3
L_09_05_16_DSC10150.JPG,823,1460,865,1541,3
L_09_05_16_DSC10150.JPG,1476,1190,1531,1221,3
L_09_05_16_DSC10150.JPG,1387,236,1440,265,3
L_09_05_16_DSC10150.JPG,1578,245,1633,285,3
L_09_05_16_DSC10150.JPG,2291,402,2315,478,3
L_09_05_16_DSC10150.JPG,1395,8,1446,38,3
L_09_05_16_DSC10150.JPG,751,67,790,96,3
L_09_05_16_DSC10150.JPG,792,0,835,17,3
L_09_05_16_DSC10150.JPG,3247,740,3288,765,3
L_09_05_16_DSC10150.JPG,2997,636,3023,685,3
L_09_05_16_DSC10150.JPG,3478,326,3515,362,3
L_09_05_16_DSC10150.JPG,2776,1,2818,41,3
L_09_05_16_DSC10150.JPG,4091,550,4128,583,3
L_09_05_16_DSC10150.JPG,4051,353,4108,400,3
L_09_05_16_DSC10150.JPG,5441,836,5495,883,3
L_09_05_16_DSC10150.JPG,5335,715,5370,772,3
L_09_05_16_DSC10150.JPG,5118,1440,5160,1498,3
L_09_05_16_DSC10150.JPG,4698,1447,4761,1483,3
L_09_05_16_DSC10150.JPG,4102,1785,4126,1843,3
L_09_05_16_DSC10150.JPG,3983,1580,4027,1608,3
L_09_05_16_DSC10150.JPG,3830,1693,3885,1723,3
L_09_05_16_DSC10151.JPG,5410,2683,5446,2737,3
L_09_05_16_DSC10151.JPG,5517,2810,5575,2863,3
L_09_05_16_DSC10151.JPG,5173,3385,5210,3440,3
L_09_05_16_DSC10151.JPG,4763,3378,4822,3411,3
L_09_05_16_DSC10151.JPG,4156,3676,4188,3741,3
L_09_05_16_DSC10151.JPG,4042,3475,4097,3518,3
L_09_05_16_DSC10151.JPG,3900,3581,3952,3620,3
L_09_05_16_DSC10151.JPG,1688,3508,1762,3540,3
L_09_05_16_DSC10151.JPG,1606,3372,1648,3426,3
L_09_05_16_DSC10151.JPG,1032,3740,1091,3780,3
L_09_05_16_DSC10151.JPG,921,3826,972,3873,3
L_09_05_16_DSC10151.JPG,1125,3972,1158,3998,3
L_09_05_16_DSC10151.JPG,1598,3023,1668,3057,3
L_09_05_16_DSC10151.JPG,586,2510,645,2581,3
L_09_05_16_DSC10151.JPG,1536,2090,1582,2116,3
L_09_05_16_DSC10151.JPG,1711,2110,1772,2143,3
L_09_05_16_DSC10151.JPG,2415,2293,2435,2353,3
L_09_05_16_DSC10151.JPG,3106,2540,3137,2593,3
L_09_05_16_DSC10151.JPG,3352,2653,3395,2682,3
L_09_05_16_DSC10151.JPG,3587,2253,3625,2285,3
L_09_05_16_DSC10151.JPG,4170,2307,4207,2355,3
L_09_05_16_DSC10151.JPG,4180,2485,4226,2522,3
L_09_05_16_DSC10151.JPG,3558,1366,3595,1411,3
L_09_05_16_DSC10151.JPG,4101,947,4155,992,3
L_09_05_16_DSC10151.JPG,3078,1666,3115,1705,3
L_09_05_16_DSC10151.JPG,2890,1910,2937,1947,3
L_09_05_16_DSC10151.JPG,2792,1593,2846,1631,3
L_09_05_16_DSC10151.JPG,2702,1348,2755,1392,3
L_09_05_16_DSC10151.JPG,2357,1700,2388,1740,3
L_09_05_16_DSC10151.JPG,2066,1451,2112,1483,3
L_09_05_16_DSC10151.JPG,2037,1691,2087,1716,3
L_09_05_16_DSC10151.JPG,1868,1530,1903,1570,3
L_09_05_16_DSC10151.JPG,1887,1822,1923,1863,3
L_09_05_16_DSC10151.JPG,1786,1717,1812,1758,3
L_09_05_16_DSC10151.JPG,1586,1763,1630,1802,3
L_09_05_16_DSC10151.JPG,1533,1868,1587,1898,3
L_09_05_16_DSC10151.JPG,1421,1696,1471,1733,3
L_09_05_16_DSC10151.JPG,1200,1762,1243,1801,3
L_09_05_16_DSC10151.JPG,962,1696,1013,1722,3
L_09_05_16_DSC10151.JPG,973,1830,1002,1870,3
L_09_05_16_DSC10151.JPG,931,1915,965,1958,3
L_09_05_16_DSC10151.JPG,648,1515,687,1548,3
L_09_05_16_DSC10151.JPG,2103,870,2152,911,3
L_09_05_16_DSC10151.JPG,1957,1041,1988,1087,3
L_09_05_16_DSC10151.JPG,1877,958,1930,990,3
L_09_05_16_DSC10151.JPG,1446,726,1487,768,3
L_09_05_16_DSC10151.JPG,2781,571,2835,596,3
L_09_05_16_DSC10151.JPG,2767,457,2821,501,3
L_09_05_16_DSC10151.JPG,2510,190,2552,223,3
L_09_05_16_DSC10151.JPG,2308,285,2355,308,3
L_09_05_16_DSC10151.JPG,3048,278,3092,325,3
L_09_05_16_DSC10151.JPG,3315,745,3350,803,3
L_09_05_16_DSC10151.JPG,3123,861,3162,902,3
L_09_05_16_DSC10151.JPG,3971,506,4035,547,3
L_09_05_16_DSC10151.JPG,4120,788,4172,827,3
L_09_05_16_DSC10151.JPG,4230,821,4263,876,3
L_09_05_16_DSC10151.JPG,4603,656,4631,713,3
L_09_05_16_DSC10151.JPG,4821,727,4868,776,3
L_09_05_16_DSC10151.JPG,4243,72,4287,132,3
L_09_05_16_DSC10151.JPG,4340,158,4391,202,3
L_09_05_16_DSC10152.JPG,6,668,50,725,3
L_09_05_16_DSC10152.JPG,3390,303,3420,360,3
L_09_05_16_DSC10152.JPG,3170,598,3231,630,3
L_09_05_16_DSC10152.JPG,3223,727,3253,768,3
L_09_05_16_DSC10152.JPG,3131,892,3163,936,3
L_09_05_16_DSC10152.JPG,3050,850,3088,891,3
L_09_05_16_DSC10152.JPG,2848,695,2886,736,3
L_09_05_16_DSC10152.JPG,2791,771,2826,812,3
L_09_05_16_DSC10152.JPG,2735,948,2768,980,3
L_09_05_16_DSC10152.JPG,3806,682,3878,726,3
L_09_05_16_DSC10152.JPG,3956,1060,4008,1111,3
L_09_05_16_DSC10152.JPG,4033,1196,4057,1246,3
L_09_05_16_DSC10152.JPG,3608,1348,3655,1383,3
L_09_05_16_DSC10152.JPG,3961,1768,3996,1808,3
L_09_05_16_DSC10152.JPG,4477,2025,4516,2046,3
L_09_05_16_DSC10152.JPG,4312,2023,4358,2053,3
L_09_05_16_DSC10152.JPG,4121,2023,4166,2081,3
L_09_05_16_DSC10152.JPG,4121,2321,4157,2366,3
L_09_05_16_DSC10152.JPG,4208,2402,4262,2435,3
L_09_05_16_DSC10152.JPG,3000,2077,3045,2115,3
L_09_05_16_DSC10152.JPG,3065,2210,3097,2258,3
L_09_05_16_DSC10152.JPG,3865,2746,3928,2788,3
L_09_05_16_DSC10152.JPG,2853,1470,2892,1520,3
L_09_05_16_DSC10152.JPG,2263,1615,2316,1648,3
L_09_05_16_DSC10152.JPG,1957,1581,1992,1622,3
L_09_05_16_DSC10152.JPG,1393,1748,1423,1796,3
L_09_05_16_DSC10152.JPG,910,1315,955,1363,3
L_09_05_16_DSC10152.JPG,1098,1773,1125,1815,3
L_09_05_16_DSC10152.JPG,20,1956,81,1993,3
L_09_05_16_DSC10152.JPG,1396,2227,1442,2270,3
L_09_05_16_DSC10152.JPG,2401,2450,2436,2483,3
L_09_05_16_DSC10152.JPG,2196,2543,2248,2577,3
L_09_05_16_DSC10152.JPG,2941,2533,2986,2577,3
L_09_05_16_DSC10152.JPG,2675,2717,2726,2755,3
L_09_05_16_DSC10152.JPG,2685,2825,2731,2855,3
L_09_05_16_DSC10152.JPG,3220,2986,3256,3042,3
L_09_05_16_DSC10152.JPG,3045,3102,3073,3143,3
L_09_05_16_DSC10152.JPG,4028,3011,4078,3048,3
L_09_05_16_DSC10152.JPG,4126,3041,4160,3096,3
L_09_05_16_DSC10152.JPG,4005,3172,4057,3203,3
L_09_05_16_DSC10152.JPG,4488,2872,4521,2925,3
L_09_05_16_DSC10152.JPG,4703,2943,4755,2980,3
L_09_05_16_DSC10152.JPG,3486,3582,3521,3633,3
L_09_05_16_DSC10152.JPG,3017,3871,3053,3910,3
L_09_05_16_DSC10152.JPG,2751,3817,2793,3843,3
L_09_05_16_DSC10152.JPG,2646,3587,2691,3641,3
L_09_05_16_DSC10152.JPG,2313,3920,2342,3963,3
L_09_05_16_DSC10152.JPG,2012,3685,2053,3721,3
L_09_05_16_DSC10152.JPG,1990,3915,2037,3956,3
L_09_05_16_DSC10152.JPG,1816,3765,1848,3807,3
L_09_05_16_DSC10152.JPG,1740,3948,1772,3985,3
L_09_05_16_DSC10152.JPG,2022,3122,2072,3168,3
L_09_05_16_DSC10152.JPG,1885,3296,1925,3338,3
L_09_05_16_DSC10152.JPG,1801,3202,1848,3240,3
L_09_05_16_DSC10152.JPG,1350,2980,1395,3025,3
L_09_05_16_DSC10152.JPG,1363,3940,1422,3971,3
L_09_05_16_DSC10152.JPG,887,3945,943,3975,3
L_09_05_16_DSC10152.JPG,566,3777,598,3816,3
L_09_05_16_DSC10153.JPG,407,771,458,823,3
L_09_05_16_DSC10153.JPG,416,1097,471,1131,3
L_09_05_16_DSC10153.JPG,335,1198,378,1257,3
L_09_05_16_DSC10153.JPG,95,1218,135,1256,3
L_09_05_16_DSC10153.JPG,1832,2065,1895,2101,3
L_09_05_16_DSC10153.JPG,2831,1795,2892,1826,3
L_09_05_16_DSC10153.JPG,3113,2343,3146,2403,3
L_09_05_16_DSC10153.JPG,3472,2756,3522,2810,3
L_09_05_16_DSC10153.JPG,2876,2660,2930,2681,3
L_09_05_16_DSC10153.JPG,2967,2777,2991,2822,3
L_09_05_16_DSC10153.JPG,2588,2766,2643,2816,3
L_09_05_16_DSC10153.JPG,2540,2833,2575,2872,3
L_09_05_16_DSC10153.JPG,2493,3001,2522,3040,3
L_09_05_16_DSC10153.JPG,2800,2900,2833,2931,3
L_09_05_16_DSC10153.JPG,2887,2936,2910,2976,3
L_09_05_16_DSC10153.JPG,3681,3056,3721,3125,3
L_09_05_16_DSC10153.JPG,3748,3181,3778,3243,3
L_09_05_16_DSC10153.JPG,3356,3336,3405,3382,3
L_09_05_16_DSC10153.JPG,2635,3492,2673,3540,3
L_09_05_16_DSC10153.JPG,2057,3657,2106,3691,3
L_09_05_16_DSC10153.JPG,1748,3636,1781,3678,3
L_09_05_16_DSC10153.JPG,1182,3836,1211,3877,3
L_09_05_16_DSC10153.JPG,647,3433,686,3483,3
L_09_05_16_DSC10153.JPG,867,3871,893,3926,3
L_09_05_16_DSC10153.JPG,4470,3196,4502,3260,3
L_09_05_16_DSC10153.JPG,4637,3235,4681,3312,3
L_09_05_16_DSC10153.JPG,4177,3898,4226,3940,3
L_09_05_16_DSC10153.JPG,4036,3921,4081,3950,3
L_09_05_16_DSC10153.JPG,3702,3708,3736,3743,3
L_09_05_16_DSC10153.JPG,3856,3930,3893,3978,3
L_09_05_16_DSC10154.JPG,2950,3936,3007,3982,3
L_09_05_16_DSC10154.JPG,532,3173,575,3231,3
L_09_05_16_DSC10154.JPG,617,3081,678,3123,3
L_09_05_16_DSC10154.JPG,290,3173,341,3227,3
L_09_05_16_DSC10154.JPG,640,2782,698,2827,3
L_09_05_16_DSC10154.JPG,0,2563,37,2606,3
L_09_05_16_DSC10154.JPG,682,1778,717,1812,3
L_09_05_16_DSC10154.JPG,178,285,233,366,1
L_09_05_16_DSC10154.JPG,157,326,188,380,1
L_09_05_16_DSC10155.JPG,373,2822,432,2906,1
L_09_05_16_DSC10155.JPG,357,2860,386,2907,1
L_09_05_16_DSC10155.JPG,240,1045,307,1090,3
L_09_05_16_DSC10156.JPG,191,3381,271,3422,3
L_09_05_16_DSC10176.JPG,1162,863,1221,962,2
L_09_05_16_DSC10176.JPG,787,692,840,776,2
L_09_05_16_DSC10176.JPG,267,224,323,302,2
L_09_05_16_DSC10176.JPG,495,892,565,949,2
L_09_05_16_DSC10176.JPG,539,1017,614,1115,2
L_09_05_16_DSC10176.JPG,1000,1383,1059,1463,2
L_09_05_16_DSC10176.JPG,763,1373,829,1463,2
L_09_05_16_DSC10176.JPG,608,1664,671,1715,2
L_09_05_16_DSC10176.JPG,551,1663,618,1689,2
L_09_05_16_DSC10176.JPG,380,1638,471,1707,2
L_09_05_16_DSC10176.JPG,477,1685,522,1752,2
L_09_05_16_DSC10176.JPG,652,1774,688,1845,2
L_09_05_16_DSC10176.JPG,675,1802,732,1867,2
L_09_05_16_DSC10176.JPG,699,1852,737,1875,2
L_09_05_16_DSC10176.JPG,598,1864,664,1897,2
L_09_05_16_DSC10176.JPG,422,1819,487,1852,2
L_09_05_16_DSC10176.JPG,416,1838,471,1917,2
L_09_05_16_DSC10177.JPG,419,802,473,897,2
L_09_05_16_DSC10177.JPG,339,936,428,1000,2
L_09_05_16_DSC10177.JPG,283,1028,378,1087,2
L_09_05_16_DSC10177.JPG,244,1124,324,1171,2
L_09_05_16_DSC10177.JPG,421,1160,468,1244,2
L_09_05_16_DSC10177.JPG,399,1230,445,1275,2
L_09_05_16_DSC10177.JPG,451,1232,502,1278,2
L_09_05_16_DSC10177.JPG,279,1204,360,1246,2
L_09_05_16_DSC10177.JPG,526,1282,574,1373,2
L_09_05_16_DSC10177.JPG,288,1301,364,1353,2
L_09_05_16_DSC10177.JPG,359,1335,407,1401,2
L_09_05_16_DSC10177.JPG,401,1354,446,1425,2
L_09_05_16_DSC10177.JPG,414,1428,484,1497,2
L_09_05_16_DSC10177.JPG,320,1359,365,1421,2
L_09_05_16_DSC10177.JPG,278,1356,333,1443,2
L_09_05_16_DSC10177.JPG,290,1453,364,1528,2
L_09_05_16_DSC10177.JPG,347,1566,448,1613,2
L_09_05_16_DSC10177.JPG,366,1619,429,1673,2
L_09_05_16_DSC10177.JPG,333,1849,412,1951,2
L_09_05_16_DSC10177.JPG,87,1896,157,1936,2
L_09_05_16_DSC10177.JPG,116,1927,204,1996,2
L_09_05_16_DSC10177.JPG,143,2419,213,2481,2
L_09_05_16_DSC10177.JPG,612,2918,675,2992,2
L_09_05_16_DSC10177.JPG,282,3098,349,3145,2
L_09_05_16_DSC10177.JPG,987,3145,1037,3238,2
L_09_05_16_DSC10177.JPG,326,3244,393,3324,2
L_09_05_16_DSC10177.JPG,755,3655,806,3746,2
L_09_05_16_DSC10177.JPG,487,3616,555,3713,2
L_09_05_16_DSC10177.JPG,269,3926,354,3992,2
L_09_05_16_DSC10177.JPG,217,3921,294,3965,2
L_09_05_16_DSC10177.JPG,124,3946,180,3999,2
L_09_05_16_DSC10177.JPG,15,3888,129,3962,2
L_09_05_16_DSC10178.JPG,336,3053,400,3146,2
L_09_05_16_DSC10178.JPG,238,3178,338,3256,2
L_09_05_16_DSC10178.JPG,178,3280,285,3357,2
L_09_05_16_DSC10178.JPG,134,3386,226,3429,2
L_09_05_16_DSC10178.JPG,160,3464,240,3513,2
L_09_05_16_DSC10178.JPG,306,3429,366,3508,2
L_09_05_16_DSC10178.JPG,341,3496,387,3547,2
L_09_05_16_DSC10178.JPG,294,3505,325,3554,2
L_09_05_16_DSC10178.JPG,402,3557,466,3649,2
L_09_05_16_DSC10178.JPG,284,3702,347,3797,2
L_09_05_16_DSC10178.JPG,243,3612,322,3644,2
L_09_05_16_DSC10178.JPG,276,3635,321,3705,2
L_09_05_16_DSC10178.JPG,161,3569,240,3630,2
L_09_05_16_DSC10178.JPG,188,3639,234,3699,2
L_09_05_16_DSC10178.JPG,138,3632,198,3727,2
L_09_05_16_DSC10178.JPG,146,3731,226,3815,2
L_09_05_16_DSC10178.JPG,190,3863,302,3919,2
L_09_05_16_DSC10178.JPG,199,3921,276,4000,2
L_09_05_16_DSC10180.JPG,2071,844,2138,881,4
L_09_05_16_DSC10180.JPG,1964,906,2017,931,4
L_09_05_16_DSC10181.JPG,2153,2946,2201,2977,4
L_09_05_16_DSC10181.JPG,2116,3020,2154,3056,4
L_09_05_16_DSC10189.JPG,2235,700,2287,731,4
L_09_05_16_DSC10189.JPG,2199,810,2222,836,4
L_09_05_16_DSC10189.JPG,2164,821,2190,840,4
L_09_05_16_DSC10189.JPG,2095,837,2119,864,4
L_09_05_16_DSC10189.JPG,2047,864,2068,889,4
L_09_05_16_DSC10189.JPG,2011,955,2043,973,4
L_09_05_16_DSC10189.JPG,2033,989,2053,1023,4
L_09_05_16_DSC10190.JPG,2557,3132,2609,3163,4
L_09_05_16_DSC10190.JPG,2514,3232,2539,3257,4
L_09_05_16_DSC10190.JPG,2477,3247,2505,3262,4
L_09_05_16_DSC10190.JPG,2411,3245,2436,3265,4
L_09_05_16_DSC10190.JPG,2362,3263,2385,3290,4
L_09_05_16_DSC10190.JPG,2325,3358,2356,3374,4
L_09_05_16_DSC10190.JPG,2332,3402,2360,3431,4
L_09_05_16_DSC10238.JPG,4836,1286,4885,1346,5
L_09_05_16_DSC10238.JPG,5465,1001,5531,1045,5
L_09_05_16_DSC10238.JPG,4911,701,4948,765,5
L_09_05_16_DSC10239.JPG,4751,3460,4801,3518,5
L_09_05_16_DSC10239.JPG,4814,2905,4855,2956,5
L_09_05_16_DSC10239.JPG,5363,3192,5443,3228,5
L_09_05_16_DSC10239.JPG,3205,1725,3244,1772,4
L_09_05_16_DSC10240.JPG,3179,3888,3220,3934,4
L_10_05_16_DSC01077.JPG,2761,928,2797,973,3
L_10_05_16_DSC01077.JPG,2692,878,2725,904,3
L_10_05_16_DSC01142.JPG,2821,951,2877,991,4
L_10_05_16_DSC01142.JPG,2313,1159,2349,1190,4
L_10_05_16_DSC01142.JPG,2389,1304,2415,1356,4
L_10_05_16_DSC01142.JPG,2420,1377,2463,1409,4
L_10_05_16_DSC01142.JPG,2248,1293,2263,1323,4
L_10_05_16_DSC01142.JPG,2282,1427,2298,1469,4
L_10_05_16_DSC01143.JPG,361,1748,416,1778,4
L_10_05_16_DSC01143.JPG,482,1824,529,1863,4
L_10_05_16_DSC01159.JPG,1427,293,1461,341,4
L_10_05_16_DSC01159.JPG,1398,149,1426,201,4
L_10_05_16_DSC01159.JPG,1387,24,1419,78,4
L_10_05_16_DSC01204.JPG,2037,93,2107,141,1
L_10_05_16_DSC01205.JPG,1597,2081,1639,2151,1
L_10_05_16_DSC01207.JPG,4227,1617,4291,1672,1
L_10_05_16_DSC01209.JPG,2371,1440,2443,1478,1
L_10_05_16_DSC01216.JPG,472,1530,515,1583,5
L_10_05_16_DSC01217.JPG,156,3615,248,3667,5
L_10_05_16_DSC01222.JPG,3073,11,3114,56,1
L_10_05_16_DSC01223.JPG,3005,2247,3043,2310,1
L_10_05_16_DSC01230.JPG,1435,1708,1507,1755,1
L_10_05_16_DSC01230.JPG,1287,1813,1353,1852,1
L_10_05_16_DSC01230.JPG,631,1614,695,1673,1
L_10_05_16_DSC01231.JPG,1441,3835,1527,3876,1
L_10_05_16_DSC01231.JPG,1296,3934,1371,3971,1
L_10_05_16_DSC01231.JPG,621,3717,682,3770,1
L_10_05_16_DSC01236.JPG,5853,1403,5905,1482,1
L_10_05_16_DSC01262.JPG,1162,2050,1203,2118,1
L_10_05_16_DSC01290.JPG,1937,855,1981,907,1
L_10_05_16_DSC01291.JPG,1592,2671,1638,2721,1
L_10_05_16_DSC01294.JPG,831,474,885,523,3
L_10_05_16_DSC01295.JPG,5817,163,5853,197,3
L_10_05_16_DSC01295.JPG,1066,2534,1125,2580,3
L_10_05_16_DSC01296.JPG,4321,1920,4376,1965,3
L_10_05_16_DSC01296.JPG,5261,2253,5294,2279,3
L_10_05_16_DSC01296.JPG,5401,2445,5435,2502,3
L_10_05_16_DSC01296.JPG,703,3968,763,3997,3
L_10_05_16_DSC01311.JPG,2050,60,2084,103,3
L_10_05_16_DSC01312.JPG,2174,2006,2209,2053,3
L_10_05_16_DSC01352.JPG,1740,289,1761,330,4
L_10_05_16_DSC01352.JPG,1505,435,1527,460,4
L_10_05_16_DSC01353.JPG,1300,2078,1329,2122,4
L_10_05_16_DSC01353.JPG,1042,2198,1071,2225,4
L_10_05_16_DSC01370.JPG,4817,883,4834,927,4
L_10_05_16_DSC01370.JPG,4664,1067,4712,1084,4
L_10_05_16_DSC01370.JPG,4438,580,4465,612,4
L_10_05_16_DSC01371.JPG,4271,2915,4313,2938,4
L_10_05_16_DSC01371.JPG,4479,2721,4498,2765,4
L_10_05_16_DSC01371.JPG,4102,2449,4132,2484,4
L_10_05_16_DSC01384.JPG,4906,358,4949,374,4
L_10_05_16_DSC01384.JPG,4786,429,4823,473,4
L_10_05_16_DSC01385.JPG,3563,1993,3596,2013,4
L_10_05_16_DSC01385.JPG,3480,2066,3504,2104,4
L_10_05_16_DSC01391.JPG,3025,1448,3048,1511,5
L_10_05_16_DSC01392.JPG,2733,3128,2763,3201,5
L_10_05_16_DSC01480.JPG,4400,2199,4450,2218,4
L_10_05_16_DSC01484.JPG,290,731,332,785,3
L_10_05_16_DSC01485.JPG,855,2668,896,2714,3
L_10_05_16_DSC01488.JPG,3280,3418,3337,3447,3
L_10_05_16_DSC01488.JPG,5763,1442,5803,1488,3
L_10_05_16_DSC01491.JPG,3212,705,3278,737,3
L_10_05_16_DSC01492.JPG,3556,2727,3622,2773,3
L_10_05_16_DSC01493.JPG,4112,333,4171,386,3
L_10_05_16_DSC01494.JPG,4606,2448,4665,2497,3
L_10_05_16_DSC01496.JPG,3902,397,3955,440,3
L_10_05_16_DSC01497.JPG,4274,2734,4343,2773,3
L_10_05_16_DSC01504.JPG,2477,305,2542,346,3
L_10_05_16_DSC01505.JPG,2752,2438,2816,2465,3
L_10_05_16_DSC01505.JPG,4752,1322,4801,1387,3
L_10_05_16_DSC01506.JPG,4916,3593,4964,3652,3
L_10_05_16_DSC01506.JPG,5883,82,5968,131,3
L_10_05_16_DSC01507.JPG,5881,67,5962,108,3
L_10_05_16_DSC01507.JPG,5821,167,5870,233,3
L_10_05_16_DSC01508.JPG,5966,2807,5998,2835,3
L_10_05_16_DSC01508.JPG,5737,2618,5780,2670,3
L_10_05_16_DSC01508.JPG,5773,2527,5858,2555,3
L_10_05_16_DSC01508.JPG,5566,2381,5643,2406,3
L_10_05_16_DSC01508.JPG,5663,1675,5712,1736,3
L_10_05_16_DSC01508.JPG,5050,877,5086,931,3
L_10_05_16_DSC01508.JPG,5917,2845,5960,2882,3
L_10_05_16_DSC01509.JPG,5486,3006,5521,3056,3
L_10_05_16_DSC01509.JPG,2520,845,2560,871,3
L_10_05_16_DSC01509.JPG,2916,393,2968,428,3
L_10_05_16_DSC01509.JPG,2343,88,2378,132,3
L_10_05_16_DSC01509.JPG,1993,203,2031,267,3
L_10_05_16_DSC01510.JPG,3066,2892,3118,2921,3
L_10_05_16_DSC01510.JPG,2593,2338,2647,2378,3
L_10_05_16_DSC01510.JPG,2476,2527,2527,2561,3
L_10_05_16_DSC01510.JPG,2152,2631,2212,2668,3
L_10_05_16_DSC01510.JPG,580,1346,636,1397,3
L_10_05_16_DSC01510.JPG,1400,942,1451,998,3
L_10_05_16_DSC01510.JPG,586,531,635,576,3
L_10_05_16_DSC01510.JPG,470,278,518,347,3
L_10_05_16_DSC01510.JPG,225,296,290,333,3
L_10_05_16_DSC01510.JPG,23,267,71,327,3
L_10_05_16_DSC01510.JPG,2642,3348,2685,3381,3
L_10_05_16_DSC01511.JPG,1510,3086,1558,3128,3
L_10_05_16_DSC01511.JPG,728,3551,773,3606,3
L_10_05_16_DSC01511.JPG,698,2602,747,2650,3
L_10_05_16_DSC01511.JPG,600,2356,640,2407,3
L_10_05_16_DSC01511.JPG,352,2366,403,2395,3
L_10_05_16_DSC01511.JPG,157,2340,208,2390,3
L_10_05_16_DSC01511.JPG,36,2343,91,2392,3
L_10_05_16_DSC01511.JPG,4286,1375,4348,1416,3
L_10_05_16_DSC01512.JPG,4335,3180,4398,3215,3
L_10_05_16_DSC01525.JPG,3334,951,3379,1007,1
L_10_05_16_DSC01526.JPG,3598,3090,3644,3150,1
L_10_05_16_DSC01529.JPG,5028,108,5092,182,2
L_10_05_16_DSC01529.JPG,5005,146,5077,235,2
L_10_05_16_DSC01530.JPG,5478,2574,5539,2636,2
L_10_05_16_DSC01530.JPG,5450,2600,5524,2695,2
L_10_05_16_DSC01547.JPG,2256,2027,2303,2067,3
L_10_05_16_DSC01566.JPG,4948,1478,5025,1535,1
L_10_05_16_DSC01566.JPG,5733,2255,5788,2335,1
L_10_05_16_DSC01567.JPG,5606,3733,5701,3793,1
L_10_05_16_DSC01569.JPG,4274,1683,4336,1745,1
L_10_05_16_DSC01570.JPG,3873,1868,3934,1910,1
L_10_05_16_DSC01570.JPG,3700,1760,3761,1820,1
L_10_05_16_DSC01570.JPG,4006,1562,4035,1602,1
L_10_05_16_DSC01570.JPG,3992,1580,4055,1633,1
L_10_05_16_DSC01570.JPG,3867,1590,3936,1633,1
L_10_05_16_DSC01570.JPG,4615,842,4656,872,1
L_10_05_16_DSC01570.JPG,4611,804,4675,851,1
L_10_05_16_DSC01570.JPG,3671,410,3707,470,1
L_10_05_16_DSC01570.JPG,3637,415,3677,451,1
L_10_05_16_DSC01570.JPG,3584,510,3608,554,1
L_10_05_16_DSC01570.JPG,3534,488,3582,550,1
L_10_05_16_DSC01570.JPG,2322,838,2380,882,1
L_10_05_16_DSC01570.JPG,1613,1100,1650,1137,1
L_10_05_16_DSC01570.JPG,1595,1152,1635,1214,1
L_10_05_16_DSC01570.JPG,1282,855,1343,904,1
L_10_05_16_DSC01570.JPG,1320,195,1403,243,1
L_10_05_16_DSC01570.JPG,1358,268,1395,315,1
L_10_05_16_DSC01570.JPG,1277,288,1350,327,1
L_10_05_16_DSC01570.JPG,388,245,446,343,1
L_10_05_16_DSC01570.JPG,280,32,345,68,1
L_10_05_16_DSC01570.JPG,264,6,312,43,1
L_10_05_16_DSC01570.JPG,3481,172,3530,198,3
L_10_05_16_DSC01570.JPG,2837,194,2872,248,3
L_10_05_16_DSC01570.JPG,2558,4,2604,30,3
L_10_05_16_DSC01570.JPG,2178,410,2204,455,3
L_10_05_16_DSC01570.JPG,2118,927,2157,967,3
L_10_05_16_DSC01570.JPG,2022,904,2061,952,3
L_10_05_16_DSC01571.JPG,2688,452,2722,490,1
L_10_05_16_DSC01571.JPG,2648,410,2683,478,1
L_10_05_16_DSC01571.JPG,2570,387,2640,426,1
L_10_05_16_DSC01571.JPG,2538,421,2571,462,1
L_10_05_16_DSC01571.JPG,2592,922,2631,988,1
L_10_05_16_DSC01571.JPG,2541,957,2569,994,1
L_10_05_16_DSC01571.JPG,4165,1146,4210,1177,1
L_10_05_16_DSC01571.JPG,4196,1154,4264,1190,1
L_10_05_16_DSC01571.JPG,4293,1144,4343,1190,1
L_10_05_16_DSC01571.JPG,4320,1189,4359,1232,1
L_10_05_16_DSC01571.JPG,4445,1293,4481,1347,1
L_10_05_16_DSC01571.JPG,4002,1727,4045,1771,1
L_10_05_16_DSC01571.JPG,4032,1730,4093,1779,1
L_10_05_16_DSC01571.JPG,3616,2046,3672,2086,1
L_10_05_16_DSC01571.JPG,3146,1912,3198,1950,1
L_10_05_16_DSC01571.JPG,3006,1944,3055,2007,1
L_10_05_16_DSC01571.JPG,3031,2011,3092,2046,1
L_10_05_16_DSC01571.JPG,2962,1892,2993,1933,1
L_10_05_16_DSC01571.JPG,2889,1719,2934,1773,1
L_10_05_16_DSC01571.JPG,4558,2076,4595,2107,1
L_10_05_16_DSC01571.JPG,4755,2092,4801,2132,1
L_10_05_16_DSC01571.JPG,4817,2111,4863,2173,1
L_10_05_16_DSC01571.JPG,4812,2208,4858,2261,1
L_10_05_16_DSC01571.JPG,4903,2270,4941,2312,1
L_10_05_16_DSC01571.JPG,4617,2241,4668,2271,1
L_10_05_16_DSC01571.JPG,4586,2306,4634,2350,1
L_10_05_16_DSC01571.JPG,5448,2008,5488,2029,1
L_10_05_16_DSC01571.JPG,5476,2022,5511,2091,1
L_10_05_16_DSC01571.JPG,5473,2136,5545,2166,1
L_10_05_16_DSC01571.JPG,5571,2152,5624,2209,1
L_10_05_16_DSC01571.JPG,5441,2198,5502,2237,1
L_10_05_16_DSC01571.JPG,5484,2378,5557,2414,1
L_10_05_16_DSC01571.JPG,5746,2519,5788,2546,1
L_10_05_16_DSC01571.JPG,5724,2550,5763,2587,1
L_10_05_16_DSC01571.JPG,5989,2532,5999,2555,1
L_10_05_16_DSC01571.JPG,4821,3464,4883,3513,1
L_10_05_16_DSC01571.JPG,4824,3503,4862,3532,1
L_10_05_16_DSC01571.JPG,4155,3414,4201,3492,1
L_10_05_16_DSC01571.JPG,4073,3871,4101,3941,1
L_10_05_16_DSC01571.JPG,3460,3419,3502,3506,1
L_10_05_16_DSC01571.JPG,3761,3105,3806,3152,1
L_10_05_16_DSC01571.JPG,3819,3100,3844,3148,1
L_10_05_16_DSC01571.JPG,3878,3038,3919,3086,1
L_10_05_16_DSC01571.JPG,3902,3021,3947,3090,1
L_10_05_16_DSC01571.JPG,3532,2513,3593,2551,1
L_10_05_16_DSC01571.JPG,2874,2441,2897,2517,1
L_10_05_16_DSC01571.JPG,2801,2535,2845,2561,1
L_10_05_16_DSC01571.JPG,2515,3379,2562,3441,1
L_10_05_16_DSC01571.JPG,1764,3580,1797,3619,1
L_10_05_16_DSC01571.JPG,1739,3630,1778,3702,1
L_10_05_16_DSC01571.JPG,2195,3413,2232,3459,1
L_10_05_16_DSC01571.JPG,1533,2672,1598,2705,1
L_10_05_16_DSC01571.JPG,1555,2718,1591,2771,1
L_10_05_16_DSC01571.JPG,1471,2734,1539,2769,1
L_10_05_16_DSC01571.JPG,576,2682,629,2740,1
L_10_05_16_DSC01571.JPG,482,2403,528,2438,1
L_10_05_16_DSC01571.JPG,467,2452,575,2479,1
L_10_05_16_DSC01571.JPG,178,2187,206,2223,1
L_10_05_16_DSC01571.JPG,136,2183,172,2212,1
L_10_05_16_DSC01571.JPG,2489,2213,2528,2254,1
L_10_05_16_DSC01571.JPG,2164,2131,2203,2163,1
L_10_05_16_DSC01571.JPG,2421,2335,2461,2370,1
L_10_05_16_DSC01571.JPG,2385,2926,2413,2962,1
L_10_05_16_DSC01571.JPG,3017,2701,3060,2746,3
L_10_05_16_DSC01571.JPG,3731,2763,3775,2796,3
L_10_05_16_DSC01571.JPG,2293,3443,2330,3483,3
L_10_05_16_DSC01571.JPG,4738,1640,4807,1671,1
L_10_05_16_DSC01571.JPG,4679,1598,4730,1658,1
L_10_05_16_DSC01571.JPG,4646,1690,4711,1756,1
L_10_05_16_DSC01572.JPG,4900,3964,4934,3998,1
L_10_05_16_DSC01572.JPG,4765,3822,4808,3884,1
L_10_05_16_DSC01572.JPG,4716,3787,4791,3848,1
L_10_05_16_DSC01572.JPG,4617,3803,4712,3852,1
L_10_05_16_DSC01572.JPG,4597,3771,4649,3807,1
L_10_05_16_DSC01572.JPG,2975,3488,3019,3563,1
L_10_05_16_DSC01572.JPG,2922,3526,2955,3574,1
L_10_05_16_DSC01572.JPG,3085,3004,3122,3054,1
L_10_05_16_DSC01572.JPG,3046,2966,3081,3043,1
L_10_05_16_DSC01572.JPG,2956,2940,3040,2975,1
L_10_05_16_DSC01572.JPG,2934,2971,2964,3022,1
L_10_05_16_DSC01579.JPG,1714,506,1765,564,1
L_10_05_16_DSC01579.JPG,1683,507,1720,530,1
L_10_05_16_DSC01579.JPG,1599,366,1626,405,1
L_10_05_16_DSC01579.JPG,1575,372,1610,443,1
L_10_05_16_DSC01580.JPG,1052,3203,1100,3242,1
L_10_05_16_DSC01580.JPG,1033,3171,1084,3204,1
L_10_05_16_DSC01580.JPG,940,3037,969,3081,1
L_10_05_16_DSC01580.JPG,904,3061,942,3125,1
L_10_05_16_DSC01580.JPG,502,2460,549,2500,1
L_10_05_16_DSC01580.JPG,463,2423,516,2465,1
L_10_05_16_DSC01580.JPG,267,2462,327,2488,1
L_10_05_16_DSC01580.JPG,285,2439,318,2461,1
L_10_05_16_DSC01580.JPG,159,2344,204,2386,1
L_10_05_16_DSC01580.JPG,82,2326,172,2381,1
L_10_05_16_DSC01580.JPG,385,2695,437,2763,3
L_10_05_16_DSC01595.JPG,2200,1061,2233,1093,4
L_10_05_16_DSC01595.JPG,2132,988,2152,1032,4
L_10_05_16_DSC01595.JPG,2010,834,2032,866,4
L_10_05_16_DSC01596.JPG,3101,3280,3142,3313,4
L_10_05_16_DSC01596.JPG,3013,3480,3053,3513,4
L_10_05_16_DSC01596.JPG,3012,3575,3032,3616,4
L_10_05_16_DSC01629.JPG,1394,1228,1439,1286,3
L_10_05_16_DSC01630.JPG,1313,3172,1347,3233,3
L_10_05_16_DSC01633.JPG,5406,2055,5466,2113,3
L_10_05_16_DSC01636.JPG,5641,2940,5703,2975,4
L_10_05_16_DSC01637.JPG,451,2235,486,2285,4
L_10_05_16_DSC01643.JPG,2886,736,2923,782,4
L_10_05_16_DSC01644.JPG,2804,2493,2846,2536,4
L_10_05_16_DSC01651.JPG,3484,1501,3523,1530,3
L_10_05_16_DSC01652.JPG,3360,3170,3398,3211,3
L_10_05_16_DSC01656.JPG,2268,1124,2308,1162,3
L_10_05_16_DSC01656.JPG,2123,1148,2162,1192,3
L_10_05_16_DSC01657.JPG,2131,2944,2157,2971,3
L_10_05_16_DSC01657.JPG,1987,2966,2027,3017,3
L_10_05_16_DSC01666.JPG,640,611,682,646,3
L_10_05_16_DSC01666.JPG,370,111,398,146,3
L_10_05_16_DSC01667.JPG,2117,90,2143,132,3
L_10_05_16_DSC01667.JPG,2065,127,2089,166,3
L_10_05_16_DSC01667.JPG,1964,290,1995,329,3
L_10_05_16_DSC01667.JPG,1566,449,1602,485,3
L_10_05_16_DSC01667.JPG,1478,453,1522,492,3
L_10_05_16_DSC01667.JPG,1358,428,1400,464,3
L_10_05_16_DSC01667.JPG,1480,225,1514,265,3
L_10_05_16_DSC01667.JPG,1312,245,1343,287,3
L_10_05_16_DSC01667.JPG,1081,279,1114,312,3
L_10_05_16_DSC01667.JPG,402,217,429,264,3
L_10_05_16_DSC01667.JPG,376,699,402,738,3
L_10_05_16_DSC01667.JPG,332,684,358,715,3
L_10_05_16_DSC01667.JPG,405,1271,443,1320,3
L_10_05_16_DSC01667.JPG,394,1524,432,1553,3
L_10_05_16_DSC01667.JPG,510,1596,553,1623,3
L_10_05_16_DSC01667.JPG,1069,1189,1104,1213,3
L_10_05_16_DSC01667.JPG,1301,1274,1328,1319,3
L_10_05_16_DSC01667.JPG,1614,1399,1643,1440,3
L_10_05_16_DSC01667.JPG,1619,1631,1653,1677,3
L_10_05_16_DSC01667.JPG,1320,1686,1352,1719,3
L_10_05_16_DSC01667.JPG,1216,1498,1255,1515,3
L_10_05_16_DSC01667.JPG,943,1666,977,1705,3
L_10_05_16_DSC01667.JPG,318,1840,347,1876,3
L_10_05_16_DSC01667.JPG,580,2338,618,2368,3
L_10_05_16_DSC01668.JPG,1127,178,1161,213,3
L_10_05_16_DSC01668.JPG,680,420,733,456,3
L_10_05_16_DSC01668.JPG,605,420,657,456,3
L_10_05_16_DSC01668.JPG,312,368,353,416,3
L_10_05_16_DSC01668.JPG,241,508,312,541,3
L_10_05_16_DSC01668.JPG,303,832,351,860,3
L_10_05_16_DSC01668.JPG,1717,2000,1745,2051,3
L_10_05_16_DSC01668.JPG,1670,2041,1696,2087,3
L_10_05_16_DSC01668.JPG,1557,2227,1610,2245,3
L_10_05_16_DSC01668.JPG,1078,2160,1113,2206,3
L_10_05_16_DSC01668.JPG,910,2200,942,2232,3
L_10_05_16_DSC01668.JPG,671,2238,707,2272,3
L_10_05_16_DSC01668.JPG,972,2372,1013,2407,3
L_10_05_16_DSC01668.JPG,1096,2400,1137,2448,3
L_10_05_16_DSC01668.JPG,1182,2393,1223,2443,3
L_10_05_16_DSC01668.JPG,1316,3345,1347,3391,3
L_10_05_16_DSC01668.JPG,973,3231,1008,3278,3
L_10_05_16_DSC01668.JPG,723,3158,765,3185,3
L_10_05_16_DSC01668.JPG,1337,3581,1373,3626,3
L_10_05_16_DSC01668.JPG,905,3465,951,3492,3
L_10_05_16_DSC01668.JPG,1030,3652,1065,3692,3
L_10_05_16_DSC01668.JPG,626,3660,663,3706,3
L_10_05_16_DSC01668.JPG,146,3623,192,3648,3
L_10_05_16_DSC01668.JPG,8,3290,57,3338,3
L_10_05_16_DSC01668.JPG,10,3560,50,3586,3
L_10_05_16_DSC01669.JPG,664,536,743,587,3
L_10_05_16_DSC01669.JPG,627,709,689,749,3
L_10_05_16_DSC01669.JPG,870,1083,918,1112,3
L_10_05_16_DSC01669.JPG,863,1242,929,1278,3
L_10_05_16_DSC01669.JPG,1222,1358,1272,1381,3
L_10_05_16_DSC01669.JPG,1618,1422,1659,1456,3
L_10_05_16_DSC01669.JPG,1509,1483,1567,1508,3
L_10_05_16_DSC01669.JPG,1460,1562,1487,1618,3
L_10_05_16_DSC01669.JPG,2763,538,2799,587,3
L_10_05_16_DSC01669.JPG,3270,110,3311,148,3
L_10_05_16_DSC01669.JPG,3739,618,3788,648,3
L_10_05_16_DSC01669.JPG,5283,462,5354,482,3
L_10_05_16_DSC01669.JPG,5415,628,5457,665,3
L_10_05_16_DSC01669.JPG,5715,788,5756,835,3
L_10_05_16_DSC01669.JPG,5402,814,5435,860,3
L_10_05_16_DSC01669.JPG,5636,1039,5691,1087,3
L_10_05_16_DSC01669.JPG,5505,1122,5567,1158,3
L_10_05_16_DSC01669.JPG,5243,1487,5316,1511,4
L_10_05_16_DSC01669.JPG,4510,1468,4573,1498,4
L_10_05_16_DSC01669.JPG,4622,3208,4694,3240,3
L_10_05_16_DSC01669.JPG,127,2592,196,2618,3
L_10_05_16_DSC01669.JPG,121,2271,180,2302,3
L_10_05_16_DSC01669.JPG,188,2110,230,2159,3
L_10_05_16_DSC01669.JPG,556,2203,606,2235,3
L_10_05_16_DSC01669.JPG,486,2195,538,2236,3
L_10_05_16_DSC01669.JPG,1024,1973,1059,2009,3
L_10_05_16_DSC01669.JPG,1526,3873,1556,3930,3
L_10_05_16_DSC01669.JPG,1474,3914,1505,3961,3
L_10_05_16_DSC01670.JPG,4348,3793,4403,3845,4
L_10_05_16_DSC01670.JPG,5528,3438,5586,3500,3
L_10_05_16_DSC01670.JPG,5672,3382,5737,3433,3
L_10_05_16_DSC01670.JPG,5777,3130,5823,3190,3
L_10_05_16_DSC01670.JPG,5457,3138,5488,3196,3
L_10_05_16_DSC01670.JPG,5436,2948,5502,2985,3
L_10_05_16_DSC01670.JPG,5328,2755,5391,2791,3
L_10_05_16_DSC01670.JPG,3722,2812,3777,2852,3
L_10_05_16_DSC01670.JPG,2710,2673,2761,2697,3
L_10_05_16_DSC01670.JPG,3270,2257,3316,2303,3
L_10_05_16_DSC01670.JPG,4048,2140,4078,2202,3
L_10_05_16_DSC01670.JPG,2657,1747,2680,1790,3
L_10_05_16_DSC01670.JPG,2526,1866,2568,1925,3
L_10_05_16_DSC01670.JPG,2517,1943,2557,2002,3
L_10_05_16_DSC01670.JPG,2208,1907,2257,1936,3
L_10_05_16_DSC01670.JPG,2152,1600,2173,1650,3
L_10_05_16_DSC01670.JPG,1020,1010,1061,1033,3
L_10_05_16_DSC01670.JPG,888,993,923,1018,3
L_10_05_16_DSC01670.JPG,0,1093,58,1125,3
L_10_05_16_DSC01670.JPG,133,1333,176,1366,3
L_10_05_16_DSC01670.JPG,687,2506,741,2541,3
L_10_05_16_DSC01670.JPG,542,2725,597,2763,3
L_10_05_16_DSC01670.JPG,816,3047,877,3085,3
L_10_05_16_DSC01670.JPG,670,3233,748,3257,3
L_10_05_16_DSC01670.JPG,1132,3347,1203,3377,3
L_10_05_16_DSC01670.JPG,1551,3440,1577,3488,3
L_10_05_16_DSC01670.JPG,1345,3503,1410,3535,3
L_10_05_16_DSC01670.JPG,1357,3588,1411,3650,3
L_10_05_16_DSC01670.JPG,910,3958,936,3999,3
L_10_05_16_DSC01671.JPG,2318,3905,2346,3955,3
L_10_05_16_DSC01671.JPG,2162,3920,2190,3976,3
L_10_05_16_DSC01671.JPG,1762,3746,1802,3801,3
L_10_05_16_DSC01671.JPG,543,3195,597,3230,3
L_10_05_16_DSC01671.JPG,402,3187,450,3212,3
L_10_05_16_DSC01672.JPG,429,3450,484,3485,3
L_10_05_16_DSC01672.JPG,1,2137,43,2163,3
L_10_05_16_DSC01672.JPG,662,502,697,542,3
L_10_05_16_DSC01672.JPG,552,515,599,540,3
L_10_05_16_DSC01672.JPG,447,507,501,548,3
L_10_05_16_DSC01672.JPG,376,548,410,581,3
L_10_05_16_DSC01672.JPG,294,508,331,565,3
L_10_05_16_DSC01727.JPG,655,1726,732,1792,5
L_10_05_16_DSC01760.JPG,3277,1256,3338,1297,5
L_10_05_16_DSC01760.JPG,3196,1120,3238,1186,5
L_10_05_16_DSC01760.JPG,2910,975,2941,1026,5
L_10_05_16_DSC01760.JPG,2360,280,2411,325,5
L_10_05_16_DSC01760.JPG,1843,51,1902,121,5
L_10_05_16_DSC01760.JPG,1785,116,1816,167,5
L_10_05_16_DSC01760.JPG,1518,53,1572,116,5
L_10_05_16_DSC01761.JPG,3375,3391,3432,3445,5
L_10_05_16_DSC01761.JPG,3305,3240,3343,3301,5
L_10_05_16_DSC01761.JPG,3034,3028,3076,3096,5
L_10_05_16_DSC01761.JPG,2578,2228,2627,2276,5
L_10_05_16_DSC01761.JPG,2067,1964,2117,2022,5
L_10_05_16_DSC01761.JPG,2022,1967,2058,2026,5
L_10_05_16_DSC01761.JPG,1992,1754,2051,1805,5
L_10_05_16_DSC01761.JPG,1772,1874,1822,1938,5
L_10_05_16_DSC01761.JPG,1848,1580,1902,1645,5
L_10_05_16_DSC01761.JPG,2631,1922,2669,1940,4
L_10_05_16_DSC01761.JPG,2596,1927,2629,1940,4
L_10_05_16_DSC01761.JPG,2588,1913,2628,1929,4
L_10_05_16_DSC01761.JPG,1930,1403,1973,1478,5
L_10_05_16_DSC01762.JPG,1746,3695,1795,3756,5
L_10_05_16_DSC01762.JPG,1684,3874,1726,3952,5
L_11_05_16_DSC01040.JPG,3785,1298,3870,1346,2
L_11_05_16_DSC01040.JPG,3341,1277,3417,1358,2
L_11_05_16_DSC01040.JPG,3277,1339,3371,1383,2
L_11_05_16_DSC01040.JPG,3033,1479,3073,1573,2
L_11_05_16_DSC01040.JPG,1204,1193,1306,1239,2
L_11_05_16_DSC01040.JPG,589,1865,667,1889,2
L_11_05_16_DSC01040.JPG,731,2582,825,2638,2
L_11_05_16_DSC01041.JPG,5928,2163,5997,2225,2
L_11_05_16_DSC01041.JPG,5663,1687,5747,1763,2
L_11_05_16_DSC01041.JPG,5106,1671,5178,1730,2
L_11_05_16_DSC01041.JPG,3637,3467,3727,3524,2
L_11_05_16_DSC01041.JPG,3193,3427,3271,3523,2
L_11_05_16_DSC01041.JPG,3139,3489,3227,3551,2
L_11_05_16_DSC01041.JPG,2886,3616,2924,3731,2
L_11_05_16_DSC01041.JPG,1196,3296,1304,3348,2
L_11_05_16_DSC01041.JPG,469,3957,567,3993,2
L_11_05_16_DSC01042.JPG,5106,3378,5176,3438,2
L_11_05_16_DSC01042.JPG,5651,3387,5740,3451,2
L_11_05_16_DSC01058.JPG,3178,263,3251,349,2
L_11_05_16_DSC01058.JPG,3139,345,3196,376,2
L_11_05_16_DSC01058.JPG,3394,298,3436,384,2
L_11_05_16_DSC01058.JPG,3165,588,3202,666,2
L_11_05_16_DSC01058.JPG,3236,738,3326,774,2
L_11_05_16_DSC01058.JPG,3222,735,3249,778,2
L_11_05_16_DSC01058.JPG,3382,630,3433,713,2
L_11_05_16_DSC01058.JPG,3339,680,3386,704,2
L_11_05_16_DSC01058.JPG,3516,783,3617,828,2
L_11_05_16_DSC01058.JPG,5633,235,5703,290,2
L_11_05_16_DSC01058.JPG,5851,376,5920,442,2
L_11_05_16_DSC01058.JPG,5800,879,5896,939,2
L_11_05_16_DSC01058.JPG,5274,1008,5359,1067,2
L_11_05_16_DSC01058.JPG,5604,1266,5705,1302,2
L_11_05_16_DSC01058.JPG,5005,1292,5072,1348,2
L_11_05_16_DSC01058.JPG,5082,1453,5179,1508,2
L_11_05_16_DSC01058.JPG,4747,1524,4790,1595,2
L_11_05_16_DSC01058.JPG,4835,1567,4931,1643,2
L_11_05_16_DSC01058.JPG,4606,1814,4662,1924,2
L_11_05_16_DSC01058.JPG,4902,1970,4980,2027,2
L_11_05_16_DSC01058.JPG,5121,1909,5209,1955,2
L_11_05_16_DSC01059.JPG,3405,977,3460,1044,2
L_11_05_16_DSC01059.JPG,3310,966,3374,1059,2
L_11_05_16_DSC01059.JPG,3434,2770,3470,2867,2
L_11_05_16_DSC01059.JPG,3222,2777,3309,2830,2
L_11_05_16_DSC01059.JPG,3181,2795,3227,2837,2
L_11_05_16_DSC01059.JPG,3187,3048,3240,3125,2
L_11_05_16_DSC01059.JPG,3228,3190,3323,3242,2
L_11_05_16_DSC01059.JPG,3353,3148,3400,3171,2
L_11_05_16_DSC01059.JPG,3396,3099,3446,3187,2
L_11_05_16_DSC01059.JPG,3528,3261,3616,3318,2
L_11_05_16_DSC01059.JPG,5944,2516,5998,2559,2
L_11_05_16_DSC01059.JPG,5619,2941,5694,3004,2
L_11_05_16_DSC01059.JPG,5831,3091,5896,3165,2
L_11_05_16_DSC01059.JPG,5801,3583,5858,3656,2
L_11_05_16_DSC01059.JPG,5244,3637,5332,3726,2
L_11_05_16_DSC01059.JPG,5579,3939,5677,3989,2
L_11_05_16_DSC01059.JPG,4957,3880,5029,3950,2
L_11_05_16_DSC01059.JPG,4799,862,4887,934,2
L_11_05_16_DSC01059.JPG,4932,827,5006,873,2
L_11_05_16_DSC01059.JPG,5505,797,5557,876,2
L_11_05_16_DSC01059.JPG,5364,725,5447,794,2
L_11_05_16_DSC01059.JPG,5597,644,5657,713,2
L_11_05_16_DSC01059.JPG,5556,519,5625,601,2
L_11_05_16_DSC01059.JPG,5807,487,5914,544,2
L_11_05_16_DSC01059.JPG,5572,310,5616,406,2
L_11_05_16_DSC01059.JPG,5826,30,5868,123,2
L_11_05_16_DSC01059.JPG,5767,66,5821,164,2
L_11_05_16_DSC01101.JPG,4416,2192,4458,2241,3
L_11_05_16_DSC01101.JPG,2036,492,2114,532,3
L_11_05_16_DSC01101.JPG,1940,870,1993,894,3
L_11_05_16_DSC01109.JPG,4248,783,4347,844,2
L_11_05_16_DSC01109.JPG,4240,766,4306,790,2
L_11_05_16_DSC01109.JPG,4138,668,4236,707,2
L_11_05_16_DSC01109.JPG,4155,755,4228,804,2
L_11_05_16_DSC01109.JPG,4203,943,4257,1033,2
L_11_05_16_DSC01109.JPG,4048,873,4122,921,2
L_11_05_16_DSC01109.JPG,4104,1008,4182,1069,2
L_11_05_16_DSC01109.JPG,3884,997,3955,1037,2
L_11_05_16_DSC01109.JPG,3781,728,3849,815,2
L_11_05_16_DSC01109.JPG,3721,773,3763,828,2
L_11_05_16_DSC01109.JPG,3655,874,3711,925,2
L_11_05_16_DSC01109.JPG,3456,1079,3512,1143,2
L_11_05_16_DSC01109.JPG,3391,1100,3424,1187,2
L_11_05_16_DSC01109.JPG,3738,1132,3781,1233,2
L_11_05_16_DSC01109.JPG,3771,1223,3850,1257,2
L_11_05_16_DSC01109.JPG,3481,1345,3559,1390,2
L_11_05_16_DSC01109.JPG,3656,1454,3741,1501,2
L_11_05_16_DSC01109.JPG,3258,1264,3351,1302,2
L_11_05_16_DSC01109.JPG,3122,1178,3183,1262,2
L_11_05_16_DSC01109.JPG,3191,1382,3226,1461,2
L_11_05_16_DSC01109.JPG,3291,1444,3363,1471,2
L_11_05_16_DSC01109.JPG,3064,1452,3108,1535,2
L_11_05_16_DSC01109.JPG,3236,1551,3275,1622,2
L_11_05_16_DSC01109.JPG,3294,1581,3320,1620,2
L_11_05_16_DSC01109.JPG,3367,1579,3433,1649,2
L_11_05_16_DSC01109.JPG,3978,1284,4030,1346,2
L_11_05_16_DSC01109.JPG,2879,1502,2970,1570,2
L_11_05_16_DSC01109.JPG,2759,1542,2821,1593,2
L_11_05_16_DSC01109.JPG,2856,1633,2889,1682,2
L_11_05_16_DSC01109.JPG,2819,1691,2903,1734,2
L_11_05_16_DSC01109.JPG,2658,1600,2730,1650,2
L_11_05_16_DSC01109.JPG,2594,1954,2630,2000,2
L_11_05_16_DSC01109.JPG,2641,2032,2705,2107,2
L_11_05_16_DSC01109.JPG,2410,2018,2445,2088,2
L_11_05_16_DSC01109.JPG,2462,2239,2527,2298,2
L_11_05_16_DSC01109.JPG,2568,2423,2605,2520,2
L_11_05_16_DSC01109.JPG,2842,2741,2932,2786,2
L_11_05_16_DSC01109.JPG,2692,2833,2781,2885,2
L_11_05_16_DSC01109.JPG,2356,3150,2446,3218,2
L_11_05_16_DSC01109.JPG,3026,3280,3121,3335,2
L_11_05_16_DSC01109.JPG,2281,3667,2322,3734,2
L_11_05_16_DSC01109.JPG,2265,3833,2301,3899,2
L_11_05_16_DSC01109.JPG,2243,3866,2297,3976,2
L_11_05_16_DSC01109.JPG,1439,2750,1481,2798,4
L_11_05_16_DSC01109.JPG,1423,2476,1448,2525,4
L_11_05_16_DSC01109.JPG,1450,2239,1482,2280,4
L_11_05_16_DSC01109.JPG,1422,2276,1451,2322,4
L_11_05_16_DSC01109.JPG,1514,2963,1567,2999,4
L_11_05_16_DSC01110.JPG,1543,75,1582,146,1
L_11_05_16_DSC01111.JPG,1461,3918,1495,3980,1
L_11_05_16_DSC01111.JPG,1397,3945,1457,3982,1
L_11_05_16_DSC01112.JPG,454,2433,493,2462,4
L_11_05_16_DSC01124.JPG,71,404,135,452,1
L_11_05_16_DSC01124.JPG,32,451,114,500,1
L_11_05_16_DSC01125.JPG,971,2893,1040,2930,1
L_11_05_16_DSC01125.JPG,1090,3114,1119,3158,1
L_11_05_16_DSC01125.JPG,1136,3472,1179,3505,1
L_11_05_16_DSC01125.JPG,1187,3556,1262,3595,1
L_11_05_16_DSC01125.JPG,1319,3803,1383,3846,1
L_11_05_16_DSC01125.JPG,1280,3963,1338,3999,1
L_11_05_16_DSC01130.JPG,4765,2083,4847,2157,1
L_11_05_16_DSC01130.JPG,2269,3641,2321,3731,1
L_11_05_16_DSC01130.JPG,2058,3512,2116,3595,1
L_11_05_16_DSC01130.JPG,1526,3897,1568,3995,1
L_11_05_16_DSC01130.JPG,1307,3919,1349,3998,1
L_11_05_16_DSC01130.JPG,1372,3697,1432,3787,1
L_11_05_16_DSC01130.JPG,1292,3416,1331,3523,1
L_11_05_16_DSC01130.JPG,707,3885,801,3926,1
L_11_05_16_DSC01130.JPG,676,3609,774,3653,1
L_11_05_16_DSC01130.JPG,468,3408,532,3484,1
L_11_05_16_DSC01130.JPG,319,3375,360,3466,1
L_11_05_16_DSC01130.JPG,334,3502,384,3570,1
L_11_05_16_DSC01130.JPG,502,3958,558,3999,1
L_11_05_16_DSC01130.JPG,9,3765,74,3811,1
L_11_05_16_DSC01130.JPG,976,2239,1030,2299,1
L_11_05_16_DSC01130.JPG,1024,1923,1069,1971,1
L_11_05_16_DSC01130.JPG,390,1992,446,2044,1
L_11_05_16_DSC01130.JPG,392,2069,457,2098,1
L_11_05_16_DSC01130.JPG,964,1439,1000,1502,1
L_11_05_16_DSC01130.JPG,725,1404,764,1456,1
L_11_05_16_DSC01130.JPG,1534,1624,1588,1643,1
L_11_05_16_DSC01130.JPG,1492,1592,1537,1639,1
L_11_05_16_DSC01130.JPG,1685,1527,1732,1555,1
L_11_05_16_DSC01130.JPG,1945,1494,1998,1545,1
L_11_05_16_DSC01130.JPG,487,1134,567,1173,1
L_11_05_16_DSC01130.JPG,188,1145,251,1198,1
L_11_05_16_DSC01130.JPG,116,1031,188,1084,1
L_11_05_16_DSC01130.JPG,107,762,164,813,1
L_11_05_16_DSC01130.JPG,819,407,860,465,1
L_11_05_16_DSC01130.JPG,794,395,824,432,1
L_11_05_16_DSC01130.JPG,2977,279,3034,317,1
L_11_05_16_DSC01130.JPG,2797,301,2836,347,1
L_11_05_16_DSC01130.JPG,2275,379,2309,455,1
L_11_05_16_DSC01130.JPG,2215,323,2252,363,1
L_11_05_16_DSC01130.JPG,2080,784,2118,835,1
L_11_05_16_DSC01130.JPG,2111,882,2144,916,1
L_11_05_16_DSC01130.JPG,2106,1056,2125,1105,1
L_11_05_16_DSC01130.JPG,2133,1144,2177,1204,1
L_11_05_16_DSC01130.JPG,2839,1169,2871,1214,1
L_11_05_16_DSC01130.JPG,3187,1275,3245,1318,1
L_11_05_16_DSC01130.JPG,3280,1198,3327,1271,1
L_11_05_16_DSC01130.JPG,4466,22,4514,55,1
L_11_05_16_DSC01131.JPG,4522,2023,4579,2090,1
L_11_05_16_DSC01131.JPG,4494,2045,4531,2075,1
L_11_05_16_DSC01131.JPG,4389,2144,4434,2173,1
L_11_05_16_DSC01131.JPG,3734,1809,3769,1884,1
L_11_05_16_DSC01131.JPG,3496,1744,3520,1816,1
L_11_05_16_DSC01131.JPG,3374,1824,3408,1850,1
L_11_05_16_DSC01131.JPG,3999,1281,4024,1349,1
L_11_05_16_DSC01131.JPG,4552,1122,4589,1154,1
L_11_05_16_DSC01131.JPG,4511,1051,4563,1109,1
L_11_05_16_DSC01131.JPG,4463,1164,4493,1190,1
L_11_05_16_DSC01131.JPG,4434,1163,4473,1194,1
L_11_05_16_DSC01131.JPG,4836,1034,4870,1081,1
L_11_05_16_DSC01131.JPG,4343,543,4409,572,1
L_11_05_16_DSC01131.JPG,4043,914,4098,952,1
L_11_05_16_DSC01131.JPG,3048,765,3084,806,1
L_11_05_16_DSC01131.JPG,2986,795,3048,835,1
L_11_05_16_DSC01131.JPG,3013,1119,3048,1148,1
L_11_05_16_DSC01131.JPG,2398,1183,2431,1254,1
L_11_05_16_DSC01131.JPG,2167,1245,2192,1290,1
L_11_05_16_DSC01131.JPG,2144,1421,2198,1466,1
L_11_05_16_DSC01131.JPG,1737,955,1777,985,1
L_11_05_16_DSC01131.JPG,1593,709,1633,785,1
L_11_05_16_DSC01131.JPG,436,1332,515,1383,1
L_11_05_16_DSC01131.JPG,402,1369,447,1392,1
L_11_05_16_DSC01131.JPG,154,1438,220,1469,1
L_11_05_16_DSC01131.JPG,22,1466,60,1518,1
L_11_05_16_DSC01131.JPG,738,2637,788,2699,1
L_11_05_16_DSC01131.JPG,720,2631,746,2672,1
L_11_05_16_DSC01131.JPG,1978,1889,2047,1943,1
L_11_05_16_DSC01131.JPG,2021,1930,2055,1993,1
L_11_05_16_DSC01131.JPG,1976,1981,2012,2019,1
L_11_05_16_DSC01131.JPG,2496,2018,2533,2064,1
L_11_05_16_DSC01131.JPG,2408,2100,2444,2133,1
L_11_05_16_DSC01131.JPG,2926,2468,2988,2505,1
L_11_05_16_DSC01131.JPG,2740,2505,2790,2545,1
L_11_05_16_DSC01131.JPG,2226,2599,2265,2680,1
L_11_05_16_DSC01131.JPG,2162,2531,2206,2575,1
L_11_05_16_DSC01131.JPG,2034,3009,2096,3061,1
L_11_05_16_DSC01131.JPG,2096,3094,2123,3138,1
L_11_05_16_DSC01131.JPG,2098,3285,2125,3337,1
L_11_05_16_DSC01131.JPG,2137,3380,2175,3431,1
L_11_05_16_DSC01131.JPG,1961,3735,2024,3790,1
L_11_05_16_DSC01131.JPG,1709,3762,1745,3805,1
L_11_05_16_DSC01131.JPG,1561,3864,1615,3910,1
L_11_05_16_DSC01131.JPG,1488,3836,1566,3885,1
L_11_05_16_DSC01131.JPG,960,3709,1006,3773,1
L_11_05_16_DSC01131.JPG,700,3674,742,3738,1
L_11_05_16_DSC01131.JPG,440,3433,509,3463,1
L_11_05_16_DSC01131.JPG,121,3449,179,3514,1
L_11_05_16_DSC01131.JPG,53,3367,112,3399,1
L_11_05_16_DSC01131.JPG,10,3071,60,3148,1
L_11_05_16_DSC01131.JPG,3272,3393,3321,3451,1
L_11_05_16_DSC01131.JPG,3176,3462,3246,3513,1
L_11_05_16_DSC01131.JPG,2833,3362,2875,3421,1
L_11_05_16_DSC01132.JPG,5444,575,5501,611,1
L_11_05_16_DSC01132.JPG,4497,2682,4570,2720,1
L_11_05_16_DSC01132.JPG,4980,3141,5013,3182,1
L_11_05_16_DSC01132.JPG,4606,3263,4643,3288,1
L_11_05_16_DSC01132.JPG,4581,3273,4625,3305,1
L_11_05_16_DSC01132.JPG,4696,3217,4740,3258,1
L_11_05_16_DSC01132.JPG,4658,3177,4708,3223,1
L_11_05_16_DSC01132.JPG,4212,3038,4266,3092,1
L_11_05_16_DSC01132.JPG,4152,3402,4188,3474,1
L_11_05_16_DSC01132.JPG,3901,3892,3927,3978,1
L_11_05_16_DSC01132.JPG,3669,3838,3697,3903,1
L_11_05_16_DSC01132.JPG,3551,3903,3586,3943,1
L_11_05_16_DSC01132.JPG,3196,3263,3241,3292,1
L_11_05_16_DSC01132.JPG,3232,2928,3272,2967,1
L_11_05_16_DSC01132.JPG,3170,2959,3236,2989,1
L_11_05_16_DSC01132.JPG,2914,2033,2961,2055,1
L_11_05_16_DSC01132.JPG,2885,2012,2946,2062,1
L_11_05_16_DSC01132.JPG,2598,3336,2633,3403,1
L_11_05_16_DSC01132.JPG,2382,3403,2406,3445,1
L_11_05_16_DSC01132.JPG,2361,3564,2419,3632,1
L_11_05_16_DSC01132.JPG,2177,3954,2204,4000,1
L_11_05_16_DSC01132.JPG,1944,3127,1994,3164,1
L_11_05_16_DSC01132.JPG,1799,2911,1841,2965,1
L_11_05_16_DSC01132.JPG,706,3521,746,3593,1
L_11_05_16_DSC01132.JPG,652,3543,708,3574,1
L_11_05_16_DSC01132.JPG,416,3633,468,3659,1
L_11_05_16_DSC01132.JPG,284,3655,322,3716,1
L_11_05_16_DSC01132.JPG,175,3469,238,3542,1
L_11_05_16_DSC01132.JPG,8,3210,65,3250,1
L_11_05_16_DSC01132.JPG,179,1369,252,1395,1
L_11_05_16_DSC01132.JPG,210,1443,312,1474,1
L_11_05_16_DSC01132.JPG,728,1357,834,1388,1
L_11_05_16_DSC01132.JPG,668,1435,742,1456,1
L_11_05_16_DSC01133.JPG,1304,3564,1381,3607,1
L_11_05_16_DSC01133.JPG,1250,3632,1309,3669,1
L_11_05_16_DSC01133.JPG,795,3597,866,3636,1
L_11_05_16_DSC01133.JPG,827,3664,922,3708,1
L_11_05_16_DSC01133.JPG,5929,2616,5990,2658,1
L_11_05_16_DSC01142.JPG,5798,3114,5869,3184,1
L_11_05_16_DSC01142.JPG,5771,3173,5840,3214,1
L_11_05_16_DSC01142.JPG,5561,3419,5634,3493,1
L_11_05_16_DSC01142.JPG,5435,3373,5491,3443,1
L_11_05_16_DSC01142.JPG,5178,2981,5257,3021,1
L_11_05_16_DSC01142.JPG,5423,2419,5491,2488,1
L_11_05_16_DSC01142.JPG,4603,2168,4671,2226,1
L_11_05_16_DSC01142.JPG,4629,2204,4671,2228,1
L_11_05_16_DSC01142.JPG,5933,1332,5962,1384,1
L_11_05_16_DSC01142.JPG,4111,1582,4153,1610,1
L_11_05_16_DSC01142.JPG,4058,1572,4113,1626,1
L_11_05_16_DSC01142.JPG,5019,932,5059,964,1
L_11_05_16_DSC01142.JPG,5539,642,5598,674,1
L_11_05_16_DSC01142.JPG,5478,601,5536,679,1
L_11_05_16_DSC01142.JPG,5535,2,5571,38,1
L_11_05_16_DSC01142.JPG,3950,414,3993,453,1
L_11_05_16_DSC01142.JPG,3774,311,3864,363,1
L_11_05_16_DSC01142.JPG,3399,228,3440,258,1
L_11_05_16_DSC01142.JPG,3324,141,3391,192,1
L_11_05_16_DSC01142.JPG,2755,1152,2812,1211,1
L_11_05_16_DSC01142.JPG,3515,2413,3579,2455,1
L_11_05_16_DSC01142.JPG,2777,2317,2839,2375,1
L_11_05_16_DSC01142.JPG,3766,3568,3819,3619,1
L_11_05_16_DSC01142.JPG,3357,3522,3410,3567,1
L_11_05_16_DSC01142.JPG,3341,3742,3412,3792,1
L_11_05_16_DSC01142.JPG,2906,3478,2957,3572,1
L_11_05_16_DSC01142.JPG,2370,779,2433,846,1
L_11_05_16_DSC01142.JPG,2225,528,2277,567,1
L_11_05_16_DSC01142.JPG,2375,249,2407,299,1
L_11_05_16_DSC01142.JPG,2233,257,2303,307,1
L_11_05_16_DSC01142.JPG,2169,252,2229,317,1
L_11_05_16_DSC01142.JPG,2152,257,2192,310,1
L_11_05_16_DSC01142.JPG,1931,292,1984,366,1
L_11_05_16_DSC01142.JPG,1552,119,1600,172,1
L_11_05_16_DSC01142.JPG,1455,276,1544,318,1
L_11_05_16_DSC01142.JPG,1464,326,1522,363,1
L_11_05_16_DSC01142.JPG,957,41,1013,90,1
L_11_05_16_DSC01142.JPG,685,12,747,54,1
L_11_05_16_DSC01142.JPG,1008,497,1102,552,1
L_11_05_16_DSC01142.JPG,806,361,880,418,1
L_11_05_16_DSC01142.JPG,795,348,851,385,1
L_11_05_16_DSC01142.JPG,317,247,402,306,1
L_11_05_16_DSC01142.JPG,376,392,434,424,1
L_11_05_16_DSC01142.JPG,418,469,475,519,1
L_11_05_16_DSC01142.JPG,413,517,503,553,1
L_11_05_16_DSC01142.JPG,443,559,518,617,1
L_11_05_16_DSC01142.JPG,1498,861,1551,932,1
L_11_05_16_DSC01142.JPG,887,828,950,906,1
L_11_05_16_DSC01142.JPG,666,1245,765,1282,1
L_11_05_16_DSC01142.JPG,1324,1535,1382,1576,1
L_11_05_16_DSC01142.JPG,1363,1710,1412,1750,1
L_11_05_16_DSC01142.JPG,1915,1437,1982,1499,1
L_11_05_16_DSC01142.JPG,1354,2108,1391,2142,1
L_11_05_16_DSC01142.JPG,112,1120,192,1173,1
L_11_05_16_DSC01142.JPG,1258,2634,1323,2673,1
L_11_05_16_DSC01142.JPG,1307,2964,1358,3025,1
L_11_05_16_DSC01142.JPG,1026,2867,1076,2902,1
L_11_05_16_DSC01143.JPG,1596,0,1661,64,1
L_11_05_16_DSC01143.JPG,1375,39,1444,85,1
L_11_05_16_DSC01143.JPG,1540,118,1625,168,1
L_11_05_16_DSC01143.JPG,1403,137,1462,195,1
L_11_05_16_DSC01143.JPG,1328,128,1421,169,1
L_11_05_16_DSC01143.JPG,1565,290,1635,329,1
L_11_05_16_DSC01143.JPG,1607,321,1655,377,1
L_11_05_16_DSC01143.JPG,1711,357,1758,444,1
L_11_05_16_DSC01143.JPG,1643,451,1704,519,1
L_11_05_16_DSC01143.JPG,1608,505,1662,534,1
L_11_05_16_DSC01143.JPG,1477,689,1559,735,1
L_11_05_16_DSC01143.JPG,1863,796,1923,855,1
L_11_05_16_DSC01143.JPG,1542,866,1605,930,1
L_11_05_16_DSC01143.JPG,1484,839,1567,876,1
L_11_05_16_DSC01143.JPG,1652,1044,1723,1102,1
L_11_05_16_DSC01143.JPG,1616,1059,1662,1090,1
L_11_05_16_DSC01143.JPG,1790,1090,1847,1135,1
L_11_05_16_DSC01143.JPG,1742,1123,1834,1159,1
L_11_05_16_DSC01143.JPG,1685,1137,1743,1213,1
L_11_05_16_DSC01143.JPG,1642,1141,1681,1205,1
L_11_05_16_DSC01143.JPG,1573,1210,1635,1282,1
L_11_05_16_DSC01143.JPG,1467,1260,1536,1324,1
L_11_05_16_DSC01143.JPG,1814,1259,1857,1328,1
L_11_05_16_DSC01143.JPG,1913,1318,1988,1359,1
L_11_05_16_DSC01143.JPG,1959,1396,2022,1421,1
L_11_05_16_DSC01143.JPG,2096,968,2140,1032,1
L_11_05_16_DSC01143.JPG,2465,882,2519,918,1
L_11_05_16_DSC01143.JPG,2374,483,2421,531,1
L_11_05_16_DSC01143.JPG,2403,122,2421,180,1
L_11_05_16_DSC01143.JPG,2445,195,2498,239,1
L_11_05_16_DSC01143.JPG,2609,136,2638,187,1
L_11_05_16_DSC01143.JPG,2730,105,2780,170,1
L_11_05_16_DSC01143.JPG,2900,31,2938,65,1
L_11_05_16_DSC01143.JPG,1502,1414,1551,1445,1
L_11_05_16_DSC01143.JPG,1455,1402,1494,1487,1
L_11_05_16_DSC01143.JPG,762,1208,827,1300,1
L_11_05_16_DSC01143.JPG,1912,1543,1977,1613,1
L_11_05_16_DSC01143.JPG,1942,1625,1979,1677,1
L_11_05_16_DSC01143.JPG,2235,1490,2287,1541,1
L_11_05_16_DSC01143.JPG,2290,1512,2329,1552,1
L_11_05_16_DSC01143.JPG,2513,1337,2578,1401,1
L_11_05_16_DSC01143.JPG,2736,1418,2783,1476,1
L_11_05_16_DSC01143.JPG,2686,1487,2729,1535,1
L_11_05_16_DSC01143.JPG,2823,1590,2870,1630,1
L_11_05_16_DSC01143.JPG,2023,1800,2076,1839,1
L_11_05_16_DSC01143.JPG,1602,2055,1669,2114,1
L_11_05_16_DSC01143.JPG,1590,2104,1643,2116,1
L_11_05_16_DSC01143.JPG,1321,2050,1368,2093,1
L_11_05_16_DSC01143.JPG,1179,2048,1232,2112,1
L_11_05_16_DSC01143.JPG,938,2254,998,2304,1
L_11_05_16_DSC01143.JPG,1094,2384,1153,2423,1
L_11_05_16_DSC01143.JPG,1444,2393,1515,2441,1
L_11_05_16_DSC01143.JPG,1205,2643,1275,2685,1
L_11_05_16_DSC01143.JPG,2587,1998,2663,2046,1
L_11_05_16_DSC01143.JPG,2596,2061,2642,2117,1
L_11_05_16_DSC01143.JPG,2548,2166,2603,2229,1
L_11_05_16_DSC01143.JPG,2994,1960,3063,1995,1
L_11_05_16_DSC01143.JPG,2947,1952,2980,1982,1
L_11_05_16_DSC01143.JPG,3312,1877,3379,1932,1
L_11_05_16_DSC01143.JPG,3265,1949,3302,1989,1
L_11_05_16_DSC01143.JPG,3863,1860,3916,1890,1
L_11_05_16_DSC01143.JPG,4075,1836,4151,1866,1
L_11_05_16_DSC01143.JPG,4431,1965,4505,2012,1
L_11_05_16_DSC01143.JPG,4635,2223,4679,2267,1
L_11_05_16_DSC01143.JPG,4275,2368,4327,2427,1
L_11_05_16_DSC01143.JPG,3684,2408,3764,2443,1
L_11_05_16_DSC01143.JPG,3735,2547,3765,2573,1
L_11_05_16_DSC01143.JPG,3334,2270,3384,2308,1
L_11_05_16_DSC01143.JPG,3129,2197,3160,2228,1
L_11_05_16_DSC01143.JPG,3243,2320,3294,2370,1
L_11_05_16_DSC01143.JPG,3156,2325,3197,2363,1
L_11_05_16_DSC01143.JPG,4791,2833,4846,2854,1
L_11_05_16_DSC01143.JPG,4705,2821,4771,2870,1
L_11_05_16_DSC01143.JPG,5312,3145,5377,3181,1
L_11_05_16_DSC01143.JPG,5295,3184,5390,3215,1
L_11_05_16_DSC01143.JPG,5110,3434,5183,3464,1
L_11_05_16_DSC01143.JPG,4853,3289,4903,3369,1
L_11_05_16_DSC01143.JPG,5297,3675,5378,3719,1
L_11_05_16_DSC01143.JPG,5380,3784,5429,3837,1
L_11_05_16_DSC01143.JPG,1582,3821,1646,3905,1
L_11_05_16_DSC01143.JPG,1514,3586,1560,3675,1
L_11_05_16_DSC01143.JPG,1024,3896,1065,3961,1
L_11_05_16_DSC01143.JPG,858,3823,941,3895,1
L_11_05_16_DSC01143.JPG,693,3968,727,3998,1
L_11_05_16_DSC01143.JPG,960,3509,1013,3538,1
L_11_05_16_DSC01143.JPG,893,3429,975,3485,1
L_11_05_16_DSC01143.JPG,1015,3283,1089,3327,1
L_11_05_16_DSC01143.JPG,1104,3113,1167,3171,1
L_11_05_16_DSC01143.JPG,1242,3139,1310,3225,1
L_11_05_16_DSC01143.JPG,1356,3211,1409,3239,1
L_11_05_16_DSC01143.JPG,1878,3011,1918,3066,1
L_11_05_16_DSC01143.JPG,631,2785,706,2845,1
L_11_05_16_DSC01143.JPG,326,2621,424,2664,1
L_11_05_16_DSC01143.JPG,213,2389,307,2422,1
L_11_05_16_DSC01143.JPG,224,2031,323,2081,1
L_11_05_16_DSC01143.JPG,426,1981,515,2029,1
L_11_05_16_DSC01143.JPG,528,1758,606,1832,1
L_11_05_16_DSC01143.JPG,37,1739,109,1829,1
L_11_05_16_DSC01143.JPG,0,1813,36,1854,1
L_11_05_16_DSC01143.JPG,832,1691,882,1767,1
L_11_05_16_DSC01143.JPG,964,1816,1032,1843,1
L_11_05_16_DSC01143.JPG,1093,1857,1189,1912,1
L_11_05_16_DSC01143.JPG,5843,3530,5932,3571,1
L_11_05_16_DSC01143.JPG,5638,503,5681,532,1
L_11_05_16_DSC01143.JPG,5496,350,5550,455,1
L_11_05_16_DSC01143.JPG,2485,2467,2517,2498,1
L_11_05_16_DSC01144.JPG,3684,2373,3747,2438,1
L_11_05_16_DSC01144.JPG,3773,2591,3825,2650,1
L_11_05_16_DSC01144.JPG,3569,2551,3624,2612,1
L_11_05_16_DSC01144.JPG,3449,2596,3508,2641,1
L_11_05_16_DSC01144.JPG,3413,2875,3449,2936,1
L_11_05_16_DSC01144.JPG,3144,2986,3216,3036,1
L_11_05_16_DSC01144.JPG,3179,3036,3227,3096,1
L_11_05_16_DSC01144.JPG,3199,3147,3252,3208,1
L_11_05_16_DSC01144.JPG,3194,3209,3247,3285,1
L_11_05_16_DSC01144.JPG,3099,3245,3153,3323,1
L_11_05_16_DSC01144.JPG,3243,3362,3295,3436,1
L_11_05_16_DSC01144.JPG,2980,3394,3004,3463,1
L_11_05_16_DSC01144.JPG,3443,3487,3486,3542,1
L_11_05_16_DSC01144.JPG,2821,3477,2894,3534,1
L_11_05_16_DSC01144.JPG,2752,3594,2835,3645,1
L_11_05_16_DSC01144.JPG,2711,3681,2744,3721,1
L_11_05_16_DSC01144.JPG,2619,3710,2686,3792,1
L_11_05_16_DSC01144.JPG,1651,2858,1708,2948,1
L_11_05_16_DSC01144.JPG,3393,3630,3425,3684,1
L_11_05_16_DSC01144.JPG,3296,3629,3351,3710,1
L_11_05_16_DSC01144.JPG,4186,3187,4259,3243,1
L_11_05_16_DSC01144.JPG,5817,3473,5876,3508,1
L_11_05_16_DSC01144.JPG,5933,3464,6000,3528,1
L_11_05_16_DSC01144.JPG,5957,3231,6000,3299,1
L_11_05_16_DSC01144.JPG,5767,2252,5836,2324,1
L_11_05_16_DSC01144.JPG,5436,1862,5489,1899,1
L_11_05_16_DSC01144.JPG,5250,927,5287,984,1
L_11_05_16_DSC01144.JPG,5432,815,5492,861,1
L_11_05_16_DSC01144.JPG,5402,842,5457,892,1
L_11_05_16_DSC01144.JPG,5027,625,5107,675,1
L_11_05_16_DSC01144.JPG,5141,507,5179,556,1
L_11_05_16_DSC01144.JPG,5802,549,5855,599,1
L_11_05_16_DSC01144.JPG,5940,583,5998,664,1
L_11_05_16_DSC01144.JPG,5879,711,5915,762,1
L_11_05_16_DSC01144.JPG,1928,3920,2010,3979,1
L_11_05_16_DSC01145.JPG,2086,384,2159,458,1
L_11_05_16_DSC01145.JPG,2215,433,2308,485,1
L_11_05_16_DSC01145.JPG,3045,590,3104,632,1
L_11_05_16_DSC01145.JPG,4782,804,4869,841,1
L_11_05_16_DSC01145.JPG,4989,767,5065,806,1
L_11_05_16_DSC01145.JPG,4939,281,4983,362,1
L_11_05_16_DSC01145.JPG,5874,2296,5938,2325,1
L_11_05_16_DSC01145.JPG,5827,2306,5883,2382,1
L_11_05_16_DSC01145.JPG,5700,2201,5771,2276,1
L_11_05_16_DSC01145.JPG,5679,2240,5729,2306,1
L_11_05_16_DSC01145.JPG,5484,2261,5534,2326,1
L_11_05_16_DSC01145.JPG,4862,2408,4941,2476,1
L_11_05_16_DSC01145.JPG,5407,3189,5464,3259,1
L_11_05_16_DSC01145.JPG,3574,2409,3649,2443,1
L_11_05_16_DSC01145.JPG,2289,3211,2362,3258,1
L_11_05_16_DSC01145.JPG,1076,2385,1129,2419,1
L_11_05_16_DSC01145.JPG,1022,2320,1093,2351,1
L_11_05_16_DSC01145.JPG,1053,2253,1118,2287,1
L_11_05_16_DSC01145.JPG,1139,2130,1187,2205,1
L_11_05_16_DSC01145.JPG,948,2200,994,2268,1
L_11_05_16_DSC01145.JPG,995,1978,1062,2024,1
L_11_05_16_DSC01146.JPG,3373,1924,3451,1955,1
L_11_05_16_DSC01146.JPG,3189,1809,3249,1883,1
L_11_05_16_DSC01146.JPG,3211,1954,3260,2028,1
L_11_05_16_DSC01146.JPG,3123,1965,3169,2042,1
L_11_05_16_DSC01146.JPG,3886,1947,3955,1992,1
L_11_05_16_DSC01146.JPG,4021,1629,4075,1709,1
L_11_05_16_DSC01146.JPG,4493,1717,4537,1791,1
L_11_05_16_DSC01146.JPG,4707,1505,4755,1584,1
L_11_05_16_DSC01146.JPG,4117,835,4164,915,1
L_11_05_16_DSC01146.JPG,5035,3517,5098,3589,1
L_11_05_16_DSC01146.JPG,4884,3416,4947,3484,1
L_11_05_16_DSC01146.JPG,1849,3629,1916,3699,1
L_11_05_16_DSC01146.JPG,1954,3581,1998,3665,1
L_11_05_16_DSC01146.JPG,2143,3462,2207,3517,1
L_11_05_16_DSC01146.JPG,1888,3000,1948,3068,1
L_11_05_16_DSC01146.JPG,1946,3023,2022,3082,1
L_11_05_16_DSC01146.JPG,1933,3060,1969,3121,1
L_11_05_16_DSC01146.JPG,3746,2521,3780,2594,1
L_11_05_16_DSC01164.JPG,5581,2927,5626,2995,3
L_11_05_16_DSC01179.JPG,1867,511,1919,546,4
L_11_05_16_DSC01180.JPG,695,1346,724,1378,4
L_11_05_16_DSC01180.JPG,512,1321,549,1375,4
L_11_05_16_DSC01180.JPG,509,1465,539,1518,4
L_11_05_16_DSC01180.JPG,545,1557,575,1600,4
L_11_05_16_DSC01180.JPG,499,1535,518,1558,4
L_11_05_16_DSC01180.JPG,491,1558,516,1582,4
L_11_05_16_DSC01180.JPG,447,1598,468,1629,4
L_11_05_16_DSC01180.JPG,484,1522,521,1537,4
L_11_05_16_DSC01180.JPG,129,1201,187,1228,4
L_11_05_16_DSC01189.JPG,4673,1192,4733,1242,3
L_11_05_16_DSC01190.JPG,4582,3644,4655,3683,3
L_11_05_16_DSC01200.JPG,3674,2071,3710,2121,3
L_11_05_16_DSC01200.JPG,4540,1016,4573,1044,3
L_11_05_16_DSC01200.JPG,4683,3851,4754,3891,3
L_11_05_16_DSC01206.JPG,2093,2933,2135,2969,4
L_11_05_16_DSC01207.JPG,4965,807,5010,846,4
L_11_05_16_DSC01208.JPG,4981,3123,5024,3183,4
L_11_05_16_DSC01229.JPG,2333,637,2385,663,4
L_11_05_16_DSC01229.JPG,1998,531,2021,576,4
L_11_05_16_DSC01229.JPG,1859,0,1902,49,4
L_11_05_16_DSC01230.JPG,2979,1805,3039,1841,4
L_11_05_16_DSC01231.JPG,2933,3688,2993,3726,4
L_11_05_16_DSC01232.JPG,3796,2469,3839,2493,4
L_11_05_16_DSC01232.JPG,3974,2810,4015,2842,4
L_11_05_16_DSC01242.JPG,5319,1600,5371,1642,4
L_11_05_16_DSC01244.JPG,1723,1688,1751,1727,4
L_11_05_16_DSC01244.JPG,1634,1858,1682,1880,4
L_11_05_16_DSC01244.JPG,1744,1721,1766,1757,4
L_11_05_16_DSC01244.JPG,1539,2255,1572,2297,4
L_11_05_16_DSC01248.JPG,1302,701,1364,743,5
L_11_05_16_DSC01248.JPG,911,701,955,774,5
L_11_05_16_DSC01249.JPG,1404,2576,1480,2614,5
L_11_05_16_DSC01249.JPG,1015,2601,1064,2654,5
L_11_05_16_DSC01249.JPG,2913,12,2946,95,5
L_11_05_16_DSC01249.JPG,2638,47,2701,123,5
L_11_05_16_DSC01249.JPG,2310,0,2373,55,5
L_11_05_16_DSC01250.JPG,3696,3762,3733,3840,5
L_11_05_16_DSC01250.JPG,3715,3543,3766,3581,5
L_11_05_16_DSC01250.JPG,3342,3640,3392,3694,5
L_11_05_16_DSC01250.JPG,3410,3283,3465,3347,5
L_11_05_16_DSC01250.JPG,4003,3278,4054,3336,5
L_11_05_16_DSC01262.JPG,3572,948,3614,969,4
L_11_05_16_DSC01262.JPG,3565,932,3603,952,4
L_11_05_16_DSC01262.JPG,3507,919,3564,949,4
L_11_05_16_DSC01262.JPG,3344,878,3389,902,4
L_11_05_16_DSC01262.JPG,2710,949,2765,973,4
L_11_05_16_DSC01262.JPG,2602,901,2653,928,4
L_11_05_16_DSC01262.JPG,2411,823,2447,871,4
L_11_05_16_DSC01287.JPG,2855,1892,2905,1911,4
L_11_05_16_DSC01287.JPG,2800,1920,2840,1945,4
L_11_05_16_DSC01287.JPG,2604,1921,2627,1947,4
L_11_05_16_DSC01287.JPG,2547,1991,2574,2023,4
L_11_05_16_DSC01294.JPG,3258,1224,3296,1259,4
L_11_05_16_DSC01294.JPG,3241,1272,3262,1302,4
L_11_05_16_DSC01294.JPG,3205,1251,3230,1284,4
L_11_05_16_DSC01294.JPG,3453,1428,3494,1471,4
L_11_05_16_DSC01307.JPG,2302,198,2356,247,3
L_11_05_16_DSC01308.JPG,5507,1343,5578,1388,3
L_11_05_16_DSC01310.JPG,5598,3647,5665,3692,3
L_11_05_16_DSC01310.JPG,5308,3633,5417,3690,3
L_11_05_16_DSC01310.JPG,1826,2864,1902,2903,3
L_11_05_16_DSC01311.JPG,1535,2191,1578,2246,3
L_11_05_16_DSC01313.JPG,1785,3160,1827,3214,3
L_11_05_16_DSC01315.JPG,1094,810,1134,879,3
L_11_05_16_DSC01315.JPG,800,1232,853,1275,3
L_11_05_16_DSC01315.JPG,208,1415,285,1476,3
L_11_05_16_DSC01315.JPG,831,1573,902,1602,3
L_11_05_16_DSC01315.JPG,807,1685,864,1737,3
L_11_05_16_DSC01315.JPG,726,2013,766,2057,3
L_11_05_16_DSC01315.JPG,1005,2114,1064,2145,3
L_11_05_16_DSC01315.JPG,393,1963,438,1990,3
L_11_05_16_DSC01315.JPG,241,2014,278,2075,3
L_11_05_16_DSC01315.JPG,24,2234,96,2253,3
L_11_05_16_DSC01315.JPG,420,2306,466,2358,3
L_11_05_16_DSC01315.JPG,536,2312,577,2388,3
L_11_05_16_DSC01315.JPG,703,2867,774,2896,3
L_11_05_16_DSC01315.JPG,532,2856,602,2895,3
L_11_05_16_DSC01315.JPG,556,2931,620,2958,3
L_11_05_16_DSC01315.JPG,653,2957,708,2995,3
L_11_05_16_DSC01315.JPG,760,3116,810,3169,3
L_11_05_16_DSC01315.JPG,689,3269,728,3329,3
L_11_05_16_DSC01315.JPG,578,3304,644,3327,3
L_11_05_16_DSC01315.JPG,751,3377,793,3405,3
L_11_05_16_DSC01315.JPG,787,3423,824,3452,3
L_11_05_16_DSC01315.JPG,720,3593,765,3634,3
L_11_05_16_DSC01315.JPG,365,3513,404,3544,3
L_11_05_16_DSC01316.JPG,1505,2221,1548,2282,3
L_11_05_16_DSC01316.JPG,5,2212,73,2265,3
L_11_05_16_DSC01317.JPG,1882,2477,1928,2521,3
L_11_05_16_DSC01317.JPG,1766,2424,1806,2471,3
L_11_05_16_DSC01317.JPG,1736,2553,1774,2602,3
L_11_05_16_DSC01317.JPG,1426,2505,1493,2537,3
L_11_05_16_DSC01317.JPG,1513,2586,1561,2630,3
L_11_05_16_DSC01317.JPG,1730,2751,1775,2789,3
L_11_05_16_DSC01317.JPG,1782,2848,1830,2891,3
L_11_05_16_DSC01317.JPG,1414,2712,1459,2767,3
L_11_05_16_DSC01317.JPG,1383,3057,1419,3100,3
L_11_05_16_DSC01317.JPG,1161,2922,1200,2981,3
L_11_05_16_DSC01317.JPG,615,2304,664,2370,3
L_11_05_16_DSC01317.JPG,420,2313,497,2336,3
L_11_05_16_DSC01317.JPG,511,2401,573,2458,3
L_11_05_16_DSC01317.JPG,1780,3547,1825,3587,3
L_11_05_16_DSC01317.JPG,948,3945,998,3995,3
L_11_05_16_DSC01317.JPG,457,3639,516,3679,3
L_11_05_16_DSC01317.JPG,48,3912,112,3953,3
L_11_05_16_DSC01329.JPG,854,2568,937,2625,1
L_11_05_16_DSC01331.JPG,3709,1552,3765,1576,4
L_11_05_16_DSC01331.JPG,3644,1465,3678,1519,4
L_11_05_16_DSC01331.JPG,4395,1512,4453,1547,4
L_11_05_16_DSC01331.JPG,5016,1639,5075,1689,4
L_11_05_16_DSC01331.JPG,2276,16,2353,57,3
L_11_05_16_DSC01346.JPG,4465,2034,4578,2076,2
L_11_05_16_DSC01346.JPG,4406,2053,4474,2078,2
L_11_05_16_DSC01346.JPG,4340,1809,4436,1880,2
L_11_05_16_DSC01346.JPG,4322,1852,4403,1930,2
L_11_05_16_DSC01346.JPG,4271,1873,4352,1958,2
L_11_05_16_DSC01346.JPG,4218,1917,4300,1981,2
L_11_05_16_DSC01346.JPG,4272,1989,4330,2051,2
L_11_05_16_DSC01346.JPG,4156,1978,4255,2031,2
L_11_05_16_DSC01346.JPG,4085,1994,4203,2069,2
L_11_05_16_DSC01346.JPG,2961,743,3012,844,2
L_11_05_16_DSC01346.JPG,3653,335,3699,421,2
L_11_05_16_DSC01346.JPG,3608,388,3646,467,2
L_11_05_16_DSC01346.JPG,3944,201,4034,265,2
L_11_05_16_DSC01346.JPG,3962,144,4015,236,2
L_11_05_16_DSC01346.JPG,4068,122,4123,212,2
L_11_05_16_DSC01346.JPG,4227,51,4270,160,2
L_11_05_16_DSC01346.JPG,1642,0,1691,23,2
L_11_05_16_DSC01346.JPG,1677,26,1738,133,2
L_11_05_16_DSC01346.JPG,1710,99,1794,187,2
L_11_05_16_DSC01346.JPG,1739,141,1803,228,2
L_11_05_16_DSC01346.JPG,1641,169,1716,257,2
L_11_05_16_DSC01346.JPG,1571,49,1671,98,2
L_11_05_16_DSC01346.JPG,1321,23,1429,91,2
L_11_05_16_DSC01346.JPG,1465,88,1542,152,2
L_11_05_16_DSC01346.JPG,1497,107,1583,193,2
L_11_05_16_DSC01346.JPG,1628,213,1676,296,2
L_11_05_16_DSC01346.JPG,1671,244,1768,305,2
L_11_05_16_DSC01346.JPG,1493,196,1567,264,2
L_11_05_16_DSC01346.JPG,1526,248,1594,337,2
L_11_05_16_DSC01346.JPG,1695,361,1758,452,2
L_11_05_16_DSC01346.JPG,459,571,532,637,2
L_11_05_16_DSC01346.JPG,465,620,537,679,2
L_11_05_16_DSC01346.JPG,488,972,557,1039,2
L_11_05_16_DSC01346.JPG,533,1039,597,1121,2
L_11_05_16_DSC01346.JPG,487,1031,537,1113,2
L_11_05_16_DSC01346.JPG,445,1010,499,1056,2
L_11_05_16_DSC01346.JPG,366,997,460,1052,2
L_11_05_16_DSC01346.JPG,719,1213,775,1267,2
L_11_05_16_DSC01346.JPG,666,1247,737,1303,2
L_11_05_16_DSC01346.JPG,487,1294,599,1347,2
L_11_05_16_DSC01346.JPG,453,1338,561,1400,2
L_11_05_16_DSC01346.JPG,1586,1705,1644,1784,2
L_11_05_16_DSC01346.JPG,1587,1948,1618,2005,2
L_11_05_16_DSC01346.JPG,1586,2117,1626,2177,2
L_11_05_16_DSC01346.JPG,1274,2032,1323,2080,2
L_11_05_16_DSC01346.JPG,1212,2045,1289,2125,2
L_11_05_16_DSC01346.JPG,878,1833,917,1881,2
L_11_05_16_DSC01346.JPG,327,1822,422,1876,2
L_11_05_16_DSC01346.JPG,467,1847,530,1921,2
L_11_05_16_DSC01346.JPG,532,1919,577,1969,2
L_11_05_16_DSC01346.JPG,425,1898,534,1972,2
L_11_05_16_DSC01346.JPG,432,1945,489,1995,2
L_11_05_16_DSC01346.JPG,350,1879,414,1963,2
L_11_05_16_DSC01346.JPG,379,1964,440,2044,2
L_11_05_16_DSC01346.JPG,496,2059,584,2140,2
L_11_05_16_DSC01346.JPG,577,2066,614,2115,2
L_11_05_16_DSC01346.JPG,829,2026,883,2115,2
L_11_05_16_DSC01346.JPG,735,2001,820,2100,2
L_11_05_16_DSC01346.JPG,667,2050,773,2112,2
L_11_05_16_DSC01346.JPG,726,2116,817,2167,2
L_11_05_16_DSC01346.JPG,813,2130,863,2226,2
L_11_05_16_DSC01346.JPG,654,2108,734,2192,2
L_11_05_16_DSC01346.JPG,693,2165,799,2250,2
L_11_05_16_DSC01346.JPG,755,2216,835,2281,2
L_11_05_16_DSC01346.JPG,848,2226,902,2294,2
L_11_05_16_DSC01346.JPG,899,2168,958,2248,2
L_11_05_16_DSC01346.JPG,964,2124,1062,2216,2
L_11_05_16_DSC01346.JPG,939,2135,988,2198,2
L_11_05_16_DSC01346.JPG,1012,2129,1052,2160,2
L_11_05_16_DSC01346.JPG,1054,2209,1128,2245,2
L_11_05_16_DSC01346.JPG,1049,2305,1126,2379,2
L_11_05_16_DSC01346.JPG,1025,2338,1088,2434,2
L_11_05_16_DSC01346.JPG,1017,2415,1074,2463,2
L_11_05_16_DSC01346.JPG,647,2312,707,2373,2
L_11_05_16_DSC01346.JPG,576,2348,693,2410,2
L_11_05_16_DSC01346.JPG,579,2398,676,2451,2
L_11_05_16_DSC01346.JPG,575,2449,648,2474,2
L_11_05_16_DSC01346.JPG,589,2462,685,2519,2
L_11_05_16_DSC01346.JPG,706,2466,814,2523,2
L_11_05_16_DSC01346.JPG,691,2487,734,2558,2
L_11_05_16_DSC01346.JPG,722,2512,820,2595,2
L_11_05_16_DSC01346.JPG,664,2568,731,2619,2
L_11_05_16_DSC01346.JPG,586,2607,674,2655,2
L_11_05_16_DSC01346.JPG,802,2540,876,2623,2
L_11_05_16_DSC01346.JPG,842,2576,906,2637,2
L_11_05_16_DSC01346.JPG,893,2617,998,2705,2
L_11_05_16_DSC01346.JPG,846,2619,907,2705,2
L_11_05_16_DSC01346.JPG,804,2652,895,2716,2
L_11_05_16_DSC01346.JPG,1064,2627,1113,2703,2
L_11_05_16_DSC01346.JPG,776,2709,876,2798,2
L_11_05_16_DSC01346.JPG,138,2460,247,2543,2
L_11_05_16_DSC01346.JPG,180,2623,255,2701,2
L_11_05_16_DSC01346.JPG,23,2321,108,2425,2
L_11_05_16_DSC01346.JPG,3,2416,67,2486,2
L_11_05_16_DSC01346.JPG,0,2451,47,2515,2
L_11_05_16_DSC01346.JPG,841,3059,946,3141,2
L_11_05_16_DSC01346.JPG,927,3147,1014,3232,2
L_11_05_16_DSC01346.JPG,794,3113,897,3178,2
L_11_05_16_DSC01346.JPG,843,3161,914,3219,2
L_11_05_16_DSC01346.JPG,754,3142,861,3216,2
L_11_05_16_DSC01346.JPG,867,3209,979,3282,2
L_11_05_16_DSC01346.JPG,940,3260,1015,3348,2
L_11_05_16_DSC01346.JPG,858,3251,948,3337,2
L_11_05_16_DSC01346.JPG,837,3253,906,3337,2
L_11_05_16_DSC01346.JPG,747,3219,819,3321,2
L_11_05_16_DSC01346.JPG,704,3239,750,3328,2
L_11_05_16_DSC01346.JPG,789,3285,839,3383,2
L_11_05_16_DSC01346.JPG,838,3332,920,3427,2
L_11_05_16_DSC01346.JPG,1208,3225,1260,3309,2
L_11_05_16_DSC01346.JPG,2321,3494,2405,3554,2
L_11_05_16_DSC01346.JPG,608,3499,723,3557,2
L_11_05_16_DSC01346.JPG,642,3554,740,3636,2
L_11_05_16_DSC01346.JPG,510,3558,642,3621,2
L_11_05_16_DSC01346.JPG,537,3617,655,3664,2
L_11_05_16_DSC01346.JPG,554,3659,676,3733,2
L_11_05_16_DSC01346.JPG,657,3708,726,3804,2
L_11_05_16_DSC01346.JPG,594,3720,681,3825,2
L_11_05_16_DSC01346.JPG,293,3602,361,3686,2
L_11_05_16_DSC01347.JPG,2547,3225,2601,3317,2
L_11_05_16_DSC01347.JPG,2441,3534,2555,3626,2
L_11_05_16_DSC01347.JPG,2323,3715,2398,3823,2
L_11_05_16_DSC01347.JPG,1270,3845,1333,3921,2
L_11_05_16_DSC01354.JPG,3730,688,3776,735,4
L_11_05_16_DSC01354.JPG,4102,394,4138,450,4
L_11_05_16_DSC01383.JPG,3747,3603,3778,3657,3
L_11_05_16_DSC01383.JPG,3782,3837,3808,3870,3
L_11_05_16_DSC01386.JPG,1407,477,1468,546,1
L_11_05_16_DSC01386.JPG,1664,918,1721,951,1
L_11_05_16_DSC01386.JPG,1678,1016,1715,1079,1
L_11_05_16_DSC01386.JPG,1754,1079,1789,1128,1
L_11_05_16_DSC01386.JPG,793,1407,841,1476,1
L_11_05_16_DSC01386.JPG,778,1477,819,1517,1
L_11_05_16_DSC01386.JPG,1167,1971,1213,1994,1
L_11_05_16_DSC01386.JPG,1278,2073,1343,2110,1
L_11_05_16_DSC01386.JPG,1153,2288,1191,2362,1
L_11_05_16_DSC01386.JPG,1060,2401,1087,2441,1
L_11_05_16_DSC01386.JPG,4858,2156,4911,2194,1
L_11_05_16_DSC01386.JPG,4953,2000,5021,2022,1
L_11_05_16_DSC01386.JPG,4974,1931,5029,1960,1
L_11_05_16_DSC01386.JPG,5067,1936,5104,1997,1
L_11_05_16_DSC01386.JPG,5181,1918,5255,1956,1
L_11_05_16_DSC01386.JPG,5382,2062,5425,2086,1
L_11_05_16_DSC01386.JPG,5364,2110,5428,2158,1
L_11_05_16_DSC01386.JPG,5865,1851,5920,1883,1
L_11_05_16_DSC01386.JPG,5609,1853,5652,1893,1
L_11_05_16_DSC01386.JPG,5554,1813,5610,1856,1
L_11_05_16_DSC01386.JPG,5434,1771,5495,1824,1
L_11_05_16_DSC01386.JPG,5399,1770,5447,1822,1
L_11_05_16_DSC01386.JPG,5265,1735,5331,1780,1
L_11_05_16_DSC01386.JPG,4764,1498,4810,1527,1
L_11_05_16_DSC01386.JPG,4716,1570,4771,1619,1
L_11_05_16_DSC01386.JPG,5579,1368,5622,1429,1
L_11_05_16_DSC01386.JPG,5554,1441,5596,1466,1
L_11_05_16_DSC01386.JPG,5660,1232,5705,1265,1
L_11_05_16_DSC01386.JPG,4901,753,4963,790,1
L_11_05_16_DSC01386.JPG,4618,970,4699,1032,1
L_11_05_16_DSC01386.JPG,5366,545,5410,573,1
L_11_05_16_DSC01386.JPG,5330,500,5390,538,1
L_11_05_16_DSC01386.JPG,5125,416,5162,437,1
L_11_05_16_DSC01386.JPG,5088,384,5153,437,1
L_11_05_16_DSC01386.JPG,5306,299,5367,372,1
L_11_05_16_DSC01386.JPG,4958,309,5014,377,1
L_11_05_16_DSC01386.JPG,5056,194,5092,228,1
L_11_05_16_DSC01386.JPG,5345,14,5377,47,1
L_11_05_16_DSC01386.JPG,5344,0,5385,19,1
L_11_05_16_DSC01387.JPG,504,270,575,320,1
L_11_05_16_DSC01387.JPG,856,354,942,410,1
L_11_05_16_DSC01387.JPG,1185,363,1235,395,1
L_11_05_16_DSC01387.JPG,990,482,1080,519,1
L_11_05_16_DSC01387.JPG,380,955,423,1002,1
L_11_05_16_DSC01387.JPG,129,990,212,1064,1
L_11_05_16_DSC01387.JPG,2887,184,2929,270,1
L_11_05_16_DSC01387.JPG,2634,572,2666,612,1
L_11_05_16_DSC01387.JPG,2573,1362,2600,1431,1
L_11_05_16_DSC01387.JPG,2617,1404,2645,1455,1
L_11_05_16_DSC01387.JPG,2959,1369,2998,1420,1
L_11_05_16_DSC01387.JPG,2970,1373,3011,1438,1
L_11_05_16_DSC01387.JPG,3025,2137,3085,2184,1
L_11_05_16_DSC01387.JPG,2038,2070,2089,2087,1
L_11_05_16_DSC01387.JPG,2924,2524,2964,2575,1
L_11_05_16_DSC01387.JPG,2607,2984,2659,3049,1
L_11_05_16_DSC01387.JPG,3791,1859,3810,1893,1
L_11_05_16_DSC01387.JPG,3757,1830,3794,1896,1
L_11_05_16_DSC01387.JPG,4069,534,4110,607,1
L_11_05_16_DSC01387.JPG,4501,416,4545,450,1
L_11_05_16_DSC01387.JPG,5486,744,5536,823,1
L_11_05_16_DSC01387.JPG,5466,708,5516,758,1
L_11_05_16_DSC01387.JPG,5790,1277,5842,1311,1
L_11_05_16_DSC01387.JPG,5761,1309,5822,1380,1
L_11_05_16_DSC01387.JPG,5102,1995,5130,2046,1
L_11_05_16_DSC01387.JPG,5151,2332,5205,2406,1
L_11_05_16_DSC01387.JPG,5100,2589,5178,2623,1
L_11_05_16_DSC01387.JPG,4878,2882,4922,2930,1
L_11_05_16_DSC01387.JPG,5070,2936,5124,2996,1
L_11_05_16_DSC01387.JPG,5044,2998,5080,3049,1
L_11_05_16_DSC01387.JPG,5110,3045,5182,3107,1
L_11_05_16_DSC01387.JPG,5282,3073,5332,3115,1
L_11_05_16_DSC01387.JPG,5164,3180,5193,3208,1
L_11_05_16_DSC01387.JPG,5640,2776,5726,2830,1
L_11_05_16_DSC01388.JPG,1688,216,1723,268,1
L_11_05_16_DSC01388.JPG,1263,580,1326,648,1
L_11_05_16_DSC01388.JPG,704,1303,771,1363,1
L_11_05_16_DSC01388.JPG,717,1388,748,1439,1
L_11_05_16_DSC01388.JPG,2341,1119,2386,1157,1
L_11_05_16_DSC01388.JPG,2073,1204,2116,1279,1
L_11_05_16_DSC01388.JPG,931,1908,965,1975,1
L_11_05_16_DSC01388.JPG,1838,2639,1877,2684,1
L_11_05_16_DSC01388.JPG,1822,2782,1854,2822,1
L_11_05_16_DSC01388.JPG,1737,2819,1782,2890,1
L_11_05_16_DSC01388.JPG,2165,2763,2196,2822,1
L_11_05_16_DSC01388.JPG,2266,2730,2297,2774,1
L_11_05_16_DSC01388.JPG,1427,3696,1460,3785,1
L_11_05_16_DSC01388.JPG,1416,3763,1438,3802,1
L_11_05_16_DSC01388.JPG,4052,3493,4090,3560,1
L_11_05_16_DSC01388.JPG,4135,2910,4195,2961,1
L_11_05_16_DSC01388.JPG,3912,2555,3964,2578,1
L_11_05_16_DSC01388.JPG,3859,2556,3885,2588,1
L_11_05_16_DSC01388.JPG,3622,2578,3678,2620,1
L_11_05_16_DSC01388.JPG,3659,2444,3712,2482,1
L_11_05_16_DSC01388.JPG,3639,2352,3670,2422,1
L_11_05_16_DSC01388.JPG,3706,2294,3747,2329,1
L_11_05_16_DSC01388.JPG,3667,2279,3725,2333,1
L_11_05_16_DSC01388.JPG,3588,2291,3636,2357,1
L_11_05_16_DSC01388.JPG,4120,2174,4149,2257,1
L_11_05_16_DSC01388.JPG,3971,2122,4019,2182,1
L_11_05_16_DSC01388.JPG,4785,2384,4824,2413,1
L_11_05_16_DSC01388.JPG,5414,1408,5456,1452,1
L_11_05_16_DSC01388.JPG,5348,1381,5406,1451,1
L_11_05_16_DSC01388.JPG,5233,1229,5291,1261,1
L_11_05_16_DSC01388.JPG,5235,1256,5271,1291,1
L_11_05_16_DSC01388.JPG,5374,723,5429,764,1
L_11_05_16_DSC01388.JPG,4968,401,5024,463,1
L_11_05_16_DSC01388.JPG,4849,231,4905,272,1
L_11_05_16_DSC01388.JPG,4378,16,4433,52,1
L_11_05_16_DSC01388.JPG,3317,756,3358,785,1
L_11_05_16_DSC01388.JPG,3268,762,3310,817,1
L_11_05_16_DSC01389.JPG,5186,3274,5227,3333,1
L_11_05_16_DSC01389.JPG,5096,3302,5154,3366,1
L_11_05_16_DSC01389.JPG,5286,2726,5331,2755,1
L_11_05_16_DSC01389.JPG,5088,1851,5143,1913,1
L_11_05_16_DSC01389.JPG,4654,2051,4728,2086,1
L_11_05_16_DSC01389.JPG,2275,2065,2347,2095,1
L_11_05_16_DSC01389.JPG,2284,2143,2347,2176,1
L_11_05_16_DSC01389.JPG,2299,2171,2343,2203,1
L_11_05_16_DSC01389.JPG,2196,2263,2242,2308,1
L_11_05_16_DSC01389.JPG,2752,2879,2801,2919,1
L_11_05_16_DSC01389.JPG,1659,2021,1695,2052,1
L_11_05_16_DSC01389.JPG,1640,2001,1691,2029,1
L_11_05_16_DSC01389.JPG,1962,1656,2011,1689,1
L_11_05_16_DSC01389.JPG,1774,1249,1807,1274,1
L_11_05_16_DSC01389.JPG,982,546,1038,616,1
L_11_05_16_DSC01389.JPG,557,1548,604,1576,1
L_11_05_16_DSC01389.JPG,1142,1843,1196,1888,1
L_11_05_16_DSC01389.JPG,562,3091,630,3146,1
L_11_05_16_DSC01389.JPG,233,3256,286,3319,1
L_11_05_16_DSC01389.JPG,393,3511,471,3556,1
L_11_05_16_DSC01389.JPG,393,3598,466,3654,1
L_11_05_16_DSC01390.JPG,5901,1678,5941,1696,1
L_11_05_16_DSC01390.JPG,5853,1703,5915,1731,1
L_11_05_16_DSC01390.JPG,3706,2452,3762,2500,1
L_11_05_16_DSC01390.JPG,3094,3591,3161,3616,1
L_11_05_16_DSC01390.JPG,198,3663,250,3716,1
L_11_05_16_DSC01390.JPG,14,3095,73,3158,1
L_11_05_16_DSC01393.JPG,83,1670,178,1698,3
L_11_05_16_DSC01393.JPG,112,1698,195,1718,3
L_11_05_16_DSC01395.JPG,3447,2283,3506,2332,3
L_11_05_16_DSC01396.JPG,4701,1925,4745,1977,3
L_11_05_16_DSC01396.JPG,4459,1863,4509,1895,3
L_11_05_16_DSC01396.JPG,4262,603,4311,652,3
L_11_05_16_DSC01397.JPG,5977,3659,6000,3689,3
L_11_05_16_DSC01397.JPG,5840,3919,5915,3952,3
L_11_05_16_DSC01397.JPG,5403,3577,5457,3639,3
L_11_05_16_DSC01397.JPG,4446,3646,4474,3707,3
L_11_05_16_DSC01397.JPG,4378,3414,4418,3460,3
L_11_05_16_DSC01397.JPG,5490,3324,5530,3367,3
L_11_05_16_DSC01397.JPG,5688,3112,5737,3143,3
L_11_05_16_DSC01397.JPG,5645,3154,5701,3200,3
L_11_05_16_DSC01397.JPG,5613,2978,5652,3029,3
L_11_05_16_DSC01397.JPG,5330,2959,5399,2990,3
L_11_05_16_DSC01397.JPG,5579,2748,5626,2800,3
L_11_05_16_DSC01397.JPG,4827,2763,4891,2801,3
L_11_05_16_DSC01397.JPG,5509,2606,5562,2645,3
L_11_05_16_DSC01397.JPG,5303,2627,5362,2670,3
L_11_05_16_DSC01397.JPG,5054,2602,5109,2636,3
L_11_05_16_DSC01397.JPG,5221,2433,5277,2496,3
L_11_05_16_DSC01397.JPG,4853,2540,4900,2598,3
L_11_05_16_DSC01397.JPG,4753,2476,4791,2538,3
L_11_05_16_DSC01397.JPG,4806,2298,4844,2343,3
L_11_05_16_DSC01397.JPG,4816,2133,4860,2188,3
L_11_05_16_DSC01397.JPG,4774,1998,4820,2024,3
L_11_05_16_DSC01397.JPG,4753,2017,4821,2043,3
L_11_05_16_DSC01397.JPG,5060,1940,5115,1970,3
L_11_05_16_DSC01397.JPG,5870,2406,5929,2443,3
L_11_05_16_DSC01397.JPG,4913,1739,4945,1786,3
L_11_05_16_DSC01397.JPG,5218,1654,5283,1685,3
L_11_05_16_DSC01397.JPG,5331,1654,5356,1708,3
L_11_05_16_DSC01397.JPG,5279,1501,5325,1561,3
L_11_05_16_DSC01397.JPG,5351,1447,5382,1504,3
L_11_05_16_DSC01397.JPG,4955,1409,4994,1459,3
L_11_05_16_DSC01397.JPG,4548,1529,4585,1584,3
L_11_05_16_DSC01397.JPG,3885,1675,3936,1719,3
L_11_05_16_DSC01397.JPG,3715,1845,3774,1872,3
L_11_05_16_DSC01397.JPG,3653,1900,3696,1929,3
L_11_05_16_DSC01397.JPG,3883,2069,3933,2102,3
L_11_05_16_DSC01397.JPG,3719,1620,3762,1645,3
L_11_05_16_DSC01397.JPG,3589,1511,3620,1571,3
L_11_05_16_DSC01397.JPG,3399,1745,3443,1783,3
L_11_05_16_DSC01397.JPG,4202,1475,4257,1493,3
L_11_05_16_DSC01397.JPG,4002,1450,4045,1511,3
L_11_05_16_DSC01397.JPG,4103,1344,4165,1366,3
L_11_05_16_DSC01397.JPG,3945,1405,3989,1446,3
L_11_05_16_DSC01397.JPG,3675,1358,3735,1386,3
L_11_05_16_DSC01397.JPG,3714,1289,3756,1339,3
L_11_05_16_DSC01397.JPG,4059,1197,4122,1245,3
L_11_05_16_DSC01397.JPG,3670,1193,3728,1216,3
L_11_05_16_DSC01397.JPG,4701,1367,4737,1407,3
L_11_05_16_DSC01397.JPG,4898,1223,4959,1268,3
L_11_05_16_DSC01397.JPG,4806,1209,4862,1248,3
L_11_05_16_DSC01397.JPG,5359,1263,5404,1303,3
L_11_05_16_DSC01397.JPG,5221,1225,5271,1252,3
L_11_05_16_DSC01397.JPG,5252,1158,5281,1207,3
L_11_05_16_DSC01397.JPG,5028,1087,5079,1117,3
L_11_05_16_DSC01397.JPG,4852,1043,4900,1078,3
L_11_05_16_DSC01397.JPG,5022,919,5068,960,3
L_11_05_16_DSC01397.JPG,4853,882,4897,918,3
L_11_05_16_DSC01397.JPG,4888,770,4938,798,3
L_11_05_16_DSC01397.JPG,5093,835,5129,888,3
L_11_05_16_DSC01397.JPG,5200,801,5247,855,3
L_11_05_16_DSC01397.JPG,4696,497,4728,550,3
L_11_05_16_DSC01397.JPG,4570,616,4608,665,3
L_11_05_16_DSC01397.JPG,4972,326,5017,358,3
L_11_05_16_DSC01397.JPG,5262,118,5315,145,3
L_11_05_16_DSC01397.JPG,5473,311,5507,348,3
L_11_05_16_DSC01397.JPG,5078,88,5139,124,3
L_11_05_16_DSC01397.JPG,4712,69,4749,119,3
L_11_05_16_DSC01397.JPG,4352,26,4383,78,3
L_11_05_16_DSC01397.JPG,4514,274,4560,306,3
L_11_05_16_DSC01397.JPG,4448,267,4482,294,3
L_11_05_16_DSC01397.JPG,4256,413,4286,456,3
L_11_05_16_DSC01397.JPG,4308,661,4332,711,3
L_11_05_16_DSC01397.JPG,4141,462,4178,520,3
L_11_05_16_DSC01397.JPG,4077,474,4144,531,3
L_11_05_16_DSC01397.JPG,4144,678,4189,715,3
L_11_05_16_DSC01397.JPG,3912,577,3930,638,3
L_11_05_16_DSC01397.JPG,4367,823,4420,864,3
L_11_05_16_DSC01397.JPG,3955,796,4000,832,3
L_11_05_16_DSC01397.JPG,3682,723,3718,768,3
L_11_05_16_DSC01397.JPG,3743,299,3774,340,3
L_11_05_16_DSC01397.JPG,3725,191,3761,222,3
L_11_05_16_DSC01397.JPG,3875,166,3909,214,3
L_11_05_16_DSC01397.JPG,4078,4,4099,80,3
L_11_05_16_DSC01397.JPG,3194,0,3235,44,3
L_11_05_16_DSC01397.JPG,3141,241,3183,274,3
L_11_05_16_DSC01397.JPG,2967,235,3003,278,3
L_11_05_16_DSC01397.JPG,3415,2170,3462,2204,3
L_11_05_16_DSC01397.JPG,2211,1198,2242,1240,3
L_11_05_16_DSC01397.JPG,3268,880,3300,938,3
L_11_05_16_DSC01397.JPG,4563,1108,4593,1148,3
L_11_05_16_DSC01398.JPG,4434,3361,4480,3431,3
L_11_05_16_DSC01398.JPG,4748,3719,4778,3762,3
L_11_05_16_DSC01398.JPG,4781,3771,4852,3842,3
L_11_05_16_DSC01398.JPG,5178,3615,5222,3694,3
L_11_05_16_DSC01398.JPG,5354,3520,5432,3579,3
L_11_05_16_DSC01398.JPG,5316,3647,5378,3700,3
L_11_05_16_DSC01398.JPG,5285,3878,5347,3922,3
L_11_05_16_DSC01398.JPG,5580,3784,5668,3834,3
L_11_05_16_DSC01398.JPG,3537,1792,3568,1825,3
L_11_05_16_DSC01404.JPG,1311,3835,1368,3876,4
L_11_05_16_DSC01404.JPG,1001,3617,1056,3672,4
L_11_05_16_DSC01404.JPG,299,3797,359,3837,4
L_11_05_16_DSC01451.JPG,2419,1637,2454,1690,4
L_11_05_16_DSC01452.JPG,4764,2797,4821,2824,4
L_11_05_16_DSC01452.JPG,4936,2554,4964,2589,4
L_11_05_16_DSC01452.JPG,5350,2218,5378,2265,4
L_11_05_16_DSC01452.JPG,5375,1505,5408,1539,4
S_08_05_16_DSC00197.JPG,2787,830,2832,861,3
S_08_05_16_DSC00198.JPG,2781,2836,2817,2867,3
S_08_05_16_DSC00222.JPG,3623,1552,3657,1580,3
S_08_05_16_DSC00385.JPG,1878,328,1913,396,1
S_08_05_16_DSC00386.JPG,1898,2306,1922,2363,1
S_08_05_16_DSC00387.JPG,867,1191,900,1226,1
S_08_05_16_DSC00387.JPG,1375,1015,1407,1053,1
S_08_05_16_DSC00387.JPG,1465,883,1518,931,1
S_08_05_16_DSC00387.JPG,1613,488,1643,533,1
S_08_05_16_DSC00387.JPG,1538,451,1571,500,1
S_08_05_16_DSC00387.JPG,1018,21,1045,75,1
S_08_05_16_DSC00387.JPG,960,18,1017,51,1
S_08_05_16_DSC00387.JPG,440,92,473,135,1
S_08_05_16_DSC00387.JPG,400,106,440,150,1
S_08_05_16_DSC00387.JPG,346,10,392,76,1
S_08_05_16_DSC00388.JPG,1110,84,1158,126,1
S_08_05_16_DSC00388.JPG,950,160,1003,205,1
S_08_05_16_DSC00388.JPG,1291,376,1330,423,1
S_08_05_16_DSC00388.JPG,1362,668,1391,700,1
S_08_05_16_DSC00388.JPG,1217,730,1283,765,1
S_08_05_16_DSC00388.JPG,1467,981,1507,1002,1
S_08_05_16_DSC00388.JPG,1286,1067,1323,1121,1
S_08_05_16_DSC00388.JPG,794,931,866,954,1
S_08_05_16_DSC00388.JPG,1796,1156,1860,1191,1
S_08_05_16_DSC00388.JPG,1757,1198,1793,1222,1
S_08_05_16_DSC00388.JPG,643,2066,670,2108,1
S_08_05_16_DSC00388.JPG,558,2003,604,2054,1
S_08_05_16_DSC00388.JPG,605,2075,648,2133,1
S_08_05_16_DSC00388.JPG,1701,2411,1723,2460,1
S_08_05_16_DSC00388.JPG,1766,2453,1806,2501,1
S_08_05_16_DSC00388.JPG,1545,2911,1588,2960,1
S_08_05_16_DSC00388.JPG,1528,2980,1576,3014,1
S_08_05_16_DSC00388.JPG,1043,3142,1072,3170,1
S_08_05_16_DSC00389.JPG,1754,3068,1804,3116,1
S_08_05_16_DSC00389.JPG,1700,3123,1737,3148,1
S_08_05_16_DSC00389.JPG,1416,2894,1460,2920,1
S_08_05_16_DSC00389.JPG,1227,2981,1263,3035,1
S_08_05_16_DSC00389.JPG,732,2844,798,2865,1
S_08_05_16_DSC00389.JPG,1170,2646,1237,2670,1
S_08_05_16_DSC00389.JPG,1307,2573,1335,2614,1
S_08_05_16_DSC00389.JPG,1236,2284,1265,2321,1
S_08_05_16_DSC00389.JPG,1070,1995,1112,2024,1
S_08_05_16_DSC00389.JPG,893,2060,933,2090,1
S_08_05_16_DSC00389.JPG,1103,1717,1136,1748,1
S_08_05_16_DSC00389.JPG,733,1275,760,1327,1
S_08_05_16_DSC00390.JPG,783,3106,820,3168,1
S_08_05_16_DSC00390.JPG,1137,3575,1177,3606,1
S_08_05_16_DSC00390.JPG,1416,1462,1443,1497,1
S_08_05_16_DSC00390.JPG,1112,3843,1155,3887,1
S_08_05_16_DSC00390.JPG,931,3906,977,3950,1
S_08_05_16_DSC00391.JPG,1407,3446,1427,3491,1
S_08_05_16_DSC00391.JPG,3103,899,3146,958,1
S_08_05_16_DSC00392.JPG,3225,2670,3256,2722,1
S_08_05_16_DSC00395.JPG,5575,1411,5608,1477,1
S_08_05_16_DSC00395.JPG,1828,1585,1892,1615,3
S_08_05_16_DSC00395.JPG,1468,1228,1510,1273,3
S_08_05_16_DSC00396.JPG,1831,3493,1880,3528,3
S_08_05_16_DSC00396.JPG,1450,3136,1490,3186,3
S_08_05_16_DSC00396.JPG,5491,3211,5540,3283,1
S_08_05_16_DSC00397.JPG,71,625,116,685,3
S_08_05_16_DSC00398.JPG,38,2582,77,2633,3
S_08_05_16_DSC00399.JPG,5377,361,5412,412,3
S_08_05_16_DSC00400.JPG,5343,2382,5371,2433,3
S_08_05_16_DSC00400.JPG,2263,1158,2301,1211,3
S_08_05_16_DSC00400.JPG,1313,337,1373,391,1
S_08_05_16_DSC00400.JPG,1668,0,1724,62,1
S_08_05_16_DSC00401.JPG,2403,3109,2439,3164,3
S_08_05_16_DSC00401.JPG,1826,1931,1862,1989,1
S_08_05_16_DSC00401.JPG,1473,2280,1541,2307,1
S_08_05_16_DSC00402.JPG,1872,3859,1919,3922,1
S_08_05_16_DSC00402.JPG,919,2065,944,2106,3
S_08_05_16_DSC00402.JPG,776,1820,808,1854,3
S_08_05_16_DSC00404.JPG,5478,1247,5517,1303,5
S_08_05_16_DSC00404.JPG,5476,1407,5517,1441,5
S_08_05_16_DSC00405.JPG,5538,3386,5565,3460,5
S_08_05_16_DSC00405.JPG,5617,3499,5671,3541,5
S_08_05_16_DSC00419.JPG,4893,1815,4932,1882,1
S_08_05_16_DSC00420.JPG,4725,3603,4761,3670,1
S_08_05_16_DSC00431.JPG,296,1226,348,1273,1
S_08_05_16_DSC00432.JPG,266,3132,323,3173,1
S_08_05_16_DSC00452.JPG,4767,1298,4830,1346,1
S_08_05_16_DSC00452.JPG,2069,489,2135,529,1
S_08_05_16_DSC00453.JPG,2095,2602,2175,2635,1
S_08_05_16_DSC00453.JPG,4917,3389,5004,3425,1
S_08_05_16_DSC00454.JPG,1432,1727,1482,1767,1
S_08_05_16_DSC00455.JPG,1545,3755,1591,3806,1
S_08_05_16_DSC00472.JPG,3927,1153,3976,1182,1
S_08_05_16_DSC00472.JPG,1671,550,1714,612,1
S_08_05_16_DSC00473.JPG,3151,2593,3186,2655,1
S_08_05_16_DSC00473.JPG,5408,3556,5470,3605,1
S_08_05_16_DSC00490.JPG,2925,1838,2991,1903,1
S_08_05_16_DSC00508.JPG,2337,750,2400,807,1
S_08_05_16_DSC00513.JPG,4382,2053,4432,2084,3
S_08_05_16_DSC00544.JPG,3924,1128,3972,1186,1
S_08_05_16_DSC00545.JPG,3845,3387,3890,3451,1
S_08_05_16_DSC00571.JPG,1931,115,1983,172,3
S_08_05_16_DSC00572.JPG,1713,2278,1757,2328,3
S_08_05_16_DSC00572.JPG,1190,1501,1231,1556,3
S_08_05_16_DSC00573.JPG,1016,3543,1058,3608,3
S_08_05_16_DSC00578.JPG,4900,1362,4947,1426,3
S_08_05_16_DSC00579.JPG,4620,3796,4652,3878,3
S_08_05_16_DSC00584.JPG,2528,1352,2582,1416,1
S_08_05_16_DSC00584.JPG,4201,1567,4243,1595,1
S_08_05_16_DSC00585.JPG,2377,3495,2412,3563,1
S_08_05_16_DSC00585.JPG,4075,3611,4135,3646,1
S_08_05_16_DSC00587.JPG,5430,1188,5497,1230,3
S_08_05_16_DSC00588.JPG,5231,3408,5303,3456,3
S_08_05_16_DSC00595.JPG,5716,492,5791,526,3
S_08_05_16_DSC00595.JPG,5696,625,5738,685,3
S_08_05_16_DSC00596.JPG,5550,2585,5626,2613,3
S_08_05_16_DSC00596.JPG,5535,2701,5578,2762,3
S_08_05_16_DSC00596.JPG,5475,1843,5546,1892,3
S_08_05_16_DSC00596.JPG,5845,1401,5893,1437,3
S_08_05_16_DSC00596.JPG,5603,1221,5645,1265,3
S_08_05_16_DSC00596.JPG,5512,491,5558,526,3
S_08_05_16_DSC00596.JPG,5110,701,5160,752,3
S_08_05_16_DSC00597.JPG,5329,2857,5371,2892,3
S_08_05_16_DSC00597.JPG,4920,3040,4982,3094,3
S_08_05_16_DSC00597.JPG,5427,3589,5466,3632,3
S_08_05_16_DSC00597.JPG,5671,3779,5724,3823,3
S_08_05_16_DSC00624.JPG,305,1518,372,1596,5
S_08_05_16_DSC00624.JPG,1616,84,1638,111,4
S_08_05_16_DSC00624.JPG,1581,82,1610,108,4
S_08_05_16_DSC00625.JPG,1880,2188,1903,2214,4
S_08_05_16_DSC00625.JPG,1827,2245,1858,2267,4
S_08_05_16_DSC00625.JPG,524,3673,582,3755,5
S_08_05_16_DSC00625.JPG,1752,1311,1805,1371,5
S_08_05_16_DSC00625.JPG,1566,580,1613,652,5
S_08_05_16_DSC00625.JPG,1292,246,1340,322,5
S_08_05_16_DSC00626.JPG,2157,3502,2212,3569,5
S_08_05_16_DSC00626.JPG,1973,2782,2017,2865,5
S_08_05_16_DSC00626.JPG,1693,2448,1731,2526,5
S_08_05_16_DSC00626.JPG,2071,2107,2134,2157,5
S_08_05_16_DSC00626.JPG,1651,1873,1673,1914,4
S_08_05_16_DSC00626.JPG,1613,1646,1678,1708,5
S_08_05_16_DSC00626.JPG,1424,1546,1483,1586,5
S_08_05_16_DSC00626.JPG,1549,1436,1592,1464,4
S_08_05_16_DSC00626.JPG,1571,1270,1614,1332,5
S_08_05_16_DSC00626.JPG,1431,1252,1494,1291,5
S_08_05_16_DSC00626.JPG,635,1474,693,1522,5
S_08_05_16_DSC00626.JPG,1050,1033,1098,1095,5
S_08_05_16_DSC00626.JPG,255,470,323,534,5
S_08_05_16_DSC00627.JPG,1827,3665,1871,3688,4
S_08_05_16_DSC00627.JPG,1887,3889,1953,3944,5
S_08_05_16_DSC00627.JPG,1696,3767,1753,3810,5
S_08_05_16_DSC00627.JPG,1842,3509,1885,3564,5
S_08_05_16_DSC00627.JPG,1697,3474,1764,3521,5
S_08_05_16_DSC00627.JPG,1317,3255,1365,3307,5
S_08_05_16_DSC00627.JPG,895,3683,955,3721,5
S_08_05_16_DSC00627.JPG,231,3186,302,3230,5
S_08_05_16_DSC00627.JPG,545,2694,610,2751,5
S_08_05_16_DSC00627.JPG,1112,1577,1166,1626,5
S_08_05_16_DSC00627.JPG,1001,1376,1052,1433,5
S_08_05_16_DSC00627.JPG,795,1089,843,1144,5
S_08_05_16_DSC00627.JPG,488,1101,529,1168,5
S_08_05_16_DSC00627.JPG,994,353,1039,414,5
S_08_05_16_DSC00627.JPG,899,215,952,259,5
S_08_05_16_DSC00627.JPG,950,23,1013,68,5
S_08_05_16_DSC00627.JPG,461,0,517,45,5
S_08_05_16_DSC00628.JPG,1587,1912,1637,1976,5
S_08_05_16_DSC00628.JPG,1221,2228,1283,2273,5
S_08_05_16_DSC00628.JPG,765,2228,827,2290,5
S_08_05_16_DSC00628.JPG,1168,2411,1216,2458,5
S_08_05_16_DSC00628.JPG,1257,2550,1308,2632,5
S_08_05_16_DSC00628.JPG,1053,3280,1106,3347,5
S_08_05_16_DSC00628.JPG,757,3296,792,3353,5
S_08_05_16_DSC00628.JPG,1258,3575,1311,3643,5
S_08_05_16_DSC00628.JPG,1368,3775,1420,3818,5
S_08_05_16_DSC00628.JPG,83,2611,165,2661,5
S_08_05_16_DSC00629.JPG,1886,3548,1940,3648,5
S_08_05_16_DSC00648.JPG,3825,542,3877,577,3
S_08_05_16_DSC00648.JPG,1418,1481,1460,1522,3
S_08_05_16_DSC00648.JPG,1108,1730,1152,1767,3
S_08_05_16_DSC00648.JPG,326,1092,378,1145,3
S_08_05_16_DSC00649.JPG,4110,2832,4178,2877,3
S_08_05_16_DSC00649.JPG,1721,3748,1760,3788,3
S_08_05_16_DSC00649.JPG,728,3496,784,3545,3
S_08_05_16_DSC00649.JPG,2982,1094,3041,1154,3
S_08_05_16_DSC00650.JPG,3333,3460,3361,3536,3
S_08_05_16_DSC00651.JPG,1735,466,1787,507,3
S_08_05_16_DSC00652.JPG,1997,2738,2053,2785,3
S_08_05_16_DSC00656.JPG,1480,1508,1552,1551,3
S_08_05_16_DSC00657.JPG,1857,3821,1917,3878,3
S_08_05_16_DSC00659.JPG,4782,2206,4835,2245,3
S_08_05_16_DSC00659.JPG,6,1257,57,1293,3
S_08_05_16_DSC00660.JPG,316,3511,370,3569,3
S_08_05_16_DSC00666.JPG,1629,529,1697,572,1
S_08_05_16_DSC00666.JPG,598,436,665,511,1
S_08_05_16_DSC00667.JPG,1827,2836,1897,2868,1
S_08_05_16_DSC00667.JPG,795,2713,861,2763,1
S_08_05_16_DSC00667.JPG,155,2113,236,2182,1
S_08_05_16_DSC00667.JPG,28,3590,116,3640,1
S_08_05_16_DSC00668.JPG,2176,351,2237,396,1
S_08_05_16_DSC00668.JPG,2065,501,2093,545,1
S_08_05_16_DSC00668.JPG,1982,517,2027,586,1
S_08_05_16_DSC00668.JPG,2047,2,2108,83,1
S_08_05_16_DSC00668.JPG,2550,6,2606,56,1
S_08_05_16_DSC00668.JPG,2523,112,2578,165,1
S_08_05_16_DSC00669.JPG,2241,2803,2272,2875,1
S_08_05_16_DSC00669.JPG,2320,2784,2345,2833,1
S_08_05_16_DSC00669.JPG,2436,2641,2489,2688,1
S_08_05_16_DSC00669.JPG,2790,2413,2839,2463,1
S_08_05_16_DSC00669.JPG,2822,2303,2871,2342,1
S_08_05_16_DSC00669.JPG,2813,2260,2870,2276,1
S_08_05_16_DSC00669.JPG,3130,2104,3180,2137,1
S_08_05_16_DSC00669.JPG,2527,1918,2562,1979,1
S_08_05_16_DSC00669.JPG,2457,2101,2513,2158,1
S_08_05_16_DSC00669.JPG,2333,1753,2368,1792,1
S_08_05_16_DSC00669.JPG,2979,1163,3029,1188,1
S_08_05_16_DSC00669.JPG,3129,993,3181,1044,1
S_08_05_16_DSC00669.JPG,3296,1252,3358,1278,1
S_08_05_16_DSC00669.JPG,2661,1085,2704,1110,3
S_08_05_16_DSC00669.JPG,2618,1137,2642,1192,3
S_08_05_16_DSC00669.JPG,3740,875,3791,898,4
S_08_05_16_DSC00669.JPG,3409,447,3459,487,3
S_08_05_16_DSC00669.JPG,3384,377,3425,418,1
S_08_05_16_DSC00669.JPG,3483,227,3548,264,1
S_08_05_16_DSC00669.JPG,3653,30,3704,83,1
S_08_05_16_DSC00669.JPG,2794,144,2816,205,4
S_08_05_16_DSC00669.JPG,2039,498,2103,537,1
S_08_05_16_DSC00669.JPG,1936,404,1981,446,1
S_08_05_16_DSC00669.JPG,1044,91,1085,122,1
S_08_05_16_DSC00669.JPG,808,837,875,893,1
S_08_05_16_DSC00669.JPG,1043,978,1098,1017,1
S_08_05_16_DSC00669.JPG,681,912,763,942,1
S_08_05_16_DSC00669.JPG,494,1188,556,1237,1
S_08_05_16_DSC00670.JPG,3147,2403,3172,2454,4
S_08_05_16_DSC00670.JPG,4023,2263,4057,2329,1
S_08_05_16_DSC00670.JPG,3850,2484,3914,2523,1
S_08_05_16_DSC00670.JPG,3753,2632,3796,2672,1
S_08_05_16_DSC00670.JPG,3777,2704,3827,2730,3
S_08_05_16_DSC00670.JPG,4144,3112,4196,3134,4
S_08_05_16_DSC00670.JPG,3505,3261,3557,3313,1
S_08_05_16_DSC00670.JPG,3358,3431,3411,3460,1
S_08_05_16_DSC00670.JPG,3813,3529,3855,3586,1
S_08_05_16_DSC00670.JPG,3042,3348,3086,3377,3
S_08_05_16_DSC00670.JPG,3005,3407,3022,3456,3
S_08_05_16_DSC00670.JPG,2552,2817,2613,2840,1
S_08_05_16_DSC00670.JPG,2412,2766,2471,2807,1
S_08_05_16_DSC00670.JPG,1439,3270,1489,3302,1
S_08_05_16_DSC00670.JPG,1217,3137,1285,3171,1
S_08_05_16_DSC00670.JPG,1084,3194,1163,3235,1
S_08_05_16_DSC00670.JPG,916,3484,963,3536,1
S_08_05_16_DSC00670.JPG,1414,2391,1463,2415,1
S_08_05_16_DSC00670.JPG,1346,2241,1419,2279,1
S_08_05_16_DSC00670.JPG,1613,2113,1680,2137,1
S_08_05_16_DSC00670.JPG,1245,2104,1294,2124,1
S_08_05_16_DSC00670.JPG,816,2120,868,2152,1
S_08_05_16_DSC00670.JPG,787,1892,827,1920,1
S_08_05_16_DSC00670.JPG,654,1904,711,1936,1
S_08_05_16_DSC00670.JPG,1542,1634,1585,1652,1
S_08_05_16_DSC00670.JPG,1535,1662,1598,1701,1
S_08_05_16_DSC00670.JPG,1821,1406,1875,1452,3
S_08_05_16_DSC00670.JPG,2260,1459,2324,1478,1
S_08_05_16_DSC00670.JPG,2167,2009,2225,2050,3
S_08_05_16_DSC00670.JPG,2836,1591,2873,1647,1
S_08_05_16_DSC00670.JPG,3334,1631,3392,1662,1
S_08_05_16_DSC00670.JPG,3547,1488,3605,1512,1
S_08_05_16_DSC00670.JPG,4982,748,5036,802,1
S_08_05_16_DSC00670.JPG,5888,477,5951,518,1
S_08_05_16_DSC00670.JPG,2660,1048,2708,1077,1
S_08_05_16_DSC00670.JPG,2132,1182,2199,1221,1
S_08_05_16_DSC00670.JPG,1861,935,1927,970,1
S_08_05_16_DSC00670.JPG,2034,703,2090,752,1
S_08_05_16_DSC00670.JPG,1934,633,1999,675,1
S_08_05_16_DSC00670.JPG,1980,480,2024,545,1
S_08_05_16_DSC00670.JPG,1281,260,1351,313,1
S_08_05_16_DSC00670.JPG,1167,4,1238,39,1
S_08_05_16_DSC00670.JPG,1030,901,1060,938,1
S_08_05_16_DSC00670.JPG,927,877,985,912,1
S_08_05_16_DSC00671.JPG,2242,3697,2288,3765,3
S_08_05_16_DSC00671.JPG,1832,3818,1885,3845,1
S_08_05_16_DSC00671.JPG,1831,3859,1903,3893,1
S_08_05_16_DSC00671.JPG,2713,3703,2779,3736,1
S_08_05_16_DSC00671.JPG,3124,3815,3175,3873,1
S_08_05_16_DSC00671.JPG,3618,3870,3679,3911,1
S_08_05_16_DSC00671.JPG,3836,3736,3897,3774,1
S_08_05_16_DSC00671.JPG,2962,3277,3000,3303,1
S_08_05_16_DSC00671.JPG,2438,3397,2494,3443,1
S_08_05_16_DSC00671.JPG,2310,3178,2368,3224,1
S_08_05_16_DSC00671.JPG,2336,2907,2377,2976,1
S_08_05_16_DSC00671.JPG,2239,2859,2289,2904,1
S_08_05_16_DSC00671.JPG,2296,2697,2325,2773,1
S_08_05_16_DSC00671.JPG,1329,3080,1357,3118,1
S_08_05_16_DSC00671.JPG,1238,3063,1274,3100,1
S_08_05_16_DSC00671.JPG,1599,2463,1650,2511,1
S_08_05_16_DSC00671.JPG,1615,2187,1693,2210,1
S_08_05_16_DSC00671.JPG,1526,2153,1567,2183,1
S_08_05_16_DSC00671.JPG,714,2004,780,2027,1
S_08_05_16_DSC00671.JPG,537,1366,599,1388,1
S_08_05_16_DSC00671.JPG,1129,1262,1201,1310,1
S_08_05_16_DSC00671.JPG,247,144,305,211,1
S_08_05_16_DSC00671.JPG,4612,565,4656,624,1
S_08_05_16_DSC00671.JPG,4900,1237,4955,1311,1
S_08_05_16_DSC00671.JPG,4811,1641,4852,1685,1
S_08_05_16_DSC00671.JPG,5311,1824,5391,1854,1
S_08_05_16_DSC00671.JPG,5315,1850,5353,1907,1
S_08_05_16_DSC00671.JPG,5744,1970,5785,2014,1
S_08_05_16_DSC00671.JPG,5819,1380,5900,1412,1
S_08_05_16_DSC00671.JPG,5272,3046,5347,3091,1
S_08_05_16_DSC00672.JPG,5186,3618,5251,3696,1
S_08_05_16_DSC00672.JPG,5082,3763,5121,3835,1
S_08_05_16_DSC00672.JPG,4897,2926,4958,2986,1
S_08_05_16_DSC00672.JPG,1377,3596,1450,3642,1
S_08_05_16_DSC00672.JPG,776,3702,832,3745,1
S_08_05_16_DSC00672.JPG,470,2495,538,2555,1
S_08_05_16_DSC00672.JPG,88,2047,176,2078,1
S_08_05_16_DSC00672.JPG,113,2118,173,2145,1
S_08_05_16_DSC00672.JPG,2143,1496,2201,1531,1
S_08_05_16_DSC00672.JPG,2686,1461,2730,1517,1
S_08_05_16_DSC00672.JPG,2600,1880,2630,1922,3
S_08_05_16_DSC00672.JPG,3028,1865,3061,1913,3
S_08_05_16_DSC00672.JPG,3291,1401,3352,1431,1
S_08_05_16_DSC00672.JPG,3586,1227,3655,1276,1
S_08_05_16_DSC00672.JPG,3540,1070,3603,1115,1
S_08_05_16_DSC00672.JPG,5608,1490,5690,1537,1
S_08_05_16_DSC00672.JPG,5526,1483,5580,1509,1
S_08_05_16_DSC00672.JPG,3597,528,3626,570,3
S_08_05_16_DSC00672.JPG,1274,243,1349,294,1
S_08_05_16_DSC00672.JPG,1288,358,1361,410,1
S_08_05_16_DSC00672.JPG,1176,107,1222,155,1
S_08_05_16_DSC00672.JPG,909,26,963,56,1
S_08_05_16_DSC00673.JPG,3407,945,3446,995,3
S_08_05_16_DSC00673.JPG,2978,703,3016,727,3
S_08_05_16_DSC00673.JPG,2915,572,2957,603,3
S_08_05_16_DSC00673.JPG,2575,262,2616,302,3
S_08_05_16_DSC00673.JPG,2097,382,2147,415,3
S_08_05_16_DSC00673.JPG,3154,94,3193,136,1
S_08_05_16_DSC00673.JPG,3520,60,3584,145,1
S_08_05_16_DSC00673.JPG,2321,874,2351,920,1
S_08_05_16_DSC00673.JPG,2295,806,2336,872,1
S_08_05_16_DSC00673.JPG,1514,1845,1552,1878,1
S_08_05_16_DSC00673.JPG,1483,1862,1548,1903,1
S_08_05_16_DSC00673.JPG,87,418,152,455,1
S_08_05_16_DSC00673.JPG,10,474,111,525,1
S_08_05_16_DSC00673.JPG,1451,2148,1496,2177,1
S_08_05_16_DSC00673.JPG,1606,2208,1636,2240,1
S_08_05_16_DSC00673.JPG,1695,2347,1755,2396,1
S_08_05_16_DSC00673.JPG,1706,2462,1785,2496,1
S_08_05_16_DSC00673.JPG,254,2654,323,2685,1
S_08_05_16_DSC00673.JPG,396,3115,453,3168,1
S_08_05_16_DSC00673.JPG,356,3417,413,3474,1
S_08_05_16_DSC00673.JPG,2523,3557,2578,3617,1
S_08_05_16_DSC00673.JPG,3060,3563,3096,3617,1
S_08_05_16_DSC00673.JPG,3388,3953,3422,3997,1
S_08_05_16_DSC00673.JPG,3651,3507,3718,3548,1
S_08_05_16_DSC00673.JPG,3948,3230,4011,3278,1
S_08_05_16_DSC00673.JPG,3950,3360,4012,3407,1
S_08_05_16_DSC00673.JPG,2950,1903,2978,1979,1
S_08_05_16_DSC00673.JPG,3043,1727,3097,1776,1
S_08_05_16_DSC00673.JPG,3115,1554,3144,1601,1
S_08_05_16_DSC00674.JPG,3526,3940,3555,3998,1
S_08_05_16_DSC00674.JPG,3841,3381,3868,3430,3
S_08_05_16_DSC00674.JPG,3393,3103,3431,3128,3
S_08_05_16_DSC00674.JPG,3328,2977,3363,3011,3
S_08_05_16_DSC00674.JPG,2982,2657,3010,2688,3
S_08_05_16_DSC00674.JPG,2515,2788,2568,2825,3
S_08_05_16_DSC00674.JPG,3501,2566,3520,2610,1
S_08_05_16_DSC00674.JPG,3661,2263,3732,2297,1
S_08_05_16_DSC00674.JPG,2710,3205,2753,3268,1
S_08_05_16_DSC00674.JPG,2738,3272,2767,3316,1
S_08_05_16_DSC00674.JPG,3123,1785,3171,1808,1
S_08_05_16_DSC00674.JPG,2628,1677,2707,1702,1
S_08_05_16_DSC00674.JPG,2173,2098,2259,2123,1
S_08_05_16_DSC00674.JPG,1436,2000,1515,2027,1
S_08_05_16_DSC00674.JPG,923,2130,990,2183,1
S_08_05_16_DSC00674.JPG,269,2378,337,2417,1
S_08_05_16_DSC00674.JPG,583,2816,631,2839,1
S_08_05_16_DSC00674.JPG,516,2866,597,2897,1
S_08_05_16_DSC00674.JPG,1272,1131,1347,1156,1
S_08_05_16_DSC00674.JPG,954,789,1001,816,3
S_08_05_16_DSC00674.JPG,1195,345,1238,376,3
S_08_05_16_DSC00674.JPG,1182,324,1201,357,3
S_08_05_16_DSC00674.JPG,1101,303,1143,349,3
S_08_05_16_DSC00674.JPG,1143,254,1165,294,3
S_08_05_16_DSC00674.JPG,1092,208,1132,277,1
S_08_05_16_DSC00674.JPG,329,269,398,302,1
S_08_05_16_DSC00675.JPG,2678,3767,2735,3789,1
S_08_05_16_DSC00675.JPG,2486,3810,2581,3837,1
S_08_05_16_DSC00675.JPG,1380,3221,1468,3246,1
S_08_05_16_DSC00675.JPG,195,3739,227,3772,3
S_08_05_16_DSC00675.JPG,1061,2870,1102,2897,3
S_08_05_16_DSC00675.JPG,1288,2430,1329,2470,3
S_08_05_16_DSC00675.JPG,1287,2385,1318,2416,3
S_08_05_16_DSC00675.JPG,1258,2411,1284,2443,3
S_08_05_16_DSC00675.JPG,1201,2410,1251,2455,3
S_08_05_16_DSC00675.JPG,1221,2341,1255,2413,1
S_08_05_16_DSC00675.JPG,417,2329,501,2357,1
S_08_05_16_DSC00675.JPG,1446,1738,1525,1770,1
S_08_05_16_DSC00676.JPG,3007,174,3060,222,3
S_08_05_16_DSC00676.JPG,3071,317,3130,350,3
S_08_05_16_DSC00676.JPG,46,1872,97,1927,1
S_08_05_16_DSC00677.JPG,3552,2314,3610,2340,3
S_08_05_16_DSC00677.JPG,3487,2183,3548,2233,3
S_08_05_16_DSC00677.JPG,3902,1925,3943,1941,3
S_08_05_16_DSC00677.JPG,4175,1965,4238,1987,3
S_08_05_16_DSC00677.JPG,3957,1907,4020,1933,3
S_08_05_16_DSC00677.JPG,640,3707,696,3775,1
S_08_05_16_DSC00681.JPG,2488,1970,2548,2020,1
S_08_05_16_DSC00684.JPG,2235,891,2284,944,3
S_08_05_16_DSC00685.JPG,2625,3406,2671,3457,3
S_08_05_16_DSC00688.JPG,5525,2257,5565,2312,3
S_08_05_16_DSC00688.JPG,3842,381,3887,417,3
S_08_05_16_DSC00688.JPG,30,3566,76,3623,3
S_08_05_16_DSC00689.JPG,4162,2741,4212,2773,3
S_08_05_16_DSC00690.JPG,152,1656,217,1698,3
S_08_05_16_DSC00691.JPG,640,3701,702,3746,3
S_08_05_16_DSC00764.JPG,4826,815,4882,847,4
S_08_05_16_DSC00764.JPG,4673,793,4718,836,4
S_08_05_16_DSC00765.JPG,4555,2953,4604,3002,4
S_08_05_16_DSC00765.JPG,4425,2947,4467,2996,4
S_08_05_16_DSC00774.JPG,4125,1486,4166,1535,5
S_08_05_16_DSC00775.JPG,3866,3358,3915,3416,5
S_08_05_16_DSC00795.JPG,1288,1781,1337,1808,1
S_08_05_16_DSC00795.JPG,1223,1820,1272,1857,1
S_08_05_16_DSC00795.JPG,953,1991,1008,2034,1
S_08_05_16_DSC00795.JPG,425,1839,472,1903,1
S_08_05_16_DSC00795.JPG,706,1530,762,1585,1
S_08_05_16_DSC00795.JPG,661,1571,701,1604,1
S_08_05_16_DSC00795.JPG,84,1447,149,1504,1
S_08_05_16_DSC00795.JPG,251,1024,304,1074,1
S_08_05_16_DSC00799.JPG,2287,326,2360,381,3
S_08_05_16_DSC00800.JPG,1974,2755,2030,2798,3
S_09_05_16_DSC00412.JPG,3066,1107,3099,1194,2
S_09_05_16_DSC00412.JPG,3023,1019,3066,1076,2
S_09_05_16_DSC00412.JPG,2919,1053,2982,1117,2
S_09_05_16_DSC00412.JPG,3211,797,3259,871,2
S_09_05_16_DSC00412.JPG,2901,837,2928,908,2
S_09_05_16_DSC00412.JPG,2821,890,2857,953,2
S_09_05_16_DSC00412.JPG,2673,927,2715,976,2
S_09_05_16_DSC00412.JPG,2637,977,2694,1063,2
S_09_05_16_DSC00412.JPG,2410,1128,2469,1212,2
S_09_05_16_DSC00412.JPG,3073,635,3107,719,2
S_09_05_16_DSC00412.JPG,3053,572,3098,654,2
S_09_05_16_DSC00412.JPG,2854,482,2907,553,2
S_09_05_16_DSC00412.JPG,2940,361,3000,405,2
S_09_05_16_DSC00412.JPG,3053,291,3093,332,2
S_09_05_16_DSC00412.JPG,3012,198,3058,289,2
S_09_05_16_DSC00412.JPG,3384,230,3414,323,2
S_09_05_16_DSC00412.JPG,2856,105,2948,143,2
S_09_05_16_DSC00412.JPG,2866,96,2896,113,2
S_09_05_16_DSC00412.JPG,3393,51,3421,113,2
S_09_05_16_DSC00412.JPG,3633,0,3699,61,2
S_09_05_16_DSC00412.JPG,3671,0,3714,36,2
S_09_05_16_DSC00412.JPG,3989,25,4015,80,2
S_09_05_16_DSC00412.JPG,4045,172,4125,219,2
S_09_05_16_DSC00412.JPG,4174,177,4237,258,2
S_09_05_16_DSC00412.JPG,4265,0,4292,34,2
S_09_05_16_DSC00412.JPG,4285,285,4327,371,2
S_09_05_16_DSC00412.JPG,4072,285,4168,335,2
S_09_05_16_DSC00412.JPG,4039,298,4069,363,2
S_09_05_16_DSC00412.JPG,3716,471,3789,540,2
S_09_05_16_DSC00412.JPG,3703,535,3751,630,2
S_09_05_16_DSC00412.JPG,3736,688,3782,777,2
S_09_05_16_DSC00412.JPG,3672,770,3748,805,2
S_09_05_16_DSC00413.JPG,3471,1702,3543,1787,2
S_09_05_16_DSC00413.JPG,3592,1992,3685,2025,2
S_09_05_16_DSC00413.JPG,3917,2188,3959,2244,2
S_09_05_16_DSC00413.JPG,4206,2212,4265,2291,2
S_09_05_16_DSC00413.JPG,4270,2203,4310,2266,2
S_09_05_16_DSC00413.JPG,4374,2115,4440,2176,2
S_09_05_16_DSC00413.JPG,4543,2201,4567,2257,2
S_09_05_16_DSC00413.JPG,4628,2088,4667,2176,2
S_09_05_16_DSC00413.JPG,4686,2040,4731,2112,2
S_09_05_16_DSC00413.JPG,4859,2105,4899,2154,2
S_09_05_16_DSC00413.JPG,4756,2204,4833,2251,2
S_09_05_16_DSC00413.JPG,4592,2365,4668,2404,2
S_09_05_16_DSC00413.JPG,4745,2400,4843,2475,2
S_09_05_16_DSC00413.JPG,4836,2531,4877,2603,2
S_09_05_16_DSC00413.JPG,4612,2492,4711,2533,2
S_09_05_16_DSC00413.JPG,4577,2507,4614,2563,2
S_09_05_16_DSC00413.JPG,4229,2672,4311,2739,2
S_09_05_16_DSC00413.JPG,4233,2780,4271,2875,2
S_09_05_16_DSC00413.JPG,4284,2961,4347,3053,2
S_09_05_16_DSC00413.JPG,4192,2975,4272,3018,2
S_09_05_16_DSC00413.JPG,3734,3024,3781,3116,2
S_09_05_16_DSC00413.JPG,3524,3297,3559,3392,2
S_09_05_16_DSC00413.JPG,3483,3205,3527,3256,2
S_09_05_16_DSC00413.JPG,3379,3220,3439,3297,2
S_09_05_16_DSC00413.JPG,3368,2989,3395,3074,2
S_09_05_16_DSC00413.JPG,3284,3042,3319,3108,2
S_09_05_16_DSC00413.JPG,3140,3077,3175,3128,2
S_09_05_16_DSC00413.JPG,3095,3131,3154,3219,2
S_09_05_16_DSC00413.JPG,2850,3265,2907,3352,2
S_09_05_16_DSC00413.JPG,3551,2805,3592,2891,2
S_09_05_16_DSC00413.JPG,3538,2730,3588,2827,2
S_09_05_16_DSC00413.JPG,3350,2640,3394,2719,2
S_09_05_16_DSC00413.JPG,3904,2467,3945,2560,2
S_09_05_16_DSC00413.JPG,3553,2432,3589,2486,2
S_09_05_16_DSC00413.JPG,3496,2417,3540,2524,2
S_09_05_16_DSC00413.JPG,3432,2496,3489,2534,2
S_09_05_16_DSC00413.JPG,3381,2223,3478,2264,2
S_09_05_16_DSC00413.JPG,5390,1880,5457,1977,2
S_09_05_16_DSC00413.JPG,5440,2081,5531,2175,2
S_09_05_16_DSC00413.JPG,5166,1912,5223,1983,2
S_09_05_16_DSC00413.JPG,5196,1962,5236,2003,2
S_09_05_16_DSC00414.JPG,5631,3613,5740,3714,2
S_09_05_16_DSC00414.JPG,5578,3422,5632,3516,2
S_09_05_16_DSC00414.JPG,5353,3478,5414,3548,2
S_09_05_16_DSC00414.JPG,5378,3516,5424,3581,2
S_09_05_16_DSC00414.JPG,5054,3668,5109,3719,2
S_09_05_16_DSC00414.JPG,4923,3621,4963,3695,2
S_09_05_16_DSC00414.JPG,4942,3766,5025,3810,2
S_09_05_16_DSC00414.JPG,4857,3687,4890,3769,2
S_09_05_16_DSC00414.JPG,4828,3887,4909,3941,2
S_09_05_16_DSC00414.JPG,4776,3754,4804,3803,2
S_09_05_16_DSC00414.JPG,4668,3728,4708,3802,2
S_09_05_16_DSC00414.JPG,4533,3820,4570,3889,2
S_09_05_16_DSC00414.JPG,4506,3834,4551,3936,2
S_09_05_16_DSC00414.JPG,4208,3798,4238,3876,2
S_09_05_16_DSC00414.JPG,3990,3634,4076,3694,2
S_09_05_16_DSC00414.JPG,3774,3815,3865,3867,2
S_09_05_16_DSC00414.JPG,3803,3390,3877,3478,2
S_09_05_16_DSC00417.JPG,888,310,946,402,2
S_09_05_16_DSC00418.JPG,1770,1553,1816,1646,2
S_09_05_16_DSC00418.JPG,1654,2049,1712,2134,2
S_09_05_16_DSC00419.JPG,1674,3252,1712,3333,2
S_09_05_16_DSC00419.JPG,1591,3721,1626,3805,2
S_09_05_16_DSC00458.JPG,143,893,195,979,2
S_09_05_16_DSC00458.JPG,178,953,236,1009,2
S_09_05_16_DSC00458.JPG,145,993,222,1030,2
S_09_05_16_DSC00458.JPG,192,1030,253,1107,2
S_09_05_16_DSC00458.JPG,162,1120,224,1147,2
S_09_05_16_DSC00458.JPG,222,1105,268,1172,2
S_09_05_16_DSC00458.JPG,193,1180,252,1264,2
S_09_05_16_DSC00458.JPG,144,1363,204,1437,2
S_09_05_16_DSC00458.JPG,148,1453,185,1492,2
S_09_05_16_DSC00458.JPG,72,1454,127,1552,2
S_09_05_16_DSC00458.JPG,51,1473,88,1537,2
S_09_05_16_DSC00458.JPG,0,1623,40,1690,2
S_09_05_16_DSC00459.JPG,1088,1530,1130,1612,2
S_09_05_16_DSC00459.JPG,881,1458,951,1546,2
S_09_05_16_DSC00459.JPG,548,1731,594,1815,2
S_09_05_16_DSC00459.JPG,512,1661,561,1736,2
S_09_05_16_DSC00459.JPG,415,1743,467,1831,2
S_09_05_16_DSC00459.JPG,470,2822,542,2892,2
S_09_05_16_DSC00459.JPG,492,2893,530,2955,2
S_09_05_16_DSC00459.JPG,440,2944,528,2981,2
S_09_05_16_DSC00459.JPG,506,2979,553,3060,2
S_09_05_16_DSC00459.JPG,525,3046,578,3115,2
S_09_05_16_DSC00459.JPG,469,3071,529,3107,2
S_09_05_16_DSC00459.JPG,500,3107,572,3182,2
S_09_05_16_DSC00459.JPG,473,3252,538,3332,2
S_09_05_16_DSC00459.JPG,464,3335,498,3381,2
S_09_05_16_DSC00459.JPG,390,3339,452,3421,2
S_09_05_16_DSC00459.JPG,341,3422,388,3489,2
S_09_05_16_DSC00459.JPG,283,3511,336,3588,2
S_09_05_16_DSC00459.JPG,350,3608,407,3701,2
S_09_05_16_DSC00459.JPG,203,3620,266,3686,2
S_09_05_16_DSC00459.JPG,71,3766,152,3852,2
S_09_05_16_DSC00460.JPG,1388,3654,1433,3748,2
S_09_05_16_DSC00460.JPG,1179,3580,1249,3677,2
S_09_05_16_DSC00460.JPG,831,3831,878,3928,2
S_09_05_16_DSC00460.JPG,785,3768,836,3850,2
S_09_05_16_DSC00460.JPG,680,3856,730,3957,2
S_09_05_16_DSC00564.JPG,5453,1791,5498,1835,4
S_09_05_16_DSC00564.JPG,5288,1875,5325,1893,4
S_09_05_16_DSC00564.JPG,5266,1845,5308,1862,4
S_09_05_16_DSC00564.JPG,5100,1874,5124,1919,4
S_09_05_16_DSC00565.JPG,4753,3584,4800,3634,4
S_09_05_16_DSC00565.JPG,4571,3630,4615,3648,4
S_09_05_16_DSC00565.JPG,4596,3657,4633,3686,4
S_09_05_16_DSC00565.JPG,4418,3656,4437,3696,4
S_09_05_16_DSC00577.JPG,988,271,1021,307,3
S_09_05_16_DSC00577.JPG,953,248,993,292,3
S_09_05_16_DSC00578.JPG,470,2094,501,2124,3
S_09_05_16_DSC00578.JPG,420,2080,475,2116,3
S_09_05_16_DSC00631.JPG,3217,835,3262,883,4
S_09_05_16_DSC00632.JPG,3226,3465,3274,3521,4
S_09_05_16_DSC00648.JPG,3798,714,3847,739,3
S_09_05_16_DSC00648.JPG,3744,662,3779,706,3
S_09_05_16_DSC00649.JPG,4029,2798,4077,2827,3
S_09_05_16_DSC00649.JPG,3981,2747,4014,2786,3
S_09_05_16_DSC00663.JPG,2146,783,2178,823,4
S_09_05_16_DSC00664.JPG,2785,2633,2811,2676,4
S_09_05_16_DSC00667.JPG,1171,695,1211,741,3
S_09_05_16_DSC00668.JPG,1278,2333,1320,2375,3
S_09_05_16_DSC00671.JPG,293,1585,356,1614,3
S_09_05_16_DSC00672.JPG,542,3384,600,3425,3
S_09_05_16_DSC00674.JPG,562,127,622,159,3
S_09_05_16_DSC00675.JPG,1279,1559,1323,1581,3
S_09_05_16_DSC00676.JPG,2201,3288,2244,3316,3
S_09_05_16_DSC00679.JPG,1082,1932,1135,1982,1
S_09_05_16_DSC00679.JPG,507,1860,550,1908,3
S_09_05_16_DSC00680.JPG,1825,3796,1867,3864,1
S_09_05_16_DSC00680.JPG,1266,3678,1308,3721,3
S_09_05_16_DSC00744.JPG,3413,2320,3456,2386,1
S_09_05_16_DSC00747.JPG,3262,3792,3287,3863,1
S_09_05_16_DSC00747.JPG,4999,1053,5049,1078,4
S_09_05_16_DSC00747.JPG,4801,1040,4848,1065,4
S_09_05_16_DSC00748.JPG,5780,3204,5839,3227,4
S_09_05_16_DSC00748.JPG,5516,3183,5574,3206,4
S_09_05_16_DSC00748.JPG,5429,660,5490,724,1
S_09_05_16_DSC00748.JPG,5068,552,5120,608,1
S_09_05_16_DSC00748.JPG,5769,276,5865,352,1
S_09_05_16_DSC00749.JPG,5626,3296,5673,3343,1
S_09_05_16_DSC00749.JPG,5285,3156,5338,3200,1
S_09_05_16_DSC00749.JPG,4274,336,4311,409,1
S_09_05_16_DSC00750.JPG,5351,2067,5398,2140,1
S_09_05_16_DSC00751.JPG,4700,395,4737,464,1
S_09_05_16_DSC00752.JPG,2401,1277,2441,1338,1
S_09_05_16_DSC00752.JPG,4058,2551,4086,2603,1
S_09_05_16_DSC00752.JPG,5060,2947,5134,2992,1
S_09_05_16_DSC00763.JPG,781,1862,831,1895,1
S_09_05_16_DSC00764.JPG,527,3896,590,3960,1
S_09_05_16_DSC00781.JPG,4143,26,4182,58,1
S_09_05_16_DSC00781.JPG,4106,5,4158,49,1
S_09_05_16_DSC00782.JPG,3700,1866,3759,1915,1
S_09_05_16_DSC00782.JPG,3715,1959,3758,1985,1
S_09_05_16_DSC00782.JPG,5246,1389,5302,1442,1
S_09_05_16_DSC00782.JPG,5234,1377,5271,1418,1
S_09_05_16_DSC00782.JPG,5165,1361,5219,1421,1
S_09_05_16_DSC00783.JPG,3143,206,3197,282,1
S_09_05_16_DSC00783.JPG,4652,3193,4696,3260,1
S_09_05_16_DSC00783.JPG,4632,3180,4671,3231,1
S_09_05_16_DSC00783.JPG,4570,3175,4618,3255,1
S_09_05_16_DSC00783.JPG,3353,3834,3423,3888,1
S_09_05_16_DSC00783.JPG,3308,3929,3349,3972,1
S_09_05_16_DSC00784.JPG,2511,2611,2566,2687,1
S_09_05_16_DSC00785.JPG,4023,206,4074,251,1
S_09_05_16_DSC00785.JPG,3829,128,3867,169,1
S_09_05_16_DSC00785.JPG,5906,247,5967,290,1
S_09_05_16_DSC00785.JPG,897,955,942,1006,1
S_09_05_16_DSC00785.JPG,679,1144,727,1199,1
S_09_05_16_DSC00785.JPG,658,1264,707,1289,1
S_09_05_16_DSC00786.JPG,3537,2272,3587,2307,1
S_09_05_16_DSC00786.JPG,3329,2182,3384,2231,1
S_09_05_16_DSC00786.JPG,5423,2334,5490,2376,1
S_09_05_16_DSC00786.JPG,2894,1311,2932,1362,1
S_09_05_16_DSC00786.JPG,446,3008,490,3066,1
S_09_05_16_DSC00786.JPG,235,3185,274,3251,1
S_09_05_16_DSC00786.JPG,217,3326,261,3348,1
S_09_05_16_DSC00787.JPG,2341,3022,2382,3086,1
S_09_05_16_DSC00787.JPG,2686,3865,2731,3900,1
S_09_05_16_DSC00787.JPG,2853,3941,2910,3995,1
S_09_05_16_DSC00791.JPG,238,1784,314,1835,1
S_09_05_16_DSC00791.JPG,463,2004,530,2068,1
S_09_05_16_DSC00791.JPG,519,1996,591,2053,1
S_09_05_16_DSC00791.JPG,554,2069,647,2097,1
S_09_05_16_DSC00791.JPG,558,2110,651,2147,1
S_09_05_16_DSC00791.JPG,525,2113,595,2179,1
S_09_05_16_DSC00791.JPG,1418,1292,1477,1325,1
S_09_05_16_DSC00791.JPG,282,1675,343,1718,1
S_09_05_16_DSC00792.JPG,1088,3266,1147,3307,1
S_09_05_16_DSC00792.JPG,92,3871,182,3955,1
S_09_05_16_DSC00792.JPG,158,3863,239,3933,1
S_09_05_16_DSC00792.JPG,189,3938,296,3980,1
S_09_05_16_DSC00799.JPG,2397,1361,2420,1400,4
S_09_05_16_DSC00799.JPG,2381,1379,2411,1419,4
S_09_05_16_DSC00799.JPG,2355,1399,2393,1429,4
S_09_05_16_DSC00799.JPG,363,528,415,560,3
S_09_05_16_DSC00800.JPG,1985,3415,2006,3453,4
S_09_05_16_DSC00800.JPG,1967,3430,1997,3470,4
S_09_05_16_DSC00800.JPG,1942,3451,1980,3480,4
S_09_05_16_DSC00819.JPG,5831,120,5897,226,1
S_09_05_16_DSC00819.JPG,5532,488,5590,521,1
S_09_05_16_DSC00819.JPG,5562,618,5608,691,1
S_09_05_16_DSC00820.JPG,4862,2774,4911,2790,1
S_09_05_16_DSC00820.JPG,4884,2904,4928,2966,1
S_09_05_16_DSC00820.JPG,5152,2345,5213,2408,1
S_09_05_16_DSC00827.JPG,2067,365,2118,406,3
S_09_05_16_DSC00827.JPG,1944,0,1998,36,3
S_09_05_16_DSC00828.JPG,2528,614,2575,648,1
S_09_05_16_DSC00828.JPG,2488,679,2516,733,1
S_09_05_16_DSC00828.JPG,1576,457,1638,491,3
S_09_05_16_DSC00828.JPG,1484,872,1549,898,3
S_09_05_16_DSC00828.JPG,1270,971,1325,999,3
S_09_05_16_DSC00828.JPG,1044,780,1094,810,3
S_09_05_16_DSC00828.JPG,1437,1143,1508,1170,3
S_09_05_16_DSC00828.JPG,1556,1406,1604,1448,3
S_09_05_16_DSC00828.JPG,860,1562,939,1590,3
S_09_05_16_DSC00828.JPG,1615,2105,1672,2149,3
S_09_05_16_DSC00828.JPG,1735,2501,1798,2548,3
S_09_05_16_DSC00828.JPG,0,1378,26,1394,3
S_09_05_16_DSC00829.JPG,1036,2468,1086,2496,3
S_09_05_16_DSC00829.JPG,471,2781,522,2811,3
S_09_05_16_DSC00829.JPG,698,2990,764,3026,3
S_09_05_16_DSC00829.JPG,915,2901,989,2933,3
S_09_05_16_DSC00829.JPG,868,3178,944,3221,3
S_09_05_16_DSC00829.JPG,967,3476,1039,3512,3
S_09_05_16_DSC00829.JPG,214,3613,290,3638,3
S_09_05_16_DSC00829.JPG,950,870,1000,910,3
S_09_05_16_DSC00829.JPG,1964,2693,2015,2729,1
S_09_05_16_DSC00829.JPG,1928,2765,1959,2797,1
S_09_05_16_DSC00829.JPG,5045,1816,5107,1840,1
S_09_05_16_DSC00829.JPG,5025,1807,5058,1823,1
S_09_05_16_DSC00829.JPG,5878,525,5927,565,1
S_09_05_16_DSC00829.JPG,5111,94,5163,133,1
S_09_05_16_DSC00830.JPG,4492,2076,4548,2109,1
S_09_05_16_DSC00830.JPG,5162,2598,5213,2619,1
S_09_05_16_DSC00830.JPG,4301,3815,4361,3855,1
S_09_05_16_DSC00830.JPG,4263,3802,4321,3823,1
S_09_05_16_DSC00830.JPG,285,2537,353,2581,3
S_09_05_16_DSC00830.JPG,5179,1048,5236,1065,4
S_09_05_16_DSC00830.JPG,5247,983,5284,1023,4
S_09_05_16_DSC00830.JPG,5102,914,5163,935,4
S_09_05_16_DSC00830.JPG,5294,618,5321,671,4
S_09_05_16_DSC00830.JPG,5371,361,5405,397,4
S_09_05_16_DSC00830.JPG,5175,360,5209,398,4
S_09_05_16_DSC00831.JPG,4896,2902,4932,2948,4
S_09_05_16_DSC00831.JPG,4782,2894,4830,2924,4
S_09_05_16_DSC00831.JPG,4763,2975,4803,3010,4
S_09_05_16_DSC00831.JPG,4933,2507,4970,2560,4
S_09_05_16_DSC00831.JPG,5030,2319,5075,2350,4
S_09_05_16_DSC00831.JPG,4830,2328,4875,2353,4
S_09_05_16_DSC00831.JPG,4352,652,4408,693,3
S_09_05_16_DSC00832.JPG,3776,2636,3824,2678,3
S_09_05_16_DSC00832.JPG,5274,623,5320,684,3
S_09_05_16_DSC00832.JPG,5448,317,5486,383,3
S_09_05_16_DSC00832.JPG,5703,0,5741,26,3
S_09_05_16_DSC00833.JPG,5007,2481,5068,2520,3
S_09_05_16_DSC00833.JPG,4990,2582,5035,2625,3
S_09_05_16_DSC00833.JPG,4772,2900,4804,2958,3
S_09_05_16_DSC00833.JPG,4617,3164,4659,3215,3
S_09_05_16_DSC00833.JPG,3403,0,3460,38,3
S_09_05_16_DSC00834.JPG,2564,1699,2590,1757,3
S_09_05_16_DSC00834.JPG,2966,1333,3023,1360,3
S_09_05_16_DSC00834.JPG,3045,1231,3096,1261,3
S_09_05_16_DSC00834.JPG,3489,1295,3529,1334,3
S_09_05_16_DSC00834.JPG,3485,1056,3530,1092,3
S_09_05_16_DSC00834.JPG,3445,963,3483,987,3
S_09_05_16_DSC00834.JPG,3664,1196,3702,1250,3
S_09_05_16_DSC00834.JPG,1576,445,1616,485,3
S_09_05_16_DSC00834.JPG,774,621,807,661,3
S_09_05_16_DSC00834.JPG,802,669,855,705,3
S_09_05_16_DSC00834.JPG,852,799,920,826,3
S_09_05_16_DSC00834.JPG,562,995,598,1051,3
S_09_05_16_DSC00834.JPG,506,715,562,749,3
S_09_05_16_DSC00834.JPG,494,639,570,667,3
S_09_05_16_DSC00834.JPG,321,542,372,567,3
S_09_05_16_DSC00835.JPG,3132,2734,3175,2772,3
S_09_05_16_DSC00835.JPG,3152,2833,3217,2872,3
S_09_05_16_DSC00835.JPG,3356,2983,3406,3018,3
S_09_05_16_DSC00835.JPG,3184,3054,3228,3107,3
S_09_05_16_DSC00835.JPG,2751,2981,2808,3010,3
S_09_05_16_DSC00835.JPG,2271,3071,2344,3098,3
S_09_05_16_DSC00835.JPG,2022,3218,2061,3265,3
S_09_05_16_DSC00835.JPG,420,2684,457,2745,3
S_09_05_16_DSC00835.JPG,677,2506,739,2540,3
S_09_05_16_DSC00835.JPG,634,2389,684,2408,3
S_09_05_16_DSC00835.JPG,614,2411,652,2448,3
S_09_05_16_DSC00835.JPG,359,2416,412,2458,3
S_09_05_16_DSC00835.JPG,243,2336,324,2352,3
S_09_05_16_DSC00835.JPG,182,2259,235,2276,3
S_09_05_16_DSC00835.JPG,1334,2172,1375,2222,3
S_09_05_16_DSC00835.JPG,595,827,672,852,3
S_09_05_16_DSC00835.JPG,5552,1262,5586,1319,3
S_09_05_16_DSC00836.JPG,5176,2182,5224,2205,3
S_09_05_16_DSC00836.JPG,4987,2198,5044,2227,3
S_09_05_16_DSC00836.JPG,5686,898,5736,954,3
S_09_05_16_DSC00836.JPG,5660,834,5701,885,3
S_09_05_16_DSC00836.JPG,5668,754,5724,786,3
S_09_05_16_DSC00836.JPG,4680,3474,4731,3515,3
S_09_05_16_DSC00837.JPG,4938,2860,4980,2902,3
S_09_05_16_DSC00837.JPG,4909,2803,4939,2850,3
S_09_05_16_DSC00837.JPG,4887,2708,4947,2747,3
S_09_05_16_DSC00837.JPG,1610,738,1662,770,3
S_09_05_16_DSC00837.JPG,917,54,983,84,3
S_09_05_16_DSC00837.JPG,795,0,875,25,3
S_09_05_16_DSC00837.JPG,676,498,738,536,3
S_09_05_16_DSC00838.JPG,3556,1488,3599,1534,3
S_09_05_16_DSC00838.JPG,3011,1118,3070,1142,3
S_09_05_16_DSC00838.JPG,2260,1375,2313,1397,3
S_09_05_16_DSC00838.JPG,2687,878,2738,921,3
S_09_05_16_DSC00838.JPG,3303,459,3344,486,3
S_09_05_16_DSC00838.JPG,3130,482,3167,538,3
S_09_05_16_DSC00838.JPG,3615,576,3647,620,3
S_09_05_16_DSC00838.JPG,3559,244,3602,285,3
S_09_05_16_DSC00838.JPG,3962,70,3987,111,3
S_09_05_16_DSC00838.JPG,973,1565,1034,1592,3
S_09_05_16_DSC00838.JPG,501,1493,548,1533,3
S_09_05_16_DSC00838.JPG,799,1157,873,1178,3
S_09_05_16_DSC00838.JPG,530,2086,587,2119,3
S_09_05_16_DSC00838.JPG,642,2135,697,2164,3
S_09_05_16_DSC00838.JPG,441,2578,511,2610,3
S_09_05_16_DSC00838.JPG,1360,2734,1406,2768,3
S_09_05_16_DSC00839.JPG,3600,2303,3627,2347,3
S_09_05_16_DSC00839.JPG,3200,2444,3233,2482,3
S_09_05_16_DSC00839.JPG,2926,2627,2968,2653,3
S_09_05_16_DSC00839.JPG,2764,2579,2783,2633,3
S_09_05_16_DSC00839.JPG,3228,2771,3255,2822,3
S_09_05_16_DSC00839.JPG,2365,2902,2386,2954,3
S_09_05_16_DSC00839.JPG,2600,3244,2653,3269,3
S_09_05_16_DSC00839.JPG,4630,1846,4681,1875,3
S_09_05_16_DSC00839.JPG,3914,1263,3942,1308,3
S_09_05_16_DSC00839.JPG,3640,1273,3680,1307,3
S_09_05_16_DSC00839.JPG,3008,1341,3058,1369,3
S_09_05_16_DSC00839.JPG,2762,1549,2798,1584,3
S_09_05_16_DSC00839.JPG,3197,1678,3235,1703,3
S_09_05_16_DSC00839.JPG,3514,1876,3562,1896,3
S_09_05_16_DSC00839.JPG,4479,790,4514,822,3
S_09_05_16_DSC00839.JPG,4368,591,4421,621,3
S_09_05_16_DSC00839.JPG,5243,969,5285,1002,3
S_09_05_16_DSC00839.JPG,5209,1087,5252,1119,3
S_09_05_16_DSC00839.JPG,5838,1152,5873,1183,3
S_09_05_16_DSC00839.JPG,3104,3642,3148,3686,3
S_09_05_16_DSC00839.JPG,1843,3417,1910,3458,3
S_09_05_16_DSC00839.JPG,554,3497,628,3532,3
S_09_05_16_DSC00839.JPG,75,3412,130,3453,3
S_09_05_16_DSC00839.JPG,423,3093,469,3123,3
S_09_05_16_DSC00839.JPG,329,2705,391,2747,3
S_09_05_16_DSC00839.JPG,1229,1902,1267,1935,3
S_09_05_16_DSC00840.JPG,3144,877,3166,930,3
S_09_05_16_DSC00840.JPG,2981,2220,3017,2259,3
S_09_05_16_DSC00840.JPG,3251,3321,3286,3380,3
S_09_05_16_DSC00840.JPG,3533,3305,3560,3378,3
S_09_05_16_DSC00840.JPG,2619,3374,2677,3416,3
S_09_05_16_DSC00840.JPG,2376,3565,2418,3613,3
S_09_05_16_DSC00840.JPG,2806,3707,2851,3753,3
S_09_05_16_DSC00840.JPG,3127,3903,3178,3935,3
S_09_05_16_DSC00840.JPG,4867,3031,4907,3071,3
S_09_05_16_DSC00840.JPG,4830,3157,4876,3206,3
S_09_05_16_DSC00840.JPG,5459,3233,5489,3268,3
S_09_05_16_DSC00840.JPG,4245,3889,4296,3943,3
S_09_05_16_DSC00840.JPG,831,3877,880,3910,3
S_09_05_16_DSC00840.JPG,3991,2655,4045,2697,3
S_09_05_16_DSC00840.JPG,4102,2853,4141,2904,3
S_09_05_16_DSC00841.JPG,3595,1525,3661,1555,3
S_09_05_16_DSC00841.JPG,5279,1158,5334,1208,3
S_09_05_16_DSC00841.JPG,2701,3395,2725,3479,3
S_09_05_16_DSC00842.JPG,5115,3623,5181,3688,3
S_09_05_16_DSC00842.JPG,1085,1184,1125,1228,3
S_09_05_16_DSC00843.JPG,342,2644,381,2691,3
S_09_05_16_DSC00857.JPG,5892,1015,5959,1052,3
S_09_05_16_DSC00858.JPG,5215,3120,5267,3157,3
S_09_05_16_DSC00859.JPG,4002,596,4050,629,3
S_09_05_16_DSC00860.JPG,2977,3035,3040,3064,3
S_09_05_16_DSC00860.JPG,671,1103,711,1137,4
S_09_05_16_DSC00860.JPG,633,1182,680,1202,4
S_09_05_16_DSC00861.JPG,884,2797,921,2827,4
S_09_05_16_DSC00861.JPG,855,2878,894,2892,4
S_09_05_16_DSC00862.JPG,4071,1609,4132,1632,3
S_09_05_16_DSC00863.JPG,3990,3951,4055,3985,3
S_09_05_16_DSC00863.JPG,3420,1139,3459,1157,4
S_09_05_16_DSC00863.JPG,3649,853,3673,896,4
S_09_05_16_DSC00863.JPG,2936,667,2979,686,4
S_09_05_16_DSC00864.JPG,2691,3018,2737,3036,4
S_09_05_16_DSC00864.JPG,3183,3511,3224,3541,4
S_09_05_16_DSC00864.JPG,3425,3228,3445,3267,4
S_09_05_16_DSC00866.JPG,1088,696,1109,734,4
S_09_05_16_DSC00866.JPG,1034,710,1067,739,4
S_09_05_16_DSC00866.JPG,1047,766,1082,801,4
S_09_05_16_DSC00866.JPG,267,783,307,829,3
S_09_05_16_DSC00875.JPG,1093,768,1150,792,4
S_09_05_16_DSC00904.JPG,405,1147,471,1207,5
S_09_05_16_DSC00905.JPG,4124,1328,4207,1347,5
S_09_05_16_DSC00905.JPG,3827,1263,3876,1328,5
S_09_05_16_DSC00905.JPG,3963,807,4005,854,5
S_09_05_16_DSC00905.JPG,3821,734,3871,769,5
S_09_05_16_DSC00905.JPG,4185,587,4236,619,5
S_09_05_16_DSC00905.JPG,4242,468,4277,529,5
S_09_05_16_DSC00905.JPG,3789,457,3855,498,5
S_09_05_16_DSC00905.JPG,3626,769,3669,840,5
S_09_05_16_DSC00905.JPG,1008,1591,1104,1638,5
S_09_05_16_DSC00905.JPG,929,1636,977,1668,5
S_09_05_16_DSC00905.JPG,269,1897,324,1952,5
S_09_05_16_DSC00905.JPG,407,458,494,514,5
S_09_05_16_DSC00905.JPG,5028,0,5072,32,5
S_09_05_16_DSC00906.JPG,5647,3181,5716,3242,5
S_09_05_16_DSC00906.JPG,5561,3291,5630,3325,5
S_09_05_16_DSC00906.JPG,5277,3467,5321,3525,5
S_09_05_16_DSC00906.JPG,5144,3361,5200,3400,5
S_09_05_16_DSC00906.JPG,4926,3332,4963,3421,5
S_09_05_16_DSC00906.JPG,5166,3062,5254,3110,5
S_09_05_16_DSC00906.JPG,2186,3590,2251,3661,5
S_09_05_16_DSC00906.JPG,2092,3630,2138,3673,5
S_09_05_16_DSC00906.JPG,1459,3736,1501,3801,5
S_09_05_16_DSC00906.JPG,2001,2408,2064,2472,5
S_09_05_16_DSC00906.JPG,1626,1879,1673,1946,5
S_09_05_16_DSC00906.JPG,1105,1138,1169,1173,5
S_09_05_16_DSC00907.JPG,2238,3794,2282,3873,5
S_09_05_16_DSC00907.JPG,1800,2970,1879,3010,5
S_09_05_16_DSC00908.JPG,2555,2316,2596,2347,5
S_09_05_16_DSC00908.JPG,2485,2226,2517,2292,5
S_09_05_16_DSC00909.JPG,2824,3926,2861,3997,5
S_09_05_16_DSC00909.JPG,5257,23,5312,108,1
S_09_05_16_DSC00910.JPG,5378,2357,5440,2412,1
S_09_05_16_DSC00923.JPG,5689,1517,5766,1575,3
S_09_05_16_DSC00925.JPG,2387,947,2432,972,3
S_09_05_16_DSC00925.JPG,1925,1467,1957,1503,3
S_09_05_16_DSC00925.JPG,1905,1520,1949,1548,3
S_09_05_16_DSC00925.JPG,1812,1530,1843,1554,3
S_09_05_16_DSC00926.JPG,2946,3132,2996,3159,3
S_09_05_16_DSC00926.JPG,2504,3687,2528,3715,3
S_09_05_16_DSC00926.JPG,2485,3738,2530,3771,3
S_09_05_16_DSC00926.JPG,2389,3744,2417,3768,3
S_09_05_16_DSC00936.JPG,210,763,246,806,3
S_09_05_16_DSC00936.JPG,493,132,537,168,3
S_09_05_16_DSC00936.JPG,448,0,478,25,3
S_09_05_16_DSC00936.JPG,224,1062,249,1089,3
S_09_05_16_DSC00937.JPG,2070,1119,2106,1165,3
S_09_05_16_DSC00937.JPG,1185,1886,1225,1922,3
S_09_05_16_DSC00937.JPG,1199,2034,1243,2051,3
S_09_05_16_DSC00937.JPG,984,2035,1016,2073,3
S_09_05_16_DSC00937.JPG,1021,2195,1065,2223,3
S_09_05_16_DSC00937.JPG,691,2850,722,2889,3
S_09_05_16_DSC00937.JPG,676,3157,704,3181,3
S_09_05_16_DSC00938.JPG,2784,3460,2822,3504,3
S_09_05_16_DSC00941.JPG,1658,2198,1697,2223,3
S_09_05_16_DSC00941.JPG,843,2133,878,2170,3
S_09_05_16_DSC00941.JPG,295,2761,316,2788,3
S_09_05_16_DSC00941.JPG,1231,1346,1276,1381,3
S_09_05_16_DSC00941.JPG,999,1289,1032,1325,3
S_09_05_16_DSC00941.JPG,564,156,620,201,3
S_09_05_16_DSC00941.JPG,667,0,693,21,3
S_09_05_16_DSC00941.JPG,2128,103,2164,132,3
S_09_05_16_DSC00941.JPG,4622,690,4668,724,3
S_09_05_16_DSC00942.JPG,4805,2531,4849,2556,3
S_09_05_16_DSC00942.JPG,1392,3257,1438,3296,3
S_09_05_16_DSC00942.JPG,1140,3213,1168,3247,3
S_09_05_16_DSC00942.JPG,630,2032,669,2072,3
S_09_05_16_DSC00942.JPG,732,1845,765,1902,3
S_09_05_16_DSC00942.JPG,2292,1959,2329,1983,3
S_09_05_16_DSC00942.JPG,2079,1333,2109,1380,3
S_09_05_16_DSC00942.JPG,1132,1478,1172,1518,3
S_09_05_16_DSC00942.JPG,387,1526,451,1555,3
S_09_05_16_DSC00942.JPG,786,1233,824,1272,3
S_09_05_16_DSC00942.JPG,1644,328,1681,390,3
S_09_05_16_DSC00942.JPG,5129,1303,5191,1352,3
S_09_05_16_DSC00943.JPG,2468,2557,2497,2601,3
S_09_05_16_DSC00943.JPG,2906,3524,2936,3567,3
S_09_05_16_DSC00943.JPG,1989,3675,2020,3718,3
S_09_05_16_DSC00943.JPG,1641,3423,1679,3469,3
S_09_05_16_DSC00943.JPG,1264,3719,1327,3758,3
S_09_05_16_DSC00943.JPG,641,3923,690,3979,3
S_09_05_16_DSC00943.JPG,369,3740,415,3768,3
S_09_05_16_DSC00943.JPG,2169,1840,2228,1875,3
S_09_05_16_DSC00943.JPG,1056,1396,1120,1416,3
S_09_05_16_DSC00943.JPG,1039,1319,1096,1346,3
S_09_05_16_DSC00943.JPG,1684,1289,1750,1311,3
S_09_05_16_DSC00943.JPG,1519,306,1577,382,3
S_09_05_16_DSC00943.JPG,2424,1026,2454,1092,3
S_09_05_16_DSC00943.JPG,2855,1089,2909,1123,3
S_09_05_16_DSC00943.JPG,4291,1296,4324,1347,3
S_09_05_16_DSC00943.JPG,4553,372,4585,415,3
S_09_05_16_DSC00944.JPG,3547,2561,3572,2606,3
S_09_05_16_DSC00944.JPG,3970,2566,4025,2594,3
S_09_05_16_DSC00944.JPG,5462,2638,5506,2683,3
S_09_05_16_DSC00944.JPG,4454,2673,4486,2697,4
S_09_05_16_DSC00944.JPG,3401,3307,3431,3351,3
S_09_05_16_DSC00944.JPG,2729,2870,2786,2888,3
S_09_05_16_DSC00944.JPG,2262,2932,2311,2951,3
S_09_05_16_DSC00944.JPG,2286,2991,2338,3016,3
S_09_05_16_DSC00944.JPG,3738,3931,3771,3983,3
S_09_05_16_DSC00944.JPG,118,3800,139,3834,3
S_09_05_16_DSC00944.JPG,186,3896,211,3929,3
S_09_05_16_DSC00944.JPG,33,3885,70,3907,3
S_09_05_16_DSC00944.JPG,464,3877,501,3895,3
S_09_05_16_DSC00944.JPG,2552,1932,2602,1962,3
S_09_05_16_DSC00944.JPG,315,1747,342,1773,3
S_09_05_16_DSC00944.JPG,285,1031,327,1058,3
S_09_05_16_DSC00944.JPG,119,632,145,660,3
S_09_05_16_DSC00944.JPG,3825,336,3863,392,3
S_09_05_16_DSC00944.JPG,3900,785,3926,839,3
S_09_05_16_DSC00944.JPG,3938,942,3993,981,3
S_09_05_16_DSC00944.JPG,4223,895,4243,937,3
S_09_05_16_DSC00944.JPG,5700,1660,5734,1715,3
S_09_05_16_DSC00945.JPG,4475,821,4512,876,3
S_09_05_16_DSC00945.JPG,4691,840,4730,878,3
S_09_05_16_DSC00945.JPG,4726,606,4784,632,3
S_09_05_16_DSC00945.JPG,4363,608,4420,638,3
S_09_05_16_DSC00945.JPG,4843,976,4888,1015,3
S_09_05_16_DSC00945.JPG,5281,770,5314,824,3
S_09_05_16_DSC00945.JPG,5308,307,5350,346,3
S_09_05_16_DSC00945.JPG,2305,1358,2338,1418,3
S_09_05_16_DSC00945.JPG,2142,825,2196,852,3
S_09_05_16_DSC00945.JPG,1989,830,2033,877,3
S_09_05_16_DSC00945.JPG,2196,685,2224,720,3
S_09_05_16_DSC00945.JPG,1362,234,1412,260,3
S_09_05_16_DSC00945.JPG,1359,318,1393,383,3
S_09_05_16_DSC00945.JPG,1230,183,1257,231,3
S_09_05_16_DSC00945.JPG,1095,192,1144,240,3
S_09_05_16_DSC00945.JPG,648,620,704,680,3
S_09_05_16_DSC00945.JPG,561,1546,586,1568,3
S_09_05_16_DSC00945.JPG,517,1628,555,1654,3
S_09_05_16_DSC00945.JPG,580,1817,632,1835,3
S_09_05_16_DSC00945.JPG,9,2908,39,2932,3
S_09_05_16_DSC00945.JPG,93,3349,139,3382,3
S_09_05_16_DSC00945.JPG,3999,3280,4027,3329,3
S_09_05_16_DSC00945.JPG,4012,3711,4033,3751,3
S_09_05_16_DSC00945.JPG,4022,3863,4081,3895,3
S_09_05_16_DSC00945.JPG,4298,3859,4336,3894,3
S_09_05_16_DSC00946.JPG,3302,1877,3351,1911,4
S_09_05_16_DSC00946.JPG,3561,2019,3590,2041,4
S_09_05_16_DSC00946.JPG,3096,1865,3117,1909,4
S_09_05_16_DSC00946.JPG,2594,1415,2622,1452,3
S_09_05_16_DSC00946.JPG,2548,1385,2600,1404,3
S_09_05_16_DSC00946.JPG,2314,1403,2359,1432,3
S_09_05_16_DSC00946.JPG,2358,1523,2382,1580,3
S_09_05_16_DSC00946.JPG,2128,1544,2174,1576,3
S_09_05_16_DSC00946.JPG,1966,1479,2009,1526,3
S_09_05_16_DSC00946.JPG,2056,1580,2081,1622,3
S_09_05_16_DSC00946.JPG,2617,937,2643,990,3
S_09_05_16_DSC00946.JPG,1687,1163,1725,1205,3
S_09_05_16_DSC00946.JPG,1416,850,1460,900,3
S_09_05_16_DSC00946.JPG,1089,852,1120,900,3
S_09_05_16_DSC00946.JPG,1237,1360,1302,1396,3
S_09_05_16_DSC00946.JPG,1114,1413,1152,1453,3
S_09_05_16_DSC00946.JPG,442,1160,487,1180,3
S_09_05_16_DSC00946.JPG,721,1605,758,1648,3
S_09_05_16_DSC00946.JPG,1029,1610,1077,1656,3
S_09_05_16_DSC00946.JPG,713,2133,760,2155,3
S_09_05_16_DSC00946.JPG,1609,2630,1660,2661,3
S_09_05_16_DSC00946.JPG,471,3217,501,3258,3
S_09_05_16_DSC00946.JPG,454,3310,499,3368,3
S_09_05_16_DSC00946.JPG,421,3404,464,3436,3
S_09_05_16_DSC00946.JPG,232,3361,269,3390,3
S_09_05_16_DSC00946.JPG,718,3526,774,3555,3
S_09_05_16_DSC00946.JPG,1430,3762,1474,3781,3
S_09_05_16_DSC00946.JPG,1394,3561,1426,3584,3
S_09_05_16_DSC00946.JPG,1433,3482,1460,3503,3
S_09_05_16_DSC00946.JPG,2319,2395,2348,2440,3
S_09_05_16_DSC00946.JPG,2333,2293,2371,2319,3
S_09_05_16_DSC00946.JPG,2204,2248,2229,2279,3
S_09_05_16_DSC00946.JPG,2073,2254,2122,2280,3
S_09_05_16_DSC00946.JPG,3105,2834,3135,2857,3
S_09_05_16_DSC00946.JPG,3037,2968,3095,2993,3
S_09_05_16_DSC00946.JPG,2881,2961,2933,2991,3
S_09_05_16_DSC00946.JPG,3152,3501,3184,3572,3
S_09_05_16_DSC00946.JPG,5855,3406,5925,3450,3
S_09_05_16_DSC00946.JPG,5681,3229,5724,3277,3
S_09_05_16_DSC00946.JPG,5438,3200,5490,3243,3
S_09_05_16_DSC00946.JPG,5736,2997,5814,3041,3
S_09_05_16_DSC00946.JPG,5329,2967,5411,2989,3
S_09_05_16_DSC00946.JPG,5029,2113,5092,2164,3
S_09_05_16_DSC00946.JPG,5356,1162,5406,1207,3
S_09_05_16_DSC00946.JPG,5063,318,5103,364,3
S_09_05_16_DSC00946.JPG,5445,5,5496,66,3
S_09_05_16_DSC00946.JPG,973,567,1022,630,3
S_09_05_16_DSC00946.JPG,632,566,673,637,3
S_09_05_16_DSC00947.JPG,4098,2184,4163,2214,3
S_09_05_16_DSC00947.JPG,4332,2205,4398,2237,3
S_09_05_16_DSC00947.JPG,4686,2014,4731,2028,3
S_09_05_16_DSC00947.JPG,4824,2012,4896,2050,3
S_09_05_16_DSC00947.JPG,5565,2886,5612,2927,3
S_09_05_16_DSC00947.JPG,5875,3818,5933,3862,3
S_09_05_16_DSC00947.JPG,2969,3789,3025,3819,3
S_09_05_16_DSC00947.JPG,2975,3821,3008,3854,3
S_09_05_16_DSC00947.JPG,2686,3777,2746,3801,3
S_09_05_16_DSC00947.JPG,2726,3916,2751,3963,3
S_09_05_16_DSC00947.JPG,2489,3882,2534,3925,3
S_09_05_16_DSC00947.JPG,2408,3920,2437,3965,3
S_09_05_16_DSC00947.JPG,2335,3816,2366,3857,3
S_09_05_16_DSC00947.JPG,2068,3450,2100,3493,3
S_09_05_16_DSC00947.JPG,1588,3627,1641,3668,3
S_09_05_16_DSC00947.JPG,1449,3673,1480,3709,3
S_09_05_16_DSC00947.JPG,1356,3870,1384,3918,3
S_09_05_16_DSC00947.JPG,1021,3838,1060,3871,3
S_09_05_16_DSC00947.JPG,1806,3124,1846,3163,3
S_09_05_16_DSC00947.JPG,1468,3082,1500,3128,3
S_09_05_16_DSC00947.JPG,1378,2793,1412,2836,3
S_09_05_16_DSC00947.JPG,1037,2760,1064,2814,3
S_09_05_16_DSC00947.JPG,790,3349,822,3367,3
S_09_05_16_DSC00947.JPG,5976,2168,6000,2196,3
S_09_05_16_DSC00947.JPG,5771,295,5853,337,1
S_09_05_16_DSC00947.JPG,3027,3327,3058,3378,3
S_09_05_16_DSC00949.JPG,4191,610,4252,646,3
S_09_05_16_DSC00950.JPG,4225,2483,4283,2521,3
S_09_05_16_DSC00951.JPG,4856,3857,4908,3894,3
S_09_05_16_DSC00952.JPG,2081,410,2133,456,3
S_09_05_16_DSC00953.JPG,2171,2578,2213,2637,3
S_09_05_16_DSC00954.JPG,746,1509,812,1532,3
S_09_05_16_DSC00954.JPG,716,692,777,737,3
S_09_05_16_DSC00954.JPG,61,379,116,413,3
S_09_05_16_DSC00955.JPG,4135,2068,4172,2123,3
S_09_05_16_DSC00955.JPG,4034,2128,4077,2155,3
S_09_05_16_DSC00955.JPG,4088,717,4124,766,3
S_09_05_16_DSC00955.JPG,3439,293,3486,325,3
S_09_05_16_DSC00955.JPG,1293,2234,1324,2259,3
S_09_05_16_DSC00955.JPG,818,3097,855,3140,3
S_09_05_16_DSC00955.JPG,166,2734,227,2756,3
S_09_05_16_DSC00955.JPG,2,2497,58,2542,3
S_09_05_16_DSC00955.JPG,747,3944,815,3972,3
S_09_05_16_DSC00956.JPG,4216,2090,4264,2124,3
S_09_05_16_DSC00956.JPG,4920,2395,4955,2438,3
S_09_05_16_DSC00956.JPG,5166,3681,5199,3752,3
S_09_05_16_DSC00956.JPG,5063,3763,5118,3794,3
S_09_05_16_DSC00956.JPG,847,3054,884,3077,3
S_09_05_16_DSC00957.JPG,5870,740,5904,780,3
S_09_05_16_DSC00957.JPG,5691,490,5746,546,3
S_09_05_16_DSC00957.JPG,5558,346,5594,400,3
S_09_05_16_DSC00958.JPG,5833,3464,5883,3506,3
S_09_05_16_DSC00958.JPG,5713,3305,5752,3368,3
S_09_05_16_DSC00958.JPG,4633,2680,4681,2726,4
S_09_05_16_DSC00958.JPG,3005,2027,3027,2077,4
S_09_05_16_DSC00958.JPG,2988,2130,3010,2179,4
S_09_05_16_DSC00958.JPG,2937,2141,2982,2174,4
S_09_05_16_DSC00958.JPG,2968,2163,2985,2195,4
S_09_05_16_DSC00960.JPG,1689,821,1716,852,3
S_09_05_16_DSC00960.JPG,1658,700,1700,736,3
S_09_05_16_DSC00960.JPG,782,574,812,609,3
S_09_05_16_DSC00960.JPG,564,714,613,738,3
S_09_05_16_DSC00960.JPG,503,692,532,715,3
S_09_05_16_DSC00960.JPG,127,853,154,876,3
S_09_05_16_DSC00961.JPG,1121,2528,1161,2563,3
S_09_05_16_DSC00961.JPG,918,2692,971,2711,3
S_09_05_16_DSC00961.JPG,858,2669,881,2686,3
S_09_05_16_DSC00961.JPG,508,2855,533,2881,3
S_09_05_16_DSC00961.JPG,2049,2604,2093,2640,3
S_09_05_16_DSC00961.JPG,2098,2727,2124,2761,3
S_09_05_16_DSC00966.JPG,5398,582,5445,632,3
S_09_05_16_DSC00969.JPG,5412,1115,5473,1169,1
S_09_05_16_DSC00970.JPG,5548,2868,5607,2914,1
S_09_05_16_DSC00970.JPG,2448,1695,2511,1735,3
S_09_05_16_DSC00970.JPG,735,1978,784,2026,3
S_09_05_16_DSC00970.JPG,4441,207,4491,240,3
S_09_05_16_DSC00971.JPG,2914,1948,2971,1983,3
S_09_05_16_DSC00971.JPG,5455,2404,5514,2438,3
S_09_05_16_DSC00971.JPG,3343,3826,3402,3879,3
S_09_05_16_DSC00971.JPG,1078,920,1139,965,3
S_09_05_16_DSC00972.JPG,1354,3513,1413,3572,3
S_09_05_16_DSC00973.JPG,85,1907,131,1962,3
S_09_05_16_DSC00977.JPG,5323,740,5367,817,2
S_09_05_16_DSC00977.JPG,5476,834,5508,867,2
S_09_05_16_DSC00978.JPG,5708,3099,5750,3176,2
S_09_05_16_DSC00978.JPG,5857,3204,5890,3234,2
S_09_05_16_DSC00980.JPG,2918,1935,2942,2008,1
S_09_05_16_DSC00980.JPG,2774,772,2813,838,1
S_09_05_16_DSC00981.JPG,3875,3294,3915,3364,1
S_09_05_16_DSC00982.JPG,4734,93,4759,157,1
S_09_05_16_DSC00983.JPG,4772,1687,4811,1750,1
S_09_05_16_DSC00983.JPG,5725,1941,5774,1995,1
S_09_05_16_DSC00983.JPG,5294,2138,5331,2207,1
S_09_05_16_DSC00984.JPG,5371,3570,5422,3642,1
S_09_05_16_DSC00991.JPG,5301,179,5384,216,1
S_09_05_16_DSC00991.JPG,4800,116,4848,152,1
S_09_05_16_DSC00991.JPG,4708,217,4760,254,1
S_09_05_16_DSC00991.JPG,4560,98,4622,140,1
S_09_05_16_DSC00991.JPG,4418,27,4466,54,1
S_09_05_16_DSC00991.JPG,4369,41,4453,76,1
S_09_05_16_DSC00992.JPG,5127,2069,5173,2087,1
S_09_05_16_DSC00992.JPG,5247,2159,5345,2196,1
S_09_05_16_DSC00992.JPG,5538,2272,5602,2289,1
S_09_05_16_DSC00992.JPG,5518,2288,5610,2328,1
S_09_05_16_DSC00992.JPG,5858,2400,5947,2427,1
S_09_05_16_DSC00992.JPG,5691,2403,5768,2431,1
S_09_05_16_DSC00992.JPG,5699,2468,5773,2538,1
S_09_05_16_DSC00992.JPG,5846,1124,5893,1190,1
S_09_05_16_DSC00992.JPG,5660,995,5719,1027,1
S_09_05_16_DSC00992.JPG,5844,815,5888,867,1
S_09_05_16_DSC00992.JPG,5716,652,5783,679,1
S_09_05_16_DSC00992.JPG,5496,611,5540,667,1
S_09_05_16_DSC00992.JPG,5404,760,5463,792,1
S_09_05_16_DSC00992.JPG,5193,790,5243,839,1
S_09_05_16_DSC00992.JPG,5151,595,5195,653,1
S_09_05_16_DSC00992.JPG,5938,100,5991,161,1
S_09_05_16_DSC00992.JPG,5939,210,5999,240,1
S_09_05_16_DSC00993.JPG,3967,636,4002,673,1
S_09_05_16_DSC00993.JPG,3909,656,3966,706,1
S_09_05_16_DSC00994.JPG,901,1640,939,1675,1
S_09_05_16_DSC00994.JPG,794,1559,852,1597,1
S_09_05_16_DSC00994.JPG,611,1474,664,1501,1
S_09_05_16_DSC00994.JPG,768,1621,827,1658,1
S_09_05_16_DSC00994.JPG,4494,2649,4529,2698,1
S_09_05_16_DSC00994.JPG,4442,2678,4494,2728,1
S_09_05_16_DSC00995.JPG,2099,3905,2164,3973,1
S_09_05_16_DSC00995.JPG,1940,3820,1981,3862,1
S_09_05_16_DSC00995.JPG,1754,3975,1797,3997,1
S_09_05_16_DSC00995.JPG,1379,3569,1424,3611,1
S_09_05_16_DSC00995.JPG,520,3376,584,3416,1
S_09_05_16_DSC00995.JPG,220,3155,255,3188,1
S_09_05_16_DSC00995.JPG,269,2721,319,2768,1
S_09_05_16_DSC00995.JPG,51,2684,94,2747,1
S_09_05_16_DSC00995.JPG,206,2642,246,2670,1
S_09_05_16_DSC00995.JPG,200,2666,256,2707,1
S_09_05_16_DSC00995.JPG,1088,626,1126,675,3
S_09_05_16_DSC00996.JPG,1253,2791,1291,2838,3
S_09_05_16_DSC01002.JPG,2125,813,2167,854,3
S_09_05_16_DSC01003.JPG,3078,3003,3122,3050,3
S_09_05_16_DSC01065.JPG,1287,1963,1361,2006,2
S_09_05_16_DSC01066.JPG,492,3770,577,3823,2
S_10_05_16_DSC00467.JPG,243,560,280,595,4
S_10_05_16_DSC00467.JPG,148,514,202,545,4
S_10_05_16_DSC00467.JPG,217,561,237,595,4
S_10_05_16_DSC00467.JPG,238,590,277,616,4
S_10_05_16_DSC00467.JPG,229,607,279,639,4
S_10_05_16_DSC00468.JPG,660,2643,692,2683,4
S_10_05_16_DSC00468.JPG,656,2678,688,2698,4
S_10_05_16_DSC00468.JPG,642,2688,684,2717,4
S_10_05_16_DSC00468.JPG,636,2675,647,2697,4
S_10_05_16_DSC00468.JPG,583,2589,619,2629,4
S_10_05_16_DSC00470.JPG,169,1018,239,1093,2
S_10_05_16_DSC00470.JPG,159,703,234,754,2
S_10_05_16_DSC00470.JPG,600,65,686,131,2
S_10_05_16_DSC00470.JPG,998,0,1091,71,2
S_10_05_16_DSC00470.JPG,231,0,319,58,2
S_10_05_16_DSC00470.JPG,1551,28,1615,93,2
S_10_05_16_DSC00471.JPG,1530,798,1593,866,2
S_10_05_16_DSC00471.JPG,1536,864,1568,915,2
S_10_05_16_DSC00471.JPG,1784,842,1859,916,2
S_10_05_16_DSC00471.JPG,1442,980,1482,1062,2
S_10_05_16_DSC00471.JPG,1356,992,1399,1063,2
S_10_05_16_DSC00471.JPG,1263,1123,1314,1207,2
S_10_05_16_DSC00471.JPG,1747,1070,1801,1123,2
S_10_05_16_DSC00471.JPG,1843,1034,1887,1130,2
S_10_05_16_DSC00471.JPG,1637,1179,1685,1249,2
S_10_05_16_DSC00471.JPG,1313,1310,1355,1389,2
S_10_05_16_DSC00471.JPG,1348,1364,1393,1426,2
S_10_05_16_DSC00471.JPG,1154,1322,1185,1367,2
S_10_05_16_DSC00471.JPG,1104,1303,1151,1382,2
S_10_05_16_DSC00471.JPG,793,1314,847,1398,2
S_10_05_16_DSC00471.JPG,667,1426,761,1494,2
S_10_05_16_DSC00471.JPG,870,1491,946,1535,2
S_10_05_16_DSC00471.JPG,1093,1499,1177,1540,2
S_10_05_16_DSC00471.JPG,1194,1468,1259,1556,2
S_10_05_16_DSC00471.JPG,1251,1564,1291,1637,2
S_10_05_16_DSC00471.JPG,1191,1558,1216,1595,2
S_10_05_16_DSC00471.JPG,1088,1716,1163,1754,2
S_10_05_16_DSC00471.JPG,960,1730,1041,1782,2
S_10_05_16_DSC00471.JPG,779,1655,838,1733,2
S_10_05_16_DSC00471.JPG,838,1791,888,1845,2
S_10_05_16_DSC00471.JPG,814,1786,845,1827,2
S_10_05_16_DSC00471.JPG,661,1784,721,1863,2
S_10_05_16_DSC00471.JPG,520,1718,575,1784,2
S_10_05_16_DSC00471.JPG,370,1608,455,1678,2
S_10_05_16_DSC00471.JPG,134,1616,198,1703,2
S_10_05_16_DSC00471.JPG,371,1774,428,1827,2
S_10_05_16_DSC00471.JPG,431,1830,513,1900,2
S_10_05_16_DSC00471.JPG,607,1850,665,1932,2
S_10_05_16_DSC00471.JPG,822,1895,881,1972,2
S_10_05_16_DSC00471.JPG,778,2021,864,2088,2
S_10_05_16_DSC00471.JPG,454,1958,543,2002,2
S_10_05_16_DSC00471.JPG,151,1918,240,1989,2
S_10_05_16_DSC00471.JPG,0,1963,50,2052,2
S_10_05_16_DSC00471.JPG,1194,1991,1280,2046,2
S_10_05_16_DSC00471.JPG,336,2630,396,2687,2
S_10_05_16_DSC00471.JPG,337,2941,400,3025,2
S_10_05_16_DSC00471.JPG,1767,1915,1801,2003,2
S_10_05_16_DSC00471.JPG,1609,1734,1649,1821,2
S_10_05_16_DSC00471.JPG,1505,1810,1553,1895,2
S_10_05_16_DSC00471.JPG,1606,1931,1641,1985,2
S_10_05_16_DSC00472.JPG,1905,3033,1967,3106,2
S_10_05_16_DSC00472.JPG,1963,3183,2023,3270,2
S_10_05_16_DSC00472.JPG,1874,3245,1927,3310,2
S_10_05_16_DSC00472.JPG,1650,2985,1715,3052,2
S_10_05_16_DSC00472.JPG,1639,3024,1678,3071,2
S_10_05_16_DSC00472.JPG,1561,3088,1603,3151,2
S_10_05_16_DSC00472.JPG,1463,3137,1512,3218,2
S_10_05_16_DSC00472.JPG,1746,3365,1808,3430,2
S_10_05_16_DSC00472.JPG,1376,3283,1446,3353,2
S_10_05_16_DSC00472.JPG,1394,3450,1452,3532,2
S_10_05_16_DSC00472.JPG,1458,3514,1494,3570,2
S_10_05_16_DSC00472.JPG,1252,3458,1285,3517,2
S_10_05_16_DSC00472.JPG,1166,3420,1244,3500,2
S_10_05_16_DSC00472.JPG,891,3449,946,3535,2
S_10_05_16_DSC00472.JPG,761,3548,847,3637,2
S_10_05_16_DSC00472.JPG,955,3631,1028,3686,2
S_10_05_16_DSC00472.JPG,1190,3656,1268,3697,2
S_10_05_16_DSC00472.JPG,1289,3611,1346,3699,2
S_10_05_16_DSC00472.JPG,1348,3707,1406,3782,2
S_10_05_16_DSC00472.JPG,1278,3696,1308,3760,2
S_10_05_16_DSC00472.JPG,1685,3818,1729,3915,2
S_10_05_16_DSC00472.JPG,1581,3884,1631,3984,2
S_10_05_16_DSC00472.JPG,1161,3872,1248,3925,2
S_10_05_16_DSC00472.JPG,1035,3878,1128,3943,2
S_10_05_16_DSC00472.JPG,848,3783,913,3885,2
S_10_05_16_DSC00472.JPG,880,3919,940,3979,2
S_10_05_16_DSC00472.JPG,729,3925,783,4000,2
S_10_05_16_DSC00472.JPG,654,3952,696,4000,2
S_10_05_16_DSC00472.JPG,551,3851,636,3906,2
S_10_05_16_DSC00472.JPG,455,3961,541,4000,2
S_10_05_16_DSC00472.JPG,398,3870,455,3932,2
S_10_05_16_DSC00472.JPG,425,3724,522,3805,2
S_10_05_16_DSC00472.JPG,183,3658,240,3765,2
S_10_05_16_DSC00472.JPG,0,3774,57,3883,2
S_10_05_16_DSC00493.JPG,522,1032,634,1087,5
S_10_05_16_DSC00494.JPG,510,3253,613,3317,5
S_10_05_16_DSC00544.JPG,5367,1513,5442,1573,5
S_10_05_16_DSC00544.JPG,5132,2143,5182,2205,5
S_10_05_16_DSC00544.JPG,5124,2610,5170,2665,5
S_10_05_16_DSC00544.JPG,5160,2798,5235,2842,5
S_10_05_16_DSC00544.JPG,4755,2938,4800,2993,5
S_10_05_16_DSC00581.JPG,3286,2298,3323,2329,3
S_10_05_16_DSC00581.JPG,2991,2219,3011,2254,3
S_10_05_16_DSC00594.JPG,936,1740,1017,1772,1
S_10_05_16_DSC00595.JPG,893,3767,980,3797,1
S_10_05_16_DSC00603.JPG,875,1095,934,1123,3
S_10_05_16_DSC00624.JPG,5123,985,5195,1032,1
S_10_05_16_DSC00625.JPG,4714,2891,4782,2936,1
S_10_05_16_DSC00627.JPG,3869,2921,3924,2967,1
S_10_05_16_DSC00639.JPG,2412,204,2462,270,1
S_10_05_16_DSC00640.JPG,2250,2744,2300,2818,1
S_10_05_16_DSC00641.JPG,4484,2383,4567,2423,1
S_10_05_16_DSC00641.JPG,5698,2232,5788,2272,1
S_10_05_16_DSC00641.JPG,4219,3161,4256,3220,4
S_10_05_16_DSC00643.JPG,4635,922,4668,981,1
S_10_05_16_DSC00643.JPG,5917,2172,5980,2244,4
S_10_05_16_DSC00652.JPG,2060,2780,2129,2807,1
S_10_05_16_DSC00652.JPG,1792,239,1863,275,1
S_10_05_16_DSC00653.JPG,1277,2295,1352,2327,1
S_10_05_16_DSC00675.JPG,4986,2337,5074,2384,3
S_10_05_16_DSC00727.JPG,3552,2452,3593,2501,3
S_10_05_16_DSC00733.JPG,542,1565,588,1602,3
S_10_05_16_DSC00734.JPG,932,3716,987,3748,3
S_10_05_16_DSC00734.JPG,0,2605,49,2668,3
S_10_05_16_DSC00734.JPG,189,2283,232,2323,3
S_10_05_16_DSC00734.JPG,282,2030,320,2068,3
S_10_05_16_DSC00734.JPG,579,1809,628,1836,3
S_10_05_16_DSC00734.JPG,1108,1587,1154,1622,3
S_10_05_16_DSC00734.JPG,1406,1435,1457,1464,3
S_10_05_16_DSC00734.JPG,1442,1150,1476,1202,3
S_10_05_16_DSC00734.JPG,1026,1099,1082,1144,3
S_10_05_16_DSC00734.JPG,806,688,851,724,3
S_10_05_16_DSC00734.JPG,1026,495,1054,551,3
S_10_05_16_DSC00734.JPG,618,278,646,318,3
S_10_05_16_DSC00734.JPG,1046,221,1084,263,3
S_10_05_16_DSC00734.JPG,204,375,255,414,3
S_10_05_16_DSC00734.JPG,1667,345,1689,376,3
S_10_05_16_DSC00734.JPG,1961,762,2005,794,3
S_10_05_16_DSC00734.JPG,2109,513,2153,560,3
S_10_05_16_DSC00734.JPG,2345,584,2386,622,3
S_10_05_16_DSC00734.JPG,2696,613,2720,657,3
S_10_05_16_DSC00734.JPG,2602,816,2636,864,3
S_10_05_16_DSC00734.JPG,2861,856,2888,902,3
S_10_05_16_DSC00734.JPG,3344,208,3369,254,3
S_10_05_16_DSC00734.JPG,2354,105,2410,154,3
S_10_05_16_DSC00735.JPG,3498,2403,3523,2457,3
S_10_05_16_DSC00735.JPG,2478,2281,2532,2314,3
S_10_05_16_DSC00735.JPG,2239,2700,2283,2749,3
S_10_05_16_DSC00735.JPG,2474,2765,2524,2805,3
S_10_05_16_DSC00735.JPG,2843,2803,2866,2846,3
S_10_05_16_DSC00735.JPG,2747,3013,2784,3075,3
S_10_05_16_DSC00735.JPG,3018,3056,3040,3111,3
S_10_05_16_DSC00735.JPG,2087,2933,2137,2966,3
S_10_05_16_DSC00735.JPG,1783,2491,1803,2518,3
S_10_05_16_DSC00735.JPG,1144,2355,1187,2391,3
S_10_05_16_DSC00735.JPG,1131,2649,1159,2686,3
S_10_05_16_DSC00735.JPG,903,2830,953,2866,3
S_10_05_16_DSC00735.JPG,703,2408,749,2453,3
S_10_05_16_DSC00735.JPG,305,2525,344,2552,3
S_10_05_16_DSC00735.JPG,0,2591,45,2619,3
S_10_05_16_DSC00735.JPG,1140,3246,1192,3301,3
S_10_05_16_DSC00735.JPG,1567,3335,1595,3385,3
S_10_05_16_DSC00735.JPG,1536,3613,1587,3652,3
S_10_05_16_DSC00735.JPG,1226,3768,1281,3825,3
S_10_05_16_DSC00736.JPG,1205,3406,1235,3470,3
S_10_05_16_DSC00740.JPG,3659,749,3703,792,4
S_10_05_16_DSC00740.JPG,3631,837,3662,879,4
S_10_05_16_DSC00740.JPG,3363,653,3397,688,4
S_10_05_16_DSC00740.JPG,2673,1264,2717,1319,4
S_10_05_16_DSC00740.JPG,4605,1663,4654,1718,3
S_10_05_16_DSC00740.JPG,5481,1936,5514,2002,4
S_10_05_16_DSC00741.JPG,4764,3757,4793,3826,3
S_10_05_16_DSC00741.JPG,3538,2729,3587,2757,4
S_10_05_16_DSC00741.JPG,3830,2841,3869,2879,4
S_10_05_16_DSC00741.JPG,3805,2923,3839,2966,4
S_10_05_16_DSC00741.JPG,2827,3327,2875,3384,4
S_10_05_16_DSC00766.JPG,734,669,811,778,5
S_10_05_16_DSC00767.JPG,238,2771,338,2852,5
S_10_05_16_DSC00768.JPG,5444,1355,5502,1392,3
S_10_05_16_DSC00768.JPG,5713,628,5749,680,3
S_10_05_16_DSC00768.JPG,5757,463,5817,511,3
S_10_05_16_DSC00768.JPG,5617,455,5646,509,3
S_10_05_16_DSC00768.JPG,5548,586,5612,622,3
S_10_05_16_DSC00768.JPG,5482,398,5533,450,3
S_10_05_16_DSC00768.JPG,5446,515,5512,551,3
S_10_05_16_DSC00768.JPG,5335,431,5396,464,3
S_10_05_16_DSC00768.JPG,5329,549,5372,592,3
S_10_05_16_DSC00768.JPG,5249,580,5283,647,3
S_10_05_16_DSC00768.JPG,5643,245,5702,314,3
S_10_05_16_DSC00785.JPG,125,1371,210,1396,5
S_10_05_16_DSC00789.JPG,5753,928,5821,971,3
S_10_05_16_DSC00790.JPG,435,971,483,995,3
S_10_05_16_DSC00790.JPG,221,950,262,991,3
S_10_05_16_DSC00790.JPG,60,877,111,910,3
S_10_05_16_DSC00790.JPG,56,997,103,1030,3
S_10_05_16_DSC00790.JPG,49,1042,90,1086,3
S_10_05_16_DSC00790.JPG,241,725,285,770,3
S_10_05_16_DSC00790.JPG,5372,3046,5434,3081,3
S_10_05_16_DSC00791.JPG,200,3387,246,3420,3
S_10_05_16_DSC00791.JPG,0,3150,51,3197,3
S_10_05_16_DSC00791.JPG,0,3376,21,3413,3
S_10_05_16_DSC00792.JPG,2332,2185,2375,2225,3
S_10_05_16_DSC00792.JPG,2377,2311,2401,2365,3
S_10_05_16_DSC00792.JPG,2396,2344,2418,2408,3
S_10_05_16_DSC00792.JPG,2172,2352,2205,2409,3
S_10_05_16_DSC00792.JPG,1340,2946,1387,2991,3
S_10_05_16_DSC00792.JPG,533,3569,577,3650,1
S_10_05_16_DSC00792.JPG,190,3541,256,3582,1
S_10_05_16_DSC00792.JPG,27,2744,118,2787,3
S_10_05_16_DSC00792.JPG,674,2318,730,2378,3
S_10_05_16_DSC00792.JPG,468,2130,506,2190,3
S_10_05_16_DSC00792.JPG,585,1890,650,1934,1
S_10_05_16_DSC00792.JPG,827,1628,883,1658,3
S_10_05_16_DSC00792.JPG,901,1213,950,1254,3
S_10_05_16_DSC00792.JPG,903,1129,975,1159,3
S_10_05_16_DSC00792.JPG,727,1205,793,1242,3
S_10_05_16_DSC00792.JPG,1225,975,1267,1025,3
S_10_05_16_DSC00792.JPG,78,732,141,776,3
S_10_05_16_DSC00792.JPG,982,185,1018,238,3
S_10_05_16_DSC00792.JPG,2093,382,2140,425,3
S_10_05_16_DSC00792.JPG,2593,333,2637,388,3
S_10_05_16_DSC00792.JPG,2821,117,2865,154,3
S_10_05_16_DSC00792.JPG,542,108,579,139,3
S_10_05_16_DSC00793.JPG,4667,3332,4736,3374,3
S_10_05_16_DSC00793.JPG,4422,3145,4473,3175,3
S_10_05_16_DSC00793.JPG,3353,2862,3377,2938,1
S_10_05_16_DSC00793.JPG,2583,3080,2631,3108,3
S_10_05_16_DSC00793.JPG,2486,3031,2520,3073,3
S_10_05_16_DSC00793.JPG,2508,3138,2560,3170,3
S_10_05_16_DSC00793.JPG,2582,3645,2623,3708,3
S_10_05_16_DSC00793.JPG,2012,3952,2061,4000,3
S_10_05_16_DSC00793.JPG,1926,3650,1968,3703,3
S_10_05_16_DSC00793.JPG,1959,3143,1997,3218,1
S_10_05_16_DSC00793.JPG,1610,3072,1648,3150,1
S_10_05_16_DSC00793.JPG,1275,3942,1326,3998,3
S_10_05_16_DSC00793.JPG,803,3964,849,4000,3
S_10_05_16_DSC00793.JPG,449,3974,490,4000,3
S_10_05_16_DSC00793.JPG,702,3222,764,3265,3
S_10_05_16_DSC00793.JPG,849,3121,887,3170,3
S_10_05_16_DSC00793.JPG,842,2977,874,3026,3
S_10_05_16_DSC00793.JPG,740,2810,798,2852,3
S_10_05_16_DSC00793.JPG,403,2535,456,2599,1
S_10_05_16_DSC00793.JPG,1315,2385,1341,2410,3
S_10_05_16_DSC00793.JPG,1407,1892,1439,1912,3
S_10_05_16_DSC00793.JPG,1361,1969,1391,2009,3
S_10_05_16_DSC00793.JPG,826,1812,893,1845,3
S_10_05_16_DSC00793.JPG,515,2014,554,2041,3
S_10_05_16_DSC00793.JPG,754,1610,811,1662,1
S_10_05_16_DSC00793.JPG,781,1395,811,1432,3
S_10_05_16_DSC00793.JPG,1996,1472,2042,1514,3
S_10_05_16_DSC00793.JPG,2087,1485,2120,1528,3
S_10_05_16_DSC00793.JPG,2069,1296,2129,1339,3
S_10_05_16_DSC00793.JPG,1588,940,1631,984,3
S_10_05_16_DSC00793.JPG,527,37,612,84,1
S_10_05_16_DSC00794.JPG,3272,1758,3319,1793,4
S_10_05_16_DSC00794.JPG,3148,1677,3170,1732,4
S_10_05_16_DSC00794.JPG,1794,3007,1819,3037,3
S_10_05_16_DSC00794.JPG,2238,3824,2266,3907,1
S_10_05_16_DSC00794.JPG,245,3750,303,3843,1
S_10_05_16_DSC00794.JPG,3215,177,3293,287,2
S_10_05_16_DSC00795.JPG,3580,2147,3686,2195,2
S_10_05_16_DSC00795.JPG,3242,2388,3315,2488,2
S_10_05_16_DSC00795.JPG,3190,3893,3213,3950,4
S_10_05_16_DSC00795.JPG,3314,3974,3351,4000,4
S_10_05_16_DSC00796.JPG,4918,1751,5006,1831,2
S_10_05_16_DSC00796.JPG,4959,1552,5031,1644,2
S_10_05_16_DSC00796.JPG,5248,691,5346,771,2
S_10_05_16_DSC00796.JPG,2593,1048,2672,1142,2
S_10_05_16_DSC00797.JPG,2884,1956,2938,2054,2
S_10_05_16_DSC00797.JPG,2765,2021,2835,2095,2
S_10_05_16_DSC00797.JPG,2834,2050,2894,2122,2
S_10_05_16_DSC00797.JPG,2063,2405,2132,2484,2
S_10_05_16_DSC00800.JPG,2454,2210,2516,2274,3
S_10_05_16_DSC00800.JPG,4244,2745,4271,2799,3
S_10_05_16_DSC00806.JPG,1435,2812,1507,2848,3
S_10_05_16_DSC00808.JPG,4768,1597,4838,1681,2
S_10_05_16_DSC00808.JPG,4764,1767,4817,1831,2
S_10_05_16_DSC00808.JPG,4718,1777,4798,1872,2
S_10_05_16_DSC00808.JPG,4711,866,4766,943,2
S_10_05_16_DSC00808.JPG,4720,561,4768,648,2
S_10_05_16_DSC00808.JPG,5003,201,5052,301,2
S_10_05_16_DSC00808.JPG,5225,31,5288,150,2
S_10_05_16_DSC00808.JPG,5225,0,5265,58,2
S_10_05_16_DSC00808.JPG,5571,156,5631,217,2
S_10_05_16_DSC00808.JPG,5600,188,5694,281,2
S_10_05_16_DSC00808.JPG,5957,214,6000,274,2
S_10_05_16_DSC00808.JPG,4617,199,4653,276,2
S_10_05_16_DSC00808.JPG,4536,206,4600,305,2
S_10_05_16_DSC00808.JPG,4380,3,4449,49,2
S_10_05_16_DSC00808.JPG,3924,0,3976,87,2
S_10_05_16_DSC00808.JPG,3719,51,3745,119,2
S_10_05_16_DSC00808.JPG,3525,227,3560,306,2
S_10_05_16_DSC00808.JPG,3309,31,3385,93,2
S_10_05_16_DSC00808.JPG,3296,167,3369,249,2
S_10_05_16_DSC00808.JPG,3019,159,3084,256,2
S_10_05_16_DSC00808.JPG,2667,123,2714,211,2
S_10_05_16_DSC00808.JPG,2598,78,2654,179,2
S_10_05_16_DSC00808.JPG,2574,0,2609,41,2
S_10_05_16_DSC00808.JPG,2391,288,2454,362,2
S_10_05_16_DSC00808.JPG,2986,436,3036,540,2
S_10_05_16_DSC00808.JPG,2742,534,2785,638,2
S_10_05_16_DSC00808.JPG,2561,791,2608,894,2
S_10_05_16_DSC00808.JPG,2340,1022,2381,1123,2
S_10_05_16_DSC00808.JPG,2214,1297,2259,1389,2
S_10_05_16_DSC00808.JPG,1436,332,1501,432,2
S_10_05_16_DSC00808.JPG,1699,75,1764,139,2
S_10_05_16_DSC00808.JPG,1424,54,1476,166,2
S_10_05_16_DSC00808.JPG,1543,0,1582,31,2
S_10_05_16_DSC00808.JPG,1602,0,1646,23,2
S_10_05_16_DSC00809.JPG,2920,1823,2982,1911,2
S_10_05_16_DSC00809.JPG,2999,1669,3080,1774,2
S_10_05_16_DSC00809.JPG,2661,1564,2696,1654,2
S_10_05_16_DSC00809.JPG,3045,1366,3107,1459,2
S_10_05_16_DSC00809.JPG,3140,1227,3201,1287,2
S_10_05_16_DSC00809.JPG,3189,782,3264,854,2
S_10_05_16_DSC00809.JPG,3168,560,3237,605,2
S_10_05_16_DSC00809.JPG,3222,444,3316,492,2
S_10_05_16_DSC00809.JPG,2827,534,2877,638,2
S_10_05_16_DSC00809.JPG,2767,797,2808,854,2
S_10_05_16_DSC00809.JPG,2404,439,2456,524,2
S_10_05_16_DSC00809.JPG,2406,280,2465,380,2
S_10_05_16_DSC00809.JPG,2297,353,2331,413,2
S_10_05_16_DSC00809.JPG,2238,314,2322,366,2
S_10_05_16_DSC00809.JPG,2556,141,2656,195,2
S_10_05_16_DSC00809.JPG,2626,0,2720,49,2
S_10_05_16_DSC00809.JPG,2944,313,2992,388,2
S_10_05_16_DSC00809.JPG,1488,191,1549,283,2
S_10_05_16_DSC00809.JPG,1501,322,1536,409,2
S_10_05_16_DSC00809.JPG,1394,658,1453,756,2
S_10_05_16_DSC00809.JPG,1472,786,1511,851,2
S_10_05_16_DSC00809.JPG,1982,748,2040,807,2
S_10_05_16_DSC00809.JPG,1971,920,2026,1023,2
S_10_05_16_DSC00809.JPG,1793,1118,1832,1190,2
S_10_05_16_DSC00809.JPG,1450,1137,1504,1214,2
S_10_05_16_DSC00809.JPG,1429,1326,1476,1415,2
S_10_05_16_DSC00809.JPG,1822,1374,1872,1473,2
S_10_05_16_DSC00809.JPG,2907,2513,2949,2613,2
S_10_05_16_DSC00809.JPG,2984,2598,3030,2707,2
S_10_05_16_DSC00809.JPG,3162,2687,3243,2731,2
S_10_05_16_DSC00809.JPG,2051,2694,2110,2804,2
S_10_05_16_DSC00809.JPG,1321,2322,1396,2364,2
S_10_05_16_DSC00809.JPG,3569,2822,3609,2886,2
S_10_05_16_DSC00809.JPG,3854,2815,3891,2917,2
S_10_05_16_DSC00809.JPG,4111,2815,4179,2897,2
S_10_05_16_DSC00809.JPG,4078,2857,4141,2951,2
S_10_05_16_DSC00809.JPG,4445,3187,4508,3287,2
S_10_05_16_DSC00809.JPG,4867,3144,4952,3249,2
S_10_05_16_DSC00809.JPG,5136,2941,5198,3053,2
S_10_05_16_DSC00809.JPG,5131,3044,5194,3121,2
S_10_05_16_DSC00809.JPG,5074,3350,5135,3464,2
S_10_05_16_DSC00809.JPG,5466,3759,5535,3840,2
S_10_05_16_DSC00809.JPG,5606,3863,5690,3989,2
S_10_05_16_DSC00809.JPG,1691,3927,1750,4000,2
S_10_05_16_DSC00809.JPG,1616,3918,1672,4000,2
S_10_05_16_DSC00809.JPG,684,3540,782,3594,2
S_10_05_16_DSC00809.JPG,426,3940,481,4000,2
S_10_05_16_DSC00809.JPG,90,3307,185,3371,2
S_10_05_16_DSC00809.JPG,0,3201,34,3246,2
S_10_05_16_DSC00809.JPG,3562,1992,3636,2092,2
S_10_05_16_DSC00809.JPG,3529,2071,3566,2151,2
S_10_05_16_DSC00809.JPG,3814,1767,3853,1868,2
S_10_05_16_DSC00809.JPG,3779,1774,3810,1842,2
S_10_05_16_DSC00809.JPG,5062,1292,5123,1396,2
S_10_05_16_DSC00810.JPG,2888,396,2960,465,2
S_10_05_16_DSC00810.JPG,3141,734,3182,836,2
S_10_05_16_DSC00810.JPG,3161,730,3202,777,2
S_10_05_16_DSC00810.JPG,2474,1127,2544,1226,2
S_10_05_16_DSC00810.JPG,2114,955,2174,1014,2
S_10_05_16_DSC00810.JPG,1833,1207,1943,1268,2
S_10_05_16_DSC00810.JPG,2078,1518,2130,1587,2
S_10_05_16_DSC00810.JPG,1026,2262,1083,2350,2
S_10_05_16_DSC00810.JPG,1259,2537,1323,2635,2
S_10_05_16_DSC00810.JPG,1245,2724,1309,2820,2
S_10_05_16_DSC00810.JPG,1216,3075,1264,3185,2
S_10_05_16_DSC00810.JPG,1260,3123,1301,3199,2
S_10_05_16_DSC00810.JPG,1771,3074,1832,3114,2
S_10_05_16_DSC00810.JPG,1771,3245,1830,3356,2
S_10_05_16_DSC00810.JPG,1606,3444,1647,3532,2
S_10_05_16_DSC00810.JPG,1259,3468,1319,3545,2
S_10_05_16_DSC00810.JPG,1246,3672,1307,3780,2
S_10_05_16_DSC00810.JPG,1655,3707,1701,3829,2
S_10_05_16_DSC00810.JPG,2505,3876,2543,3984,2
S_10_05_16_DSC00810.JPG,2881,3665,2942,3773,2
S_10_05_16_DSC00810.JPG,2971,3536,3027,3588,2
S_10_05_16_DSC00810.JPG,2567,3086,2609,3154,2
S_10_05_16_DSC00810.JPG,2613,2836,2672,2940,2
S_10_05_16_DSC00810.JPG,2182,2734,2236,2826,2
S_10_05_16_DSC00810.JPG,2003,2620,2069,2672,2
S_10_05_16_DSC00810.JPG,2066,2642,2099,2708,2
S_10_05_16_DSC00810.JPG,2166,2579,2221,2669,2
S_10_05_16_DSC00810.JPG,2317,2413,2415,2472,2
S_10_05_16_DSC00810.JPG,2373,2269,2473,2312,2
S_10_05_16_DSC00810.JPG,2718,2598,2767,2675,2
S_10_05_16_DSC00810.JPG,3011,2725,3112,2787,2
S_10_05_16_DSC00810.JPG,2962,2846,3046,2888,2
S_10_05_16_DSC00810.JPG,2999,3079,3075,3153,2
S_10_05_16_DSC00810.JPG,4934,3533,4987,3653,2
S_10_05_16_DSC00810.JPG,4683,1562,4738,1661,2
S_10_05_16_DSC00810.JPG,4568,1523,4663,1593,2
S_10_05_16_DSC00811.JPG,5072,1650,5161,1726,2
S_10_05_16_DSC00811.JPG,2452,2827,2524,2900,2
S_10_05_16_DSC00811.JPG,2723,3194,2760,3303,2
S_10_05_16_DSC00811.JPG,1658,3415,1724,3480,2
S_10_05_16_DSC00811.JPG,2028,3597,2118,3706,2
S_10_05_16_DSC00811.JPG,1463,3712,1533,3811,2
S_10_05_16_DSC00824.JPG,1835,1464,1913,1561,2
S_10_05_16_DSC00824.JPG,1738,1369,1775,1431,2
S_10_05_16_DSC00824.JPG,1704,1438,1775,1528,2
S_10_05_16_DSC00824.JPG,1530,1489,1581,1590,2
S_10_05_16_DSC00824.JPG,2016,1220,2082,1335,2
S_10_05_16_DSC00824.JPG,1914,1035,1960,1089,2
S_10_05_16_DSC00824.JPG,1896,1077,1955,1167,2
S_10_05_16_DSC00824.JPG,2249,728,2311,830,2
S_10_05_16_DSC00824.JPG,2014,637,2065,755,2
S_10_05_16_DSC00824.JPG,1947,710,2021,814,2
S_10_05_16_DSC00824.JPG,1733,610,1818,684,2
S_10_05_16_DSC00824.JPG,1673,810,1757,890,2
S_10_05_16_DSC00824.JPG,1459,868,1529,951,2
S_10_05_16_DSC00824.JPG,1279,966,1367,1060,2
S_10_05_16_DSC00824.JPG,1186,950,1269,1041,2
S_10_05_16_DSC00824.JPG,1136,966,1185,1035,2
S_10_05_16_DSC00824.JPG,1088,919,1131,998,2
S_10_05_16_DSC00824.JPG,935,877,1015,971,2
S_10_05_16_DSC00824.JPG,1031,1075,1071,1133,2
S_10_05_16_DSC00824.JPG,932,1084,989,1157,2
S_10_05_16_DSC00824.JPG,839,1032,890,1108,2
S_10_05_16_DSC00824.JPG,1090,1175,1174,1252,2
S_10_05_16_DSC00824.JPG,1149,1405,1200,1501,2
S_10_05_16_DSC00824.JPG,658,1061,738,1155,2
S_10_05_16_DSC00824.JPG,836,731,925,781,2
S_10_05_16_DSC00824.JPG,518,753,620,820,2
S_10_05_16_DSC00824.JPG,487,900,545,1000,2
S_10_05_16_DSC00824.JPG,330,726,392,798,2
S_10_05_16_DSC00824.JPG,306,867,363,931,2
S_10_05_16_DSC00824.JPG,80,936,179,1001,2
S_10_05_16_DSC00824.JPG,221,556,294,645,2
S_10_05_16_DSC00824.JPG,0,583,38,687,2
S_10_05_16_DSC00824.JPG,839,411,918,500,2
S_10_05_16_DSC00824.JPG,1136,714,1223,795,2
S_10_05_16_DSC00824.JPG,384,353,460,439,2
S_10_05_16_DSC00824.JPG,241,284,302,367,2
S_10_05_16_DSC00824.JPG,184,300,239,364,2
S_10_05_16_DSC00824.JPG,78,197,143,287,2
S_10_05_16_DSC00824.JPG,1697,259,1762,343,2
S_10_05_16_DSC00824.JPG,1450,182,1523,245,2
S_10_05_16_DSC00824.JPG,1341,250,1430,352,2
S_10_05_16_DSC00906.JPG,2118,1568,2152,1637,3
S_10_05_16_DSC00906.JPG,1130,1323,1160,1382,3
S_10_05_16_DSC00906.JPG,1017,1502,1077,1561,3
S_10_05_16_DSC00907.JPG,2316,3681,2354,3733,3
S_10_05_16_DSC00907.JPG,1348,3456,1384,3523,3
S_10_05_16_DSC00907.JPG,1265,3617,1310,3674,3
S_10_05_16_DSC00907.JPG,360,151,434,203,3
S_10_05_16_DSC00907.JPG,225,65,325,138,3
S_10_05_16_DSC00907.JPG,806,521,842,598,3
S_10_05_16_DSC00908.JPG,4036,1590,4084,1620,3
S_10_05_16_DSC00908.JPG,816,2103,866,2163,3
S_10_05_16_DSC00908.JPG,432,2107,520,2148,3
S_10_05_16_DSC00908.JPG,756,2413,801,2468,3
S_10_05_16_DSC00908.JPG,745,2483,805,2543,3
S_10_05_16_DSC00908.JPG,813,2584,892,2633,3
S_10_05_16_DSC00908.JPG,158,2043,205,2065,3
S_10_05_16_DSC00908.JPG,102,1715,169,1743,3
S_10_05_16_DSC00908.JPG,34,1920,96,1946,3
S_10_05_16_DSC00908.JPG,0,1817,28,1865,3
S_10_05_16_DSC00908.JPG,4328,1001,4363,1057,3
S_10_05_16_DSC00908.JPG,5438,321,5502,363,3
S_10_05_16_DSC00908.JPG,2274,0,2337,17,3
S_10_05_16_DSC00908.JPG,1354,77,1384,124,3
S_10_05_16_DSC00909.JPG,3293,1356,3318,1396,3
S_10_05_16_DSC00909.JPG,2654,1195,2681,1254,3
S_10_05_16_DSC00909.JPG,2975,710,3012,758,3
S_10_05_16_DSC00909.JPG,3427,616,3472,657,3
S_10_05_16_DSC00909.JPG,3973,239,4014,266,3
S_10_05_16_DSC00909.JPG,4309,530,4332,592,3
S_10_05_16_DSC00909.JPG,4551,3704,4584,3751,3
S_10_05_16_DSC00909.JPG,5702,3088,5763,3124,3
S_10_05_16_DSC00909.JPG,2606,2475,2654,2523,3
S_10_05_16_DSC00909.JPG,2479,2510,2531,2534,3
S_10_05_16_DSC00909.JPG,1585,2541,1642,2564,3
S_10_05_16_DSC00909.JPG,1229,1943,1279,1962,3
S_10_05_16_DSC00909.JPG,1055,1822,1080,1871,3
S_10_05_16_DSC00909.JPG,1125,1713,1165,1747,3
S_10_05_16_DSC00909.JPG,1383,1134,1433,1167,3
S_10_05_16_DSC00909.JPG,1383,665,1445,690,3
S_10_05_16_DSC00909.JPG,1847,922,1890,948,3
S_10_05_16_DSC00910.JPG,3620,3036,3670,3082,3
S_10_05_16_DSC00910.JPG,3153,3124,3195,3168,3
S_10_05_16_DSC00910.JPG,4532,2975,4559,3047,3
S_10_05_16_DSC00910.JPG,3474,3817,3498,3860,3
S_10_05_16_DSC00910.JPG,2824,3634,2852,3689,3
S_10_05_16_DSC00910.JPG,1891,3339,1944,3360,3
S_10_05_16_DSC00910.JPG,1508,3509,1560,3545,3
S_10_05_16_DSC00910.JPG,1482,3080,1515,3123,3
S_10_05_16_DSC00910.JPG,4242,2682,4283,2719,3
S_10_05_16_DSC00910.JPG,504,1277,545,1331,3
S_10_05_16_DSC00911.JPG,576,3455,619,3517,3
S_10_05_16_DSC00917.JPG,5457,825,5542,870,2
S_10_05_16_DSC00917.JPG,5400,872,5475,959,2
S_10_05_16_DSC00930.JPG,4668,2418,4698,2484,4
S_10_05_16_DSC00930.JPG,4639,2359,4685,2420,4
S_10_05_16_DSC00930.JPG,4498,2397,4549,2456,4
S_10_05_16_DSC00930.JPG,5579,1317,5641,1402,2
S_10_05_16_DSC00930.JPG,5510,1316,5598,1372,2
S_10_05_16_DSC00955.JPG,2719,2337,2780,2375,5
S_10_05_16_DSC00955.JPG,2597,2377,2649,2404,5
S_10_05_16_DSC00955.JPG,2550,2410,2620,2444,5
S_10_05_16_DSC00955.JPG,2450,2456,2515,2495,5
000113a692ba61cd55ea3acb9c2f9c41709710a1.JPG,554,280,607,308,6
000113a692ba61cd55ea3acb9c2f9c41709710a1.JPG,358,208,392,265,6
000113a692ba61cd55ea3acb9c2f9c41709710a1.JPG,392,428,468,496,6
002296711c356eca5bf02af0beaa0723ca2e5577.JPG,802,1757,869,1827,6
002296711c356eca5bf02af0beaa0723ca2e5577.JPG,792,1789,831,1857,6
002296711c356eca5bf02af0beaa0723ca2e5577.JPG,754,1717,843,1776,6
002296711c356eca5bf02af0beaa0723ca2e5577.JPG,819,1627,879,1662,6
002296711c356eca5bf02af0beaa0723ca2e5577.JPG,811,1664,880,1707,6
003aa29b4a39911e544d542fc10d9d53819e1499.JPG,1076,351,1113,407,6
0069b92ae68b7c9a91496d90b4306b51cc3974b0.JPG,4042,2952,4076,2991,6
0069b92ae68b7c9a91496d90b4306b51cc3974b0.JPG,3922,3584,3952,3613,6
0069b92ae68b7c9a91496d90b4306b51cc3974b0.JPG,3613,3637,3649,3669,6
006b4661847b82acfb2b6a3e3677f4ae63f1dd5c.JPG,2787,1674,2834,1705,6
006b4661847b82acfb2b6a3e3677f4ae63f1dd5c.JPG,1833,2052,1878,2075,6
006b4661847b82acfb2b6a3e3677f4ae63f1dd5c.JPG,2022,2256,2070,2274,6
006b4661847b82acfb2b6a3e3677f4ae63f1dd5c.JPG,1936,2171,1971,2194,6
006b4661847b82acfb2b6a3e3677f4ae63f1dd5c.JPG,1919,2301,1973,2320,6
006b4661847b82acfb2b6a3e3677f4ae63f1dd5c.JPG,2188,2336,2231,2351,6
006b4661847b82acfb2b6a3e3677f4ae63f1dd5c.JPG,2085,2404,2125,2420,6
006b4661847b82acfb2b6a3e3677f4ae63f1dd5c.JPG,2435,2461,2474,2505,6
006b4661847b82acfb2b6a3e3677f4ae63f1dd5c.JPG,1962,2779,2008,2808,6
006b4661847b82acfb2b6a3e3677f4ae63f1dd5c.JPG,1969,2590,2004,2608,6
006b4661847b82acfb2b6a3e3677f4ae63f1dd5c.JPG,1832,2313,1860,2351,6
006b4661847b82acfb2b6a3e3677f4ae63f1dd5c.JPG,1732,2311,1782,2331,6
006b4661847b82acfb2b6a3e3677f4ae63f1dd5c.JPG,1824,2366,1849,2382,6
006b4661847b82acfb2b6a3e3677f4ae63f1dd5c.JPG,1910,2444,1934,2476,6
006b4661847b82acfb2b6a3e3677f4ae63f1dd5c.JPG,1695,2312,1729,2333,6
006b4661847b82acfb2b6a3e3677f4ae63f1dd5c.JPG,1538,2026,1570,2051,6
006b4661847b82acfb2b6a3e3677f4ae63f1dd5c.JPG,1734,1809,1777,1828,6
006b4661847b82acfb2b6a3e3677f4ae63f1dd5c.JPG,2039,1679,2074,1699,6
006b4661847b82acfb2b6a3e3677f4ae63f1dd5c.JPG,2002,1650,2044,1682,6
006b4661847b82acfb2b6a3e3677f4ae63f1dd5c.JPG,2004,1805,2028,1839,6
006b4661847b82acfb2b6a3e3677f4ae63f1dd5c.JPG,1582,1116,1607,1154,6
006b4661847b82acfb2b6a3e3677f4ae63f1dd5c.JPG,867,1804,917,1829,6
006b4661847b82acfb2b6a3e3677f4ae63f1dd5c.JPG,710,1831,749,1846,6
006b4661847b82acfb2b6a3e3677f4ae63f1dd5c.JPG,604,1870,647,1887,6
006b4661847b82acfb2b6a3e3677f4ae63f1dd5c.JPG,1943,2294,1974,2306,6
00f062e946ccdb29a71c0c0f410ff6e2add728ad.JPG,1261,379,1292,391,6
00f062e946ccdb29a71c0c0f410ff6e2add728ad.JPG,935,259,966,278,6
00f062e946ccdb29a71c0c0f410ff6e2add728ad.JPG,893,278,937,303,6
00f062e946ccdb29a71c0c0f410ff6e2add728ad.JPG,1122,15,1152,27,6
00f062e946ccdb29a71c0c0f410ff6e2add728ad.JPG,919,2,953,30,6
00f062e946ccdb29a71c0c0f410ff6e2add728ad.JPG,1158,458,1177,484,6
00f062e946ccdb29a71c0c0f410ff6e2add728ad.JPG,1119,598,1150,645,6
00f062e946ccdb29a71c0c0f410ff6e2add728ad.JPG,3204,1321,3233,1356,6
00f062e946ccdb29a71c0c0f410ff6e2add728ad.JPG,3153,1927,3187,1958,6
00f062e946ccdb29a71c0c0f410ff6e2add728ad.JPG,3726,1860,3757,1883,6
00f062e946ccdb29a71c0c0f410ff6e2add728ad.JPG,3783,1982,3814,2035,6
00f062e946ccdb29a71c0c0f410ff6e2add728ad.JPG,3793,2035,3827,2056,6
00f062e946ccdb29a71c0c0f410ff6e2add728ad.JPG,3987,2027,4025,2045,6
00f062e946ccdb29a71c0c0f410ff6e2add728ad.JPG,4037,2008,4069,2022,6
00f062e946ccdb29a71c0c0f410ff6e2add728ad.JPG,4047,1954,4096,1973,6
00f062e946ccdb29a71c0c0f410ff6e2add728ad.JPG,3686,2251,3730,2264,6
00f062e946ccdb29a71c0c0f410ff6e2add728ad.JPG,4188,2218,4227,2255,6
00f062e946ccdb29a71c0c0f410ff6e2add728ad.JPG,4184,2137,4197,2162,6
00f062e946ccdb29a71c0c0f410ff6e2add728ad.JPG,4353,2105,4380,2126,6
00f062e946ccdb29a71c0c0f410ff6e2add728ad.JPG,963,2079,991,2120,6
00f46f6f471fbadbdce4a2e2378e47fc5dbd6f36.JPG,4066,284,4107,321,6
00f46f6f471fbadbdce4a2e2378e47fc5dbd6f36.JPG,3960,68,3976,87,6
010ecab3ddc4d97e4fb98f702dbb506fa94cfcd1.JPG,5088,3510,5118,3578,6
0110229ea0d23b080cea52091002e52b86745929.JPG,2043,3384,2066,3419,6
011e9fbc325e12a4a193a6f94d7f7f99bb049fbd.JPG,507,2932,539,2972,6
01269fc785e8d642839b350b3b53bef6dbde8510.JPG,1409,1479,1481,1514,6
012e884435eef1b4503af40f1cca54ee9aa2c2f3.JPG,3024,2036,3067,2079,6
012e884435eef1b4503af40f1cca54ee9aa2c2f3.JPG,3047,2086,3111,2172,6
012e884435eef1b4503af40f1cca54ee9aa2c2f3.JPG,2951,2120,3026,2165,6
012e884435eef1b4503af40f1cca54ee9aa2c2f3.JPG,2877,2217,2933,2313,6
012e884435eef1b4503af40f1cca54ee9aa2c2f3.JPG,3650,1673,3691,1751,6
012e884435eef1b4503af40f1cca54ee9aa2c2f3.JPG,3679,1626,3749,1716,6
012e884435eef1b4503af40f1cca54ee9aa2c2f3.JPG,3697,1687,3748,1731,6
012e884435eef1b4503af40f1cca54ee9aa2c2f3.JPG,5400,1229,5463,1305,6
012e884435eef1b4503af40f1cca54ee9aa2c2f3.JPG,2149,513,2205,554,6
012e884435eef1b4503af40f1cca54ee9aa2c2f3.JPG,2161,215,2196,265,6
012e884435eef1b4503af40f1cca54ee9aa2c2f3.JPG,2109,213,2154,278,6
012e884435eef1b4503af40f1cca54ee9aa2c2f3.JPG,2095,140,2148,167,6
012e884435eef1b4503af40f1cca54ee9aa2c2f3.JPG,1723,212,1821,278,6
012e884435eef1b4503af40f1cca54ee9aa2c2f3.JPG,1133,460,1214,494,6
012e884435eef1b4503af40f1cca54ee9aa2c2f3.JPG,982,476,1056,567,6
012e884435eef1b4503af40f1cca54ee9aa2c2f3.JPG,684,210,735,289,6
012e884435eef1b4503af40f1cca54ee9aa2c2f3.JPG,3609,1803,3663,1886,6
012e884435eef1b4503af40f1cca54ee9aa2c2f3.JPG,3609,1735,3630,1780,6
01853c5f7ae00d65cb91140b2e8fdceed043c825.JPG,3449,357,3485,431,6
01de5b7225fc89e56d57ae1e14cd945cb67f5a0e.JPG,1788,2490,1835,2520,6
01de5b7225fc89e56d57ae1e14cd945cb67f5a0e.JPG,1732,2537,1754,2552,6
01de5b7225fc89e56d57ae1e14cd945cb67f5a0e.JPG,1642,2636,1661,2674,6
01de5b7225fc89e56d57ae1e14cd945cb67f5a0e.JPG,1684,2661,1701,2704,6
01de5b7225fc89e56d57ae1e14cd945cb67f5a0e.JPG,1474,2625,1524,2649,6
01de5b7225fc89e56d57ae1e14cd945cb67f5a0e.JPG,1437,2642,1457,2688,6
01de5b7225fc89e56d57ae1e14cd945cb67f5a0e.JPG,1368,2665,1381,2692,6
01de5b7225fc89e56d57ae1e14cd945cb67f5a0e.JPG,2022,2790,2046,2832,6
01de5b7225fc89e56d57ae1e14cd945cb67f5a0e.JPG,2192,2686,2244,2709,6
01de5b7225fc89e56d57ae1e14cd945cb67f5a0e.JPG,1526,3256,1549,3306,6
01de5b7225fc89e56d57ae1e14cd945cb67f5a0e.JPG,1519,3275,1531,3300,6
01de5b7225fc89e56d57ae1e14cd945cb67f5a0e.JPG,1716,3482,1737,3518,6
01de5b7225fc89e56d57ae1e14cd945cb67f5a0e.JPG,2082,3563,2122,3587,6
01de5b7225fc89e56d57ae1e14cd945cb67f5a0e.JPG,1283,3292,1324,3322,6
01de5b7225fc89e56d57ae1e14cd945cb67f5a0e.JPG,365,3027,428,3060,6
01de5b7225fc89e56d57ae1e14cd945cb67f5a0e.JPG,297,3044,340,3083,6
01de5b7225fc89e56d57ae1e14cd945cb67f5a0e.JPG,342,2823,374,2861,6
01de5b7225fc89e56d57ae1e14cd945cb67f5a0e.JPG,503,2718,529,2762,6
01de5b7225fc89e56d57ae1e14cd945cb67f5a0e.JPG,389,2749,414,2773,6
01de5b7225fc89e56d57ae1e14cd945cb67f5a0e.JPG,344,2666,390,2693,6
01de5b7225fc89e56d57ae1e14cd945cb67f5a0e.JPG,383,2710,399,2735,6
01de5b7225fc89e56d57ae1e14cd945cb67f5a0e.JPG,1734,3497,1751,3529,6
02522ec4134273b0355d860be1127a8ee6502a8b.JPG,4392,2293,4476,2335,6
02522ec4134273b0355d860be1127a8ee6502a8b.JPG,4572,2355,4649,2392,6
02522ec4134273b0355d860be1127a8ee6502a8b.JPG,4470,2438,4520,2513,6
02522ec4134273b0355d860be1127a8ee6502a8b.JPG,4396,2812,4437,2881,6
02522ec4134273b0355d860be1127a8ee6502a8b.JPG,4979,3234,5049,3272,6
02522ec4134273b0355d860be1127a8ee6502a8b.JPG,3488,3124,3545,3152,6
02522ec4134273b0355d860be1127a8ee6502a8b.JPG,2855,3488,2929,3530,6
02522ec4134273b0355d860be1127a8ee6502a8b.JPG,3818,2739,3903,2778,6
026ae7f5cddac223d6e364b7c16779b271cb3198.JPG,81,2961,142,2990,6
026ae7f5cddac223d6e364b7c16779b271cb3198.JPG,109,3123,174,3151,6
026ae7f5cddac223d6e364b7c16779b271cb3198.JPG,122,3174,156,3232,6
026ae7f5cddac223d6e364b7c16779b271cb3198.JPG,225,3188,270,3240,6
026ae7f5cddac223d6e364b7c16779b271cb3198.JPG,462,3267,500,3305,6
026ae7f5cddac223d6e364b7c16779b271cb3198.JPG,398,3354,432,3420,6
026ae7f5cddac223d6e364b7c16779b271cb3198.JPG,236,3468,287,3523,6
026ae7f5cddac223d6e364b7c16779b271cb3198.JPG,536,3455,569,3536,6
026ae7f5cddac223d6e364b7c16779b271cb3198.JPG,466,3496,523,3525,6
026ae7f5cddac223d6e364b7c16779b271cb3198.JPG,533,3373,562,3439,6
026ae7f5cddac223d6e364b7c16779b271cb3198.JPG,737,3384,773,3427,6
026ae7f5cddac223d6e364b7c16779b271cb3198.JPG,1066,3541,1109,3574,6
026ae7f5cddac223d6e364b7c16779b271cb3198.JPG,1007,3550,1062,3623,6
026ae7f5cddac223d6e364b7c16779b271cb3198.JPG,1546,3582,1586,3668,6
026ae7f5cddac223d6e364b7c16779b271cb3198.JPG,2955,3516,2970,3548,6
026ae7f5cddac223d6e364b7c16779b271cb3198.JPG,2976,3541,3020,3611,6
029a3137dcd642e5e5d51f07b3cbaf9d854f8baf.JPG,2087,1520,2124,1547,6
029a3137dcd642e5e5d51f07b3cbaf9d854f8baf.JPG,1928,1651,1981,1674,6
029a3137dcd642e5e5d51f07b3cbaf9d854f8baf.JPG,1920,1686,1948,1715,6
029a3137dcd642e5e5d51f07b3cbaf9d854f8baf.JPG,1952,1711,1977,1755,6
029a3137dcd642e5e5d51f07b3cbaf9d854f8baf.JPG,2586,659,2621,681,6
029a3137dcd642e5e5d51f07b3cbaf9d854f8baf.JPG,2735,672,2762,729,6
029a3137dcd642e5e5d51f07b3cbaf9d854f8baf.JPG,2937,671,2971,707,6
029a3137dcd642e5e5d51f07b3cbaf9d854f8baf.JPG,3017,737,3037,770,6
029a3137dcd642e5e5d51f07b3cbaf9d854f8baf.JPG,3012,554,3031,602,6
029a3137dcd642e5e5d51f07b3cbaf9d854f8baf.JPG,2994,595,3013,616,6
029a3137dcd642e5e5d51f07b3cbaf9d854f8baf.JPG,3234,1709,3257,1756,6
029a3137dcd642e5e5d51f07b3cbaf9d854f8baf.JPG,3132,1987,3164,2020,6
029a3137dcd642e5e5d51f07b3cbaf9d854f8baf.JPG,3268,2259,3304,2283,6
029a3137dcd642e5e5d51f07b3cbaf9d854f8baf.JPG,3256,2334,3279,2375,6
029a3137dcd642e5e5d51f07b3cbaf9d854f8baf.JPG,3367,2447,3396,2495,6
029a3137dcd642e5e5d51f07b3cbaf9d854f8baf.JPG,103,2775,157,2800,6
029f91a65013265f752a8987e0952eb9880ec49c.JPG,1338,110,1387,166,6
029f91a65013265f752a8987e0952eb9880ec49c.JPG,618,166,665,237,6
03637f7e5b92276996ec5027fc6d80038306435e.JPG,1382,1479,1414,1506,6
03637f7e5b92276996ec5027fc6d80038306435e.JPG,935,595,968,626,6
03637f7e5b92276996ec5027fc6d80038306435e.JPG,701,510,722,527,6
03637f7e5b92276996ec5027fc6d80038306435e.JPG,561,553,584,600,6
03681f46c5f946b4272e7637a5998ce5ca1630a5.JPG,1534,143,1676,231,6
03b170b2f4f3499dd658a91af2af6edc316bf315.JPG,3269,3218,3329,3301,6
03b58d26dbfe7eb8bc71c5ed7f27461854124428.JPG,4015,282,4046,330,6
03c04daf5ae49a9434d9ca5928d2aa456168b0cd.JPG,3291,2612,3358,2640,6
03c04daf5ae49a9434d9ca5928d2aa456168b0cd.JPG,3380,2609,3403,2666,6
03c04daf5ae49a9434d9ca5928d2aa456168b0cd.JPG,3418,2634,3466,2667,6
03c04daf5ae49a9434d9ca5928d2aa456168b0cd.JPG,3398,2667,3462,2709,6
03c04daf5ae49a9434d9ca5928d2aa456168b0cd.JPG,3333,2667,3385,2719,6
03c04daf5ae49a9434d9ca5928d2aa456168b0cd.JPG,3486,2700,3541,2734,6
03c04daf5ae49a9434d9ca5928d2aa456168b0cd.JPG,3383,2739,3426,2754,6
03c04daf5ae49a9434d9ca5928d2aa456168b0cd.JPG,3360,2744,3437,2789,6
03c04daf5ae49a9434d9ca5928d2aa456168b0cd.JPG,3391,2777,3434,2803,6
03c04daf5ae49a9434d9ca5928d2aa456168b0cd.JPG,3355,2794,3411,2824,6
03c04daf5ae49a9434d9ca5928d2aa456168b0cd.JPG,3428,2793,3500,2858,6
03c04daf5ae49a9434d9ca5928d2aa456168b0cd.JPG,3425,2819,3470,2858,6
03c04daf5ae49a9434d9ca5928d2aa456168b0cd.JPG,3413,2827,3452,2879,6
03c04daf5ae49a9434d9ca5928d2aa456168b0cd.JPG,3448,2868,3484,2888,6
03c04daf5ae49a9434d9ca5928d2aa456168b0cd.JPG,3440,2881,3517,2918,6
03c04daf5ae49a9434d9ca5928d2aa456168b0cd.JPG,3448,2910,3498,2939,6
03c04daf5ae49a9434d9ca5928d2aa456168b0cd.JPG,3421,2883,3443,2928,6
03c04daf5ae49a9434d9ca5928d2aa456168b0cd.JPG,3385,2880,3432,2968,6
03c04daf5ae49a9434d9ca5928d2aa456168b0cd.JPG,3207,2908,3240,2973,6
03c04daf5ae49a9434d9ca5928d2aa456168b0cd.JPG,2807,3278,2854,3357,6
03d3a74347acf67bc38c5017c774b8a99198c987.JPG,2092,3217,2128,3251,6
03d3a74347acf67bc38c5017c774b8a99198c987.JPG,4517,631,4537,660,6
03d3a74347acf67bc38c5017c774b8a99198c987.JPG,4521,686,4543,731,6
03d3a74347acf67bc38c5017c774b8a99198c987.JPG,4356,29,4377,69,6
03d3a74347acf67bc38c5017c774b8a99198c987.JPG,4607,927,4642,958,6
03d3a74347acf67bc38c5017c774b8a99198c987.JPG,4547,950,4574,997,6
03d3a74347acf67bc38c5017c774b8a99198c987.JPG,4580,1052,4596,1088,6
041c3d2437b83d0f45352c2acf553d57c0e358e9.JPG,3389,861,3439,884,6
041c3d2437b83d0f45352c2acf553d57c0e358e9.JPG,3448,887,3485,905,6
041c3d2437b83d0f45352c2acf553d57c0e358e9.JPG,3399,913,3418,944,6
041c3d2437b83d0f45352c2acf553d57c0e358e9.JPG,3656,607,3713,639,6
041c3d2437b83d0f45352c2acf553d57c0e358e9.JPG,3836,674,3861,718,6
041c3d2437b83d0f45352c2acf553d57c0e358e9.JPG,3935,553,3958,583,6
041c3d2437b83d0f45352c2acf553d57c0e358e9.JPG,4092,276,4114,316,6
045498edab1c4c373cb7eff56cdc4f57ab75e772.JPG,2186,0,2214,16,6
045498edab1c4c373cb7eff56cdc4f57ab75e772.JPG,2055,47,2104,66,6
045498edab1c4c373cb7eff56cdc4f57ab75e772.JPG,2034,119,2076,139,6
045498edab1c4c373cb7eff56cdc4f57ab75e772.JPG,2063,242,2112,262,6
045498edab1c4c373cb7eff56cdc4f57ab75e772.JPG,2150,391,2192,420,6
045498edab1c4c373cb7eff56cdc4f57ab75e772.JPG,2250,379,2295,404,6
0463a7fdffa088f98761dfa5cbf39dcd05f277c3.JPG,2935,1884,2960,1944,6
0463a7fdffa088f98761dfa5cbf39dcd05f277c3.JPG,3314,2028,3338,2087,6
0463a7fdffa088f98761dfa5cbf39dcd05f277c3.JPG,1238,23,1268,93,6
0463a7fdffa088f98761dfa5cbf39dcd05f277c3.JPG,807,281,837,328,6
0479a2e61f00781e9a8c82e0bae5784f3cd8cf94.JPG,2077,1346,2161,1384,6
0479a2e61f00781e9a8c82e0bae5784f3cd8cf94.JPG,2010,1362,2062,1438,6
0479a2e61f00781e9a8c82e0bae5784f3cd8cf94.JPG,1940,1167,1970,1221,6
0479a2e61f00781e9a8c82e0bae5784f3cd8cf94.JPG,1674,1326,1704,1391,6
0479a2e61f00781e9a8c82e0bae5784f3cd8cf94.JPG,1572,1051,1613,1136,6
0479a2e61f00781e9a8c82e0bae5784f3cd8cf94.JPG,2117,925,2178,967,6
0479a2e61f00781e9a8c82e0bae5784f3cd8cf94.JPG,1864,825,1888,863,6
0479a2e61f00781e9a8c82e0bae5784f3cd8cf94.JPG,2096,601,2131,701,6
0479a2e61f00781e9a8c82e0bae5784f3cd8cf94.JPG,2195,540,2268,579,6
0479a2e61f00781e9a8c82e0bae5784f3cd8cf94.JPG,2657,985,2720,1029,6
04a65c838a3a95f716f3c7e7151cafb387fb4af9.JPG,3029,19,3046,48,6
04a65c838a3a95f716f3c7e7151cafb387fb4af9.JPG,2833,45,2867,61,6
04a65c838a3a95f716f3c7e7151cafb387fb4af9.JPG,2967,63,2999,87,6
04a65c838a3a95f716f3c7e7151cafb387fb4af9.JPG,2737,120,2769,145,6
04a65c838a3a95f716f3c7e7151cafb387fb4af9.JPG,2782,138,2829,161,6
04a65c838a3a95f716f3c7e7151cafb387fb4af9.JPG,2831,161,2848,172,6
04a65c838a3a95f716f3c7e7151cafb387fb4af9.JPG,2853,166,2870,181,6
04a65c838a3a95f716f3c7e7151cafb387fb4af9.JPG,2918,170,2943,182,6
04a65c838a3a95f716f3c7e7151cafb387fb4af9.JPG,3006,250,3033,265,6
04a65c838a3a95f716f3c7e7151cafb387fb4af9.JPG,3069,192,3089,203,6
04a65c838a3a95f716f3c7e7151cafb387fb4af9.JPG,3116,127,3142,140,6
04a65c838a3a95f716f3c7e7151cafb387fb4af9.JPG,3112,245,3130,273,6
04a65c838a3a95f716f3c7e7151cafb387fb4af9.JPG,2817,115,2839,146,6
051dbf56019190c06a2552b394d87d6a3371d8d8.JPG,2952,2406,3031,2462,6
051dbf56019190c06a2552b394d87d6a3371d8d8.JPG,3047,2603,3093,2634,6
051dbf56019190c06a2552b394d87d6a3371d8d8.JPG,2902,2768,2946,2818,6
051dbf56019190c06a2552b394d87d6a3371d8d8.JPG,2836,2761,2869,2834,6
051dbf56019190c06a2552b394d87d6a3371d8d8.JPG,1784,2699,1859,2729,6
051dbf56019190c06a2552b394d87d6a3371d8d8.JPG,2243,3485,2277,3566,6
051dbf56019190c06a2552b394d87d6a3371d8d8.JPG,4165,2900,4206,2987,6
056b6f78bd579bddc0ec090f1ee4168016e240f6.JPG,693,3492,718,3562,6
058f1b5b83bf58e16c8cc5c02cdafab888ca5845.JPG,598,2642,700,2700,6
05945a6a7c11917d01898236930e5c7dd1ba6697.JPG,2385,1655,2447,1696,6
05945a6a7c11917d01898236930e5c7dd1ba6697.JPG,2228,1421,2295,1448,6
0599b28df205a2aaff1ddba33662460d77da7c40.JPG,546,3189,590,3227,6
0599b28df205a2aaff1ddba33662460d77da7c40.JPG,423,3267,473,3306,6
0599b28df205a2aaff1ddba33662460d77da7c40.JPG,304,3266,347,3303,6
05df8a4e3977fe5faed716ec44cdd6c00cdd3ed4.JPG,2664,3256,2689,3281,6
05df8a4e3977fe5faed716ec44cdd6c00cdd3ed4.JPG,2637,3284,2667,3303,6
05df8a4e3977fe5faed716ec44cdd6c00cdd3ed4.JPG,2635,3317,2653,3342,6
05f40c6fb9c0c5241ee2fd7a3ed0748d2c9b80e2.JPG,1578,647,1619,682,6
05f40c6fb9c0c5241ee2fd7a3ed0748d2c9b80e2.JPG,1063,568,1122,622,6
05f40c6fb9c0c5241ee2fd7a3ed0748d2c9b80e2.JPG,909,264,963,339,6
05f40c6fb9c0c5241ee2fd7a3ed0748d2c9b80e2.JPG,185,1077,243,1130,6
0660f13c6db5a9666415437addfdf6a9535e0453.JPG,4585,141,4624,166,6
0660f13c6db5a9666415437addfdf6a9535e0453.JPG,4574,165,4627,183,6
0660f13c6db5a9666415437addfdf6a9535e0453.JPG,4551,178,4600,234,6
0660f13c6db5a9666415437addfdf6a9535e0453.JPG,4581,198,4627,244,6
0660f13c6db5a9666415437addfdf6a9535e0453.JPG,4618,213,4667,258,6
0660f13c6db5a9666415437addfdf6a9535e0453.JPG,4436,332,4500,353,6
0660f13c6db5a9666415437addfdf6a9535e0453.JPG,4681,294,4715,334,6
0660f13c6db5a9666415437addfdf6a9535e0453.JPG,4533,370,4572,395,6
0660f13c6db5a9666415437addfdf6a9535e0453.JPG,4511,400,4542,449,6
06814f3eed89cbc6c3e36d695a6326c8edab634c.JPG,3116,2226,3190,2293,6
06814f3eed89cbc6c3e36d695a6326c8edab634c.JPG,3423,2466,3493,2526,6
06814f3eed89cbc6c3e36d695a6326c8edab634c.JPG,3548,2580,3623,2632,6
06814f3eed89cbc6c3e36d695a6326c8edab634c.JPG,3554,2615,3600,2687,6
06814f3eed89cbc6c3e36d695a6326c8edab634c.JPG,3870,2797,3941,2834,6
06814f3eed89cbc6c3e36d695a6326c8edab634c.JPG,3948,2821,3985,2863,6
06814f3eed89cbc6c3e36d695a6326c8edab634c.JPG,3846,2877,3891,2915,6
06814f3eed89cbc6c3e36d695a6326c8edab634c.JPG,4003,2883,4044,2922,6
06814f3eed89cbc6c3e36d695a6326c8edab634c.JPG,3934,2965,4004,3040,6
06814f3eed89cbc6c3e36d695a6326c8edab634c.JPG,4058,3000,4095,3095,6
06814f3eed89cbc6c3e36d695a6326c8edab634c.JPG,4062,3110,4090,3165,6
06814f3eed89cbc6c3e36d695a6326c8edab634c.JPG,3004,3248,3041,3311,6
06814f3eed89cbc6c3e36d695a6326c8edab634c.JPG,3018,3039,3085,3112,6
06814f3eed89cbc6c3e36d695a6326c8edab634c.JPG,2908,2894,2947,2934,6
06814f3eed89cbc6c3e36d695a6326c8edab634c.JPG,2942,3121,2999,3155,6
06814f3eed89cbc6c3e36d695a6326c8edab634c.JPG,2216,3374,2256,3431,6
06814f3eed89cbc6c3e36d695a6326c8edab634c.JPG,2195,3426,2250,3455,6
06814f3eed89cbc6c3e36d695a6326c8edab634c.JPG,2146,3145,2207,3176,6
06814f3eed89cbc6c3e36d695a6326c8edab634c.JPG,2090,3087,2154,3132,6
06932f783fc99926b9e25d5136a03679655af3b8.JPG,2817,1673,2899,1706,6
06932f783fc99926b9e25d5136a03679655af3b8.JPG,2704,1599,2786,1658,6
06932f783fc99926b9e25d5136a03679655af3b8.JPG,2844,1504,2875,1551,6
06932f783fc99926b9e25d5136a03679655af3b8.JPG,2771,1434,2846,1484,6
06932f783fc99926b9e25d5136a03679655af3b8.JPG,2902,1011,2956,1105,6
06932f783fc99926b9e25d5136a03679655af3b8.JPG,3251,843,3297,866,6
06932f783fc99926b9e25d5136a03679655af3b8.JPG,3652,733,3694,784,6
06932f783fc99926b9e25d5136a03679655af3b8.JPG,3740,793,3780,849,6
06932f783fc99926b9e25d5136a03679655af3b8.JPG,3708,626,3795,671,6
06932f783fc99926b9e25d5136a03679655af3b8.JPG,3857,782,3918,835,6
06932f783fc99926b9e25d5136a03679655af3b8.JPG,3928,520,3967,586,6
06932f783fc99926b9e25d5136a03679655af3b8.JPG,3159,251,3211,296,6
06932f783fc99926b9e25d5136a03679655af3b8.JPG,2346,597,2377,637,6
06932f783fc99926b9e25d5136a03679655af3b8.JPG,2316,625,2387,674,6
06932f783fc99926b9e25d5136a03679655af3b8.JPG,2385,678,2426,703,6
06932f783fc99926b9e25d5136a03679655af3b8.JPG,2383,695,2447,731,6
06932f783fc99926b9e25d5136a03679655af3b8.JPG,2220,888,2277,947,6
06932f783fc99926b9e25d5136a03679655af3b8.JPG,2124,1039,2179,1092,6
06932f783fc99926b9e25d5136a03679655af3b8.JPG,2042,1005,2073,1091,6
06932f783fc99926b9e25d5136a03679655af3b8.JPG,2030,1016,2046,1070,6
06932f783fc99926b9e25d5136a03679655af3b8.JPG,1924,877,1958,957,6
06932f783fc99926b9e25d5136a03679655af3b8.JPG,1894,937,1919,987,6
06932f783fc99926b9e25d5136a03679655af3b8.JPG,1901,1070,1963,1116,6
06932f783fc99926b9e25d5136a03679655af3b8.JPG,2340,1142,2367,1200,6
06932f783fc99926b9e25d5136a03679655af3b8.JPG,2442,1163,2469,1239,6
06932f783fc99926b9e25d5136a03679655af3b8.JPG,2493,1155,2526,1221,6
06932f783fc99926b9e25d5136a03679655af3b8.JPG,2190,1319,2234,1374,6
06932f783fc99926b9e25d5136a03679655af3b8.JPG,1609,1089,1655,1158,6
06932f783fc99926b9e25d5136a03679655af3b8.JPG,1522,1139,1596,1167,6
06932f783fc99926b9e25d5136a03679655af3b8.JPG,1167,947,1238,1010,6
06932f783fc99926b9e25d5136a03679655af3b8.JPG,1672,437,1732,486,6
06932f783fc99926b9e25d5136a03679655af3b8.JPG,2049,940,2132,981,6
06a5f9b6ba3bb9217f119beb9e8053ac2eb9e20b.JPG,2376,1505,2397,1526,6
06a5f9b6ba3bb9217f119beb9e8053ac2eb9e20b.JPG,2395,1563,2418,1580,6
06a5f9b6ba3bb9217f119beb9e8053ac2eb9e20b.JPG,2370,1608,2386,1627,6
06a5f9b6ba3bb9217f119beb9e8053ac2eb9e20b.JPG,2324,1614,2357,1629,6
06a5f9b6ba3bb9217f119beb9e8053ac2eb9e20b.JPG,2338,1721,2352,1740,6
06a5f9b6ba3bb9217f119beb9e8053ac2eb9e20b.JPG,2310,1716,2337,1731,6
06a5f9b6ba3bb9217f119beb9e8053ac2eb9e20b.JPG,2190,1759,2205,1776,6
06a5f9b6ba3bb9217f119beb9e8053ac2eb9e20b.JPG,2084,1723,2097,1747,6
06a5f9b6ba3bb9217f119beb9e8053ac2eb9e20b.JPG,2063,1740,2081,1756,6
06a5f9b6ba3bb9217f119beb9e8053ac2eb9e20b.JPG,1552,1510,1569,1541,6
06a5f9b6ba3bb9217f119beb9e8053ac2eb9e20b.JPG,2695,1237,2715,1260,6
06a5f9b6ba3bb9217f119beb9e8053ac2eb9e20b.JPG,2862,1269,2878,1298,6
06a5f9b6ba3bb9217f119beb9e8053ac2eb9e20b.JPG,3017,1339,3036,1366,6
06a5f9b6ba3bb9217f119beb9e8053ac2eb9e20b.JPG,3121,1306,3147,1325,6
06a5f9b6ba3bb9217f119beb9e8053ac2eb9e20b.JPG,2841,909,2859,934,6
06a5f9b6ba3bb9217f119beb9e8053ac2eb9e20b.JPG,3000,758,3016,784,6
06a5f9b6ba3bb9217f119beb9e8053ac2eb9e20b.JPG,2934,715,2956,738,6
06c4d6abe01f6ef45bb56fc29782481b6b82feac.JPG,1354,3527,1392,3559,6
06c6291bcd6d66fd32d7d47952af4dbcd5e9edb3.JPG,2848,2725,2872,2760,6
06d5ce33b84af693cd25a468c6ede67c44ffab8b.JPG,824,3173,863,3194,6
06d5ce33b84af693cd25a468c6ede67c44ffab8b.JPG,829,3187,880,3211,6
06d5ce33b84af693cd25a468c6ede67c44ffab8b.JPG,813,3202,870,3242,6
06d5ce33b84af693cd25a468c6ede67c44ffab8b.JPG,779,3199,823,3225,6
06d5ce33b84af693cd25a468c6ede67c44ffab8b.JPG,850,3240,903,3282,6
06d5ce33b84af693cd25a468c6ede67c44ffab8b.JPG,845,3279,889,3300,6
06d5ce33b84af693cd25a468c6ede67c44ffab8b.JPG,876,3295,909,3323,6
06d5ce33b84af693cd25a468c6ede67c44ffab8b.JPG,892,3280,948,3307,6
06d5ce33b84af693cd25a468c6ede67c44ffab8b.JPG,888,3312,933,3350,6
06d5ce33b84af693cd25a468c6ede67c44ffab8b.JPG,948,3300,997,3325,6
06d5ce33b84af693cd25a468c6ede67c44ffab8b.JPG,959,3345,994,3392,6
06d5ce33b84af693cd25a468c6ede67c44ffab8b.JPG,959,3393,973,3420,6
06d5ce33b84af693cd25a468c6ede67c44ffab8b.JPG,994,3389,1024,3431,6
06d5ce33b84af693cd25a468c6ede67c44ffab8b.JPG,1033,3389,1075,3446,6
06d5ce33b84af693cd25a468c6ede67c44ffab8b.JPG,986,3429,1006,3478,6
06d5ce33b84af693cd25a468c6ede67c44ffab8b.JPG,1025,3442,1048,3482,6
06d5ce33b84af693cd25a468c6ede67c44ffab8b.JPG,994,3474,1013,3511,6
06d5ce33b84af693cd25a468c6ede67c44ffab8b.JPG,745,3213,777,3261,6
06d5ce33b84af693cd25a468c6ede67c44ffab8b.JPG,349,600,388,661,6
073642bcc0d94bf67c0d8058c8288420069793db.JPG,4582,1712,4621,1751,6
079557329c366472fd970ee021e37abe2e44c7ca.JPG,1359,631,1385,685,6
079557329c366472fd970ee021e37abe2e44c7ca.JPG,1246,666,1278,746,6
079557329c366472fd970ee021e37abe2e44c7ca.JPG,1222,764,1259,810,6
079557329c366472fd970ee021e37abe2e44c7ca.JPG,1062,659,1094,693,6
079557329c366472fd970ee021e37abe2e44c7ca.JPG,1065,853,1093,906,6
079557329c366472fd970ee021e37abe2e44c7ca.JPG,981,927,1013,949,6
079557329c366472fd970ee021e37abe2e44c7ca.JPG,993,989,1048,1044,6
079557329c366472fd970ee021e37abe2e44c7ca.JPG,938,1089,971,1134,6
079557329c366472fd970ee021e37abe2e44c7ca.JPG,998,1100,1035,1130,6
079557329c366472fd970ee021e37abe2e44c7ca.JPG,684,1045,716,1090,6
079557329c366472fd970ee021e37abe2e44c7ca.JPG,1119,1280,1165,1305,6
079557329c366472fd970ee021e37abe2e44c7ca.JPG,1182,1572,1244,1613,6
079557329c366472fd970ee021e37abe2e44c7ca.JPG,1156,1601,1179,1623,6
079557329c366472fd970ee021e37abe2e44c7ca.JPG,1096,1673,1136,1693,6
079557329c366472fd970ee021e37abe2e44c7ca.JPG,1180,1772,1215,1828,6
079557329c366472fd970ee021e37abe2e44c7ca.JPG,828,1478,858,1528,6
079557329c366472fd970ee021e37abe2e44c7ca.JPG,800,1536,838,1591,6
079557329c366472fd970ee021e37abe2e44c7ca.JPG,1092,2677,1125,2736,6
07a54c12d9bbea7ccc165e0b64e78866b4055ff4.JPG,1454,2856,1508,2932,6
07a54c12d9bbea7ccc165e0b64e78866b4055ff4.JPG,985,2973,1042,3023,6
07ae09515f31979da19adbb3d69544306e1bd731.JPG,3979,384,4034,436,6
07ae09515f31979da19adbb3d69544306e1bd731.JPG,3793,477,3857,510,6
07ae09515f31979da19adbb3d69544306e1bd731.JPG,3934,476,3968,497,6
07ae09515f31979da19adbb3d69544306e1bd731.JPG,4610,1751,4667,1813,6
07ae09515f31979da19adbb3d69544306e1bd731.JPG,4962,1873,4994,1945,6
0809146c5e29441c41a9fa590adb88fc65465698.JPG,4568,1336,4598,1384,6
0809146c5e29441c41a9fa590adb88fc65465698.JPG,4858,650,4883,706,6
0809146c5e29441c41a9fa590adb88fc65465698.JPG,5233,561,5278,632,6
0809146c5e29441c41a9fa590adb88fc65465698.JPG,5223,992,5289,1025,6
0809146c5e29441c41a9fa590adb88fc65465698.JPG,5388,1024,5430,1081,6
0809146c5e29441c41a9fa590adb88fc65465698.JPG,5482,861,5509,891,6
0809146c5e29441c41a9fa590adb88fc65465698.JPG,5384,381,5443,431,6
0809146c5e29441c41a9fa590adb88fc65465698.JPG,5207,357,5293,393,6
0809146c5e29441c41a9fa590adb88fc65465698.JPG,5076,322,5110,363,6
0809146c5e29441c41a9fa590adb88fc65465698.JPG,5142,100,5216,154,6
0809146c5e29441c41a9fa590adb88fc65465698.JPG,5177,47,5252,80,6
0809146c5e29441c41a9fa590adb88fc65465698.JPG,5310,1,5347,26,6
0809146c5e29441c41a9fa590adb88fc65465698.JPG,5354,878,5408,907,6
083b3de33d061f08cc27bd048b98b33eab817551.JPG,4863,1154,4954,1201,6
083b3de33d061f08cc27bd048b98b33eab817551.JPG,4837,1164,4876,1189,6
084c96234e3eb6ccc67d74a1826eb3751a9a2d13.JPG,2343,2205,2379,2223,6
084c96234e3eb6ccc67d74a1826eb3751a9a2d13.JPG,2341,2226,2365,2252,6
084c96234e3eb6ccc67d74a1826eb3751a9a2d13.JPG,2322,2242,2359,2281,6
084c96234e3eb6ccc67d74a1826eb3751a9a2d13.JPG,2351,2272,2388,2319,6
085bc731b11a3b6595d3618cb0d28b3d21c702b1.JPG,2507,2673,2542,2724,6
085bc731b11a3b6595d3618cb0d28b3d21c702b1.JPG,2601,2847,2672,2908,6
085bc731b11a3b6595d3618cb0d28b3d21c702b1.JPG,2714,3219,2788,3246,6
086c0f17687589f5b683bfa3a855be45ce22f06b.JPG,3100,1257,3143,1305,6
086c0f17687589f5b683bfa3a855be45ce22f06b.JPG,3121,1360,3165,1390,6
086c0f17687589f5b683bfa3a855be45ce22f06b.JPG,3432,1067,3519,1108,6
086c0f17687589f5b683bfa3a855be45ce22f06b.JPG,2934,723,3017,759,6
086c0f17687589f5b683bfa3a855be45ce22f06b.JPG,3352,307,3405,372,6
086c0f17687589f5b683bfa3a855be45ce22f06b.JPG,3301,327,3352,394,6
086c0f17687589f5b683bfa3a855be45ce22f06b.JPG,2565,195,2594,264,6
086c0f17687589f5b683bfa3a855be45ce22f06b.JPG,34,1866,119,1901,6
08b4aa191f63a17a2431eb21dbc947ebf02e6031.JPG,1701,114,1793,173,6
08d991535fb36e7e39a7a8c2c3ff6dfce00dea14.JPG,3045,1992,3088,2041,6
08d991535fb36e7e39a7a8c2c3ff6dfce00dea14.JPG,2358,872,2418,928,6
08d991535fb36e7e39a7a8c2c3ff6dfce00dea14.JPG,2321,912,2361,936,6
08d991535fb36e7e39a7a8c2c3ff6dfce00dea14.JPG,3751,590,3795,652,6
08d991535fb36e7e39a7a8c2c3ff6dfce00dea14.JPG,4006,411,4041,480,6
092152cdb81b00b3e543e3c8f294e48a3ddb1f51.JPG,5192,147,5219,182,6
092152cdb81b00b3e543e3c8f294e48a3ddb1f51.JPG,5169,159,5188,205,6
092152cdb81b00b3e543e3c8f294e48a3ddb1f51.JPG,5146,213,5174,253,6
092152cdb81b00b3e543e3c8f294e48a3ddb1f51.JPG,5057,140,5077,179,6
09283d75695b388822500c1e36ba41beeff85dca.JPG,5268,1297,5313,1315,6
09283d75695b388822500c1e36ba41beeff85dca.JPG,5231,1306,5280,1331,6
09283d75695b388822500c1e36ba41beeff85dca.JPG,5367,1416,5413,1468,6
0954606dac21b5e147e7bdb6840f2fc9786830df.JPG,559,799,609,822,6
096743a0011bb2148edcccc7c2433ac0b7727bc5.JPG,1655,3400,1686,3445,6
0979f52a4542d65054c4bbe15661cc4e2d7f7323.JPG,2310,2853,2327,2886,6
0979f52a4542d65054c4bbe15661cc4e2d7f7323.JPG,2134,2924,2176,2956,6
0979f52a4542d65054c4bbe15661cc4e2d7f7323.JPG,2198,3348,2243,3361,6
0979f52a4542d65054c4bbe15661cc4e2d7f7323.JPG,1966,3513,2009,3528,6
0992361770d6c66423053e5ca206bd6777667c72.JPG,3351,3168,3370,3202,6
0992361770d6c66423053e5ca206bd6777667c72.JPG,3429,3262,3448,3286,6
0992361770d6c66423053e5ca206bd6777667c72.JPG,3610,2990,3625,3021,6
0992361770d6c66423053e5ca206bd6777667c72.JPG,3452,3454,3484,3474,6
099e374628ecfb6a2aa19b6cfea9cf34c89353cb.JPG,2402,68,2446,159,6
099e374628ecfb6a2aa19b6cfea9cf34c89353cb.JPG,2102,25,2157,73,6
099e374628ecfb6a2aa19b6cfea9cf34c89353cb.JPG,762,450,850,488,6
099e374628ecfb6a2aa19b6cfea9cf34c89353cb.JPG,717,447,765,478,6
09b463f86ce35fd07bb9a694bb40116309ee19ad.JPG,555,597,626,652,6
09b463f86ce35fd07bb9a694bb40116309ee19ad.JPG,298,3010,338,3064,6
09e1e0ddb23a9c3e5ac62b552a856111b5f11942.JPG,2881,2540,2915,2571,6
09e1e0ddb23a9c3e5ac62b552a856111b5f11942.JPG,2961,2628,2997,2650,6
09e1e0ddb23a9c3e5ac62b552a856111b5f11942.JPG,2831,2837,2864,2864,6
09e1e0ddb23a9c3e5ac62b552a856111b5f11942.JPG,3082,2862,3105,2896,6
09e1e0ddb23a9c3e5ac62b552a856111b5f11942.JPG,2965,2904,2989,2927,6
09e1e0ddb23a9c3e5ac62b552a856111b5f11942.JPG,2896,2918,2922,2950,6
09e1e0ddb23a9c3e5ac62b552a856111b5f11942.JPG,2697,2966,2724,2986,6
09e1e0ddb23a9c3e5ac62b552a856111b5f11942.JPG,3037,3021,3088,3045,6
09e1e0ddb23a9c3e5ac62b552a856111b5f11942.JPG,3181,3161,3217,3180,6
09e1e0ddb23a9c3e5ac62b552a856111b5f11942.JPG,2997,3328,3036,3355,6
09e1e0ddb23a9c3e5ac62b552a856111b5f11942.JPG,2908,3463,2930,3488,6
09e1e0ddb23a9c3e5ac62b552a856111b5f11942.JPG,2936,3491,2955,3508,6
09e1e0ddb23a9c3e5ac62b552a856111b5f11942.JPG,3006,3559,3047,3597,6
09e1e0ddb23a9c3e5ac62b552a856111b5f11942.JPG,3013,3556,3023,3573,6
09e1e0ddb23a9c3e5ac62b552a856111b5f11942.JPG,2977,3593,2997,3621,6
09e1e0ddb23a9c3e5ac62b552a856111b5f11942.JPG,2864,3554,2885,3599,6
09e1e0ddb23a9c3e5ac62b552a856111b5f11942.JPG,2882,3581,2892,3603,6
09e1e0ddb23a9c3e5ac62b552a856111b5f11942.JPG,2720,2960,2743,2977,6
0a1353fa78f70b7df7c10545641cedf179f6ecb6.JPG,1513,1777,1534,1804,6
0a1353fa78f70b7df7c10545641cedf179f6ecb6.JPG,1247,2068,1280,2089,6
0a1353fa78f70b7df7c10545641cedf179f6ecb6.JPG,1761,2643,1800,2662,6
0a1353fa78f70b7df7c10545641cedf179f6ecb6.JPG,1770,2873,1797,2918,6
0a1353fa78f70b7df7c10545641cedf179f6ecb6.JPG,1298,2814,1334,2855,6
0a4222b73e81da0d176cbb31f63b0b77835d97a7.JPG,4928,2707,4969,2749,6
0a4222b73e81da0d176cbb31f63b0b77835d97a7.JPG,4983,2749,5020,2787,6
0a4222b73e81da0d176cbb31f63b0b77835d97a7.JPG,4490,2215,4545,2238,6
0a4222b73e81da0d176cbb31f63b0b77835d97a7.JPG,5034,3333,5059,3373,6
0a4222b73e81da0d176cbb31f63b0b77835d97a7.JPG,4932,3387,4957,3419,6
0af7b1ea3a107e511353adbaba10c2e55a0bddf2.JPG,718,2127,789,2178,6
0af7b1ea3a107e511353adbaba10c2e55a0bddf2.JPG,675,1872,720,1950,6
0af7b1ea3a107e511353adbaba10c2e55a0bddf2.JPG,1633,3149,1685,3199,6
0af7b1ea3a107e511353adbaba10c2e55a0bddf2.JPG,1683,3211,1733,3296,6
0af7b1ea3a107e511353adbaba10c2e55a0bddf2.JPG,1708,3349,1740,3391,6
0af7b1ea3a107e511353adbaba10c2e55a0bddf2.JPG,1766,3243,1789,3306,6
0af7b1ea3a107e511353adbaba10c2e55a0bddf2.JPG,1779,3283,1812,3330,6
0af7b1ea3a107e511353adbaba10c2e55a0bddf2.JPG,1818,3270,1850,3304,6
0af7b1ea3a107e511353adbaba10c2e55a0bddf2.JPG,1837,3285,1911,3332,6
0af7b1ea3a107e511353adbaba10c2e55a0bddf2.JPG,3120,3336,3206,3378,6
0af7b1ea3a107e511353adbaba10c2e55a0bddf2.JPG,3630,3493,3689,3531,6
0af7b1ea3a107e511353adbaba10c2e55a0bddf2.JPG,3619,3518,3656,3545,6
0af7b1ea3a107e511353adbaba10c2e55a0bddf2.JPG,3904,3275,3949,3316,6
0af7b1ea3a107e511353adbaba10c2e55a0bddf2.JPG,4096,3226,4163,3289,6
0af7b1ea3a107e511353adbaba10c2e55a0bddf2.JPG,3874,2947,3948,3011,6
0af7b1ea3a107e511353adbaba10c2e55a0bddf2.JPG,4235,2954,4291,2984,6
0af7b1ea3a107e511353adbaba10c2e55a0bddf2.JPG,4355,3087,4384,3131,6
0af7b1ea3a107e511353adbaba10c2e55a0bddf2.JPG,4469,3471,4508,3551,6
0af7b1ea3a107e511353adbaba10c2e55a0bddf2.JPG,4766,2837,4842,2893,6
0b6e24eb7e5ec7b2d79be3d7374f35c39915f75a.JPG,5235,2099,5322,2140,6
0b92439bf75311907163a1a5b8575650496778e4.JPG,3660,3198,3746,3248,6
0ba82d15e73f11f3491133716abf76ffef9f08a6.JPG,1603,774,1642,827,6
0ba82d15e73f11f3491133716abf76ffef9f08a6.JPG,1209,1033,1252,1068,6
0ba82d15e73f11f3491133716abf76ffef9f08a6.JPG,1008,1238,1048,1271,6
0ba82d15e73f11f3491133716abf76ffef9f08a6.JPG,999,1258,1028,1292,6
0ba82d15e73f11f3491133716abf76ffef9f08a6.JPG,3576,3387,3632,3410,6
0ba82d15e73f11f3491133716abf76ffef9f08a6.JPG,3988,3482,4020,3542,6
0bcb68603f1d04e6da66bac87e722b61cb2b6b69.JPG,5220,1781,5268,1844,6
0bcb68603f1d04e6da66bac87e722b61cb2b6b69.JPG,5217,1733,5236,1762,6
0bcb68603f1d04e6da66bac87e722b61cb2b6b69.JPG,5154,1835,5205,1867,6
0bcb68603f1d04e6da66bac87e722b61cb2b6b69.JPG,5140,1888,5196,1933,6
0bcb68603f1d04e6da66bac87e722b61cb2b6b69.JPG,5199,1867,5255,1935,6
0bcb68603f1d04e6da66bac87e722b61cb2b6b69.JPG,5240,1888,5306,1916,6
0bcb68603f1d04e6da66bac87e722b61cb2b6b69.JPG,5424,1835,5459,1917,6
0bcb68603f1d04e6da66bac87e722b61cb2b6b69.JPG,5284,1922,5352,1962,6
0bcb68603f1d04e6da66bac87e722b61cb2b6b69.JPG,5330,1941,5427,1971,6
0bcb68603f1d04e6da66bac87e722b61cb2b6b69.JPG,5339,1971,5404,1993,6
0bcb68603f1d04e6da66bac87e722b61cb2b6b69.JPG,5354,2015,5432,2047,6
0bcb68603f1d04e6da66bac87e722b61cb2b6b69.JPG,5295,2043,5370,2090,6
0bcb68603f1d04e6da66bac87e722b61cb2b6b69.JPG,5293,2070,5351,2105,6
0bcb68603f1d04e6da66bac87e722b61cb2b6b69.JPG,5273,2092,5314,2107,6
0bcb68603f1d04e6da66bac87e722b61cb2b6b69.JPG,5303,2109,5375,2137,6
0bdff1fe05dd7bc20521abf7c7cada51652a103c.JPG,2093,2783,2117,2819,6
0be6bbfcb42a60fe493375dba2438b2c902b8763.JPG,5322,2598,5438,2689,6
0be6bbfcb42a60fe493375dba2438b2c902b8763.JPG,444,2755,510,2805,6
0be6bbfcb42a60fe493375dba2438b2c902b8763.JPG,669,3001,721,3042,6
0bee5bd9703800f0d908ac9395ac4501a14e52e4.JPG,506,3299,557,3353,6
0c03932864ef8e116d5f5c6085970b0324e72beb.JPG,4195,1938,4209,1968,6
0c03932864ef8e116d5f5c6085970b0324e72beb.JPG,4182,1904,4201,1935,6
0c03932864ef8e116d5f5c6085970b0324e72beb.JPG,4367,1352,4381,1378,6
0c03932864ef8e116d5f5c6085970b0324e72beb.JPG,4269,1221,4286,1250,6
0c03932864ef8e116d5f5c6085970b0324e72beb.JPG,4247,1031,4266,1070,6
0c03932864ef8e116d5f5c6085970b0324e72beb.JPG,3980,223,4004,245,6
0c03932864ef8e116d5f5c6085970b0324e72beb.JPG,4302,150,4339,166,6
0c03932864ef8e116d5f5c6085970b0324e72beb.JPG,4167,145,4192,163,6
0c64ebb74f22ff1dc956236bfd3b996e19208ba5.JPG,1683,852,1727,917,6
0c8edc16b27ffff94a17c13ad0db8317dfd14948.JPG,1782,945,1813,964,6
0c8edc16b27ffff94a17c13ad0db8317dfd14948.JPG,1756,1014,1787,1042,6
0c8edc16b27ffff94a17c13ad0db8317dfd14948.JPG,1739,1117,1774,1137,6
0c8edc16b27ffff94a17c13ad0db8317dfd14948.JPG,1695,1089,1734,1106,6
0c8edc16b27ffff94a17c13ad0db8317dfd14948.JPG,1717,1078,1731,1090,6
0c8edc16b27ffff94a17c13ad0db8317dfd14948.JPG,1688,1075,1705,1085,6
0c8edc16b27ffff94a17c13ad0db8317dfd14948.JPG,1676,1046,1698,1057,6
0c8edc16b27ffff94a17c13ad0db8317dfd14948.JPG,2058,916,2101,932,6
0c8edc16b27ffff94a17c13ad0db8317dfd14948.JPG,2118,864,2135,897,6
0cc6202f24123c88f94c1450309fde1f5ac1ce62.JPG,1289,925,1326,962,6
0d701d83d11c9fc5375972a26825bfff2d21a824.JPG,4234,1704,4257,1747,6
0d701d83d11c9fc5375972a26825bfff2d21a824.JPG,4221,1930,4252,1972,6
0d701d83d11c9fc5375972a26825bfff2d21a824.JPG,4362,1716,4413,1745,6
0d701d83d11c9fc5375972a26825bfff2d21a824.JPG,4369,1801,4410,1825,6
0d701d83d11c9fc5375972a26825bfff2d21a824.JPG,4440,1448,4493,1476,6
0d701d83d11c9fc5375972a26825bfff2d21a824.JPG,4392,1449,4420,1461,6
0d701d83d11c9fc5375972a26825bfff2d21a824.JPG,4370,1454,4405,1482,6
0d701d83d11c9fc5375972a26825bfff2d21a824.JPG,4707,1498,4742,1515,6
0d701d83d11c9fc5375972a26825bfff2d21a824.JPG,4747,1852,4772,1880,6
0d7555c46a6dc47ca13b614e14a718a03396b73e.JPG,5366,697,5393,727,6
0d7555c46a6dc47ca13b614e14a718a03396b73e.JPG,1911,1599,1961,1627,6
0d900dfa3a0a36c15c6b794c9a374689e4395a54.JPG,3037,1097,3089,1193,6
0d900dfa3a0a36c15c6b794c9a374689e4395a54.JPG,5185,1810,5289,1871,6
0d9068d3ddff54d05b7825cbc245e262f3fd2bf2.JPG,823,588,847,637,6
0daf347e36f24135e53b289d85de83f3a1011ac5.JPG,3832,938,3868,965,6
0daf347e36f24135e53b289d85de83f3a1011ac5.JPG,3996,997,4073,1043,6
0daf347e36f24135e53b289d85de83f3a1011ac5.JPG,4161,1063,4204,1121,6
0daf347e36f24135e53b289d85de83f3a1011ac5.JPG,4079,1173,4148,1210,6
0daf347e36f24135e53b289d85de83f3a1011ac5.JPG,4166,803,4207,855,6
0daf347e36f24135e53b289d85de83f3a1011ac5.JPG,4041,1472,4110,1519,6
0daf347e36f24135e53b289d85de83f3a1011ac5.JPG,3922,1471,4011,1510,6
0daf347e36f24135e53b289d85de83f3a1011ac5.JPG,3773,1306,3810,1397,6
0daf347e36f24135e53b289d85de83f3a1011ac5.JPG,4096,1467,4159,1537,6
0daf347e36f24135e53b289d85de83f3a1011ac5.JPG,3950,957,3982,1005,6
0daf347e36f24135e53b289d85de83f3a1011ac5.JPG,4202,470,4275,537,6
0daf347e36f24135e53b289d85de83f3a1011ac5.JPG,4490,197,4549,252,6
0daf347e36f24135e53b289d85de83f3a1011ac5.JPG,4668,312,4751,354,6
0daf347e36f24135e53b289d85de83f3a1011ac5.JPG,4687,347,4769,429,6
0ddb47e106e769baa6b2f853e2597eb0c9784a68.JPG,926,967,982,1059,6
0ddb47e106e769baa6b2f853e2597eb0c9784a68.JPG,493,1088,549,1141,6
0df8cbe13350f5b20d9d4156577709895c315e85.JPG,3143,652,3164,687,6
0df8cbe13350f5b20d9d4156577709895c315e85.JPG,2915,579,2957,604,6
0df8cbe13350f5b20d9d4156577709895c315e85.JPG,3149,472,3179,489,6
0df8cbe13350f5b20d9d4156577709895c315e85.JPG,3147,518,3169,529,6
0df8cbe13350f5b20d9d4156577709895c315e85.JPG,3264,463,3293,477,6
0df8cbe13350f5b20d9d4156577709895c315e85.JPG,3254,477,3290,500,6
0df8cbe13350f5b20d9d4156577709895c315e85.JPG,3288,470,3313,486,6
0df8cbe13350f5b20d9d4156577709895c315e85.JPG,3313,458,3352,476,6
0df8cbe13350f5b20d9d4156577709895c315e85.JPG,3395,438,3425,453,6
0df8cbe13350f5b20d9d4156577709895c315e85.JPG,3451,538,3475,553,6
0df8cbe13350f5b20d9d4156577709895c315e85.JPG,3599,729,3624,756,6
0df8cbe13350f5b20d9d4156577709895c315e85.JPG,3182,279,3222,314,6
0df8cbe13350f5b20d9d4156577709895c315e85.JPG,4977,249,5010,269,6
0df8cbe13350f5b20d9d4156577709895c315e85.JPG,4958,342,5000,371,6
0dfa8788ee237322431e2e8bbe388a4520ec4995.JPG,2990,1843,3002,1871,6
0dfa8788ee237322431e2e8bbe388a4520ec4995.JPG,3015,1949,3041,1965,6
0dfa8788ee237322431e2e8bbe388a4520ec4995.JPG,2906,2023,2928,2043,6
0dfa8788ee237322431e2e8bbe388a4520ec4995.JPG,3513,444,3537,466,6
0dfa8788ee237322431e2e8bbe388a4520ec4995.JPG,3615,207,3636,231,6
0dfa8788ee237322431e2e8bbe388a4520ec4995.JPG,3849,197,3876,216,6
0dfa8788ee237322431e2e8bbe388a4520ec4995.JPG,1621,147,1649,171,6
0e322261a2ea26f96e4f655707e383988bb3ece3.JPG,4507,2839,4537,2871,6
0e322261a2ea26f96e4f655707e383988bb3ece3.JPG,4197,2886,4233,2920,6
0e322261a2ea26f96e4f655707e383988bb3ece3.JPG,3993,3108,4032,3133,6
0e322261a2ea26f96e4f655707e383988bb3ece3.JPG,4648,2191,4685,2228,6
0e78fa54023a5a1cd7353c7df00b94b7618f50cd.JPG,5036,3205,5078,3251,6
0e78fa54023a5a1cd7353c7df00b94b7618f50cd.JPG,4847,3602,4880,3645,6
0ea088fd61a7af5c2008f92e37d557e934ef633e.JPG,3677,3563,3730,3592,6
0ea088fd61a7af5c2008f92e37d557e934ef633e.JPG,3557,3616,3594,3637,6
0ea088fd61a7af5c2008f92e37d557e934ef633e.JPG,3778,3601,3813,3639,6
0ea088fd61a7af5c2008f92e37d557e934ef633e.JPG,3739,3605,3775,3627,6
0ea2fd7b31f21c04b88a53bf07dd65dcd74179be.JPG,3223,1995,3237,2021,6
0ea2fd7b31f21c04b88a53bf07dd65dcd74179be.JPG,3229,2085,3249,2111,6
0ea2fd7b31f21c04b88a53bf07dd65dcd74179be.JPG,3226,2091,3236,2113,6
0ea2fd7b31f21c04b88a53bf07dd65dcd74179be.JPG,3187,2035,3208,2066,6
0ea2fd7b31f21c04b88a53bf07dd65dcd74179be.JPG,3172,2072,3192,2107,6
0ea2fd7b31f21c04b88a53bf07dd65dcd74179be.JPG,3130,2075,3154,2106,6
0ea2fd7b31f21c04b88a53bf07dd65dcd74179be.JPG,3570,1886,3585,1918,6
0ea2fd7b31f21c04b88a53bf07dd65dcd74179be.JPG,3405,1880,3430,1903,6
0ea2fd7b31f21c04b88a53bf07dd65dcd74179be.JPG,3839,1798,3852,1825,6
0ea2fd7b31f21c04b88a53bf07dd65dcd74179be.JPG,3868,1821,3888,1841,6
0ea2fd7b31f21c04b88a53bf07dd65dcd74179be.JPG,3951,1548,3971,1581,6
0ea2fd7b31f21c04b88a53bf07dd65dcd74179be.JPG,3933,2191,3961,2212,6
0ea2fd7b31f21c04b88a53bf07dd65dcd74179be.JPG,3845,2334,3875,2366,6
0ea2fd7b31f21c04b88a53bf07dd65dcd74179be.JPG,3863,2388,3882,2400,6
0ea2fd7b31f21c04b88a53bf07dd65dcd74179be.JPG,3892,2399,3917,2417,6
0ea2fd7b31f21c04b88a53bf07dd65dcd74179be.JPG,3862,2438,3884,2468,6
0ea2fd7b31f21c04b88a53bf07dd65dcd74179be.JPG,3829,2446,3865,2467,6
0ea2fd7b31f21c04b88a53bf07dd65dcd74179be.JPG,3715,2800,3738,2837,6
0ea2fd7b31f21c04b88a53bf07dd65dcd74179be.JPG,3751,2837,3777,2859,6
0ea2fd7b31f21c04b88a53bf07dd65dcd74179be.JPG,3732,3057,3750,3095,6
0eb1d6980f1cd09b0b3857b90fbd3ced63495e62.JPG,3417,3185,3445,3234,6
0eb1d6980f1cd09b0b3857b90fbd3ced63495e62.JPG,3506,3230,3543,3248,6
0eb1d6980f1cd09b0b3857b90fbd3ced63495e62.JPG,3271,2577,3294,2616,6
0eb1d6980f1cd09b0b3857b90fbd3ced63495e62.JPG,3564,3426,3597,3449,6
0eb1d6980f1cd09b0b3857b90fbd3ced63495e62.JPG,3444,3437,3468,3449,6
0eb1d6980f1cd09b0b3857b90fbd3ced63495e62.JPG,3529,3504,3580,3524,6
0ecb94080b96ff86e359c7f2179ea16b8df3e4eb.JPG,3222,3010,3292,3049,6
0ecb94080b96ff86e359c7f2179ea16b8df3e4eb.JPG,3307,3089,3360,3116,6
0ecb94080b96ff86e359c7f2179ea16b8df3e4eb.JPG,3430,3135,3505,3186,6
0ecb94080b96ff86e359c7f2179ea16b8df3e4eb.JPG,4647,2670,4718,2721,6
0ecb94080b96ff86e359c7f2179ea16b8df3e4eb.JPG,4780,2724,4832,2783,6
0ecb94080b96ff86e359c7f2179ea16b8df3e4eb.JPG,4720,2622,4749,2667,6
0f5e855972a22b049ca564b99727c5c3900dba4d.JPG,3147,1755,3179,1824,6
0f5e855972a22b049ca564b99727c5c3900dba4d.JPG,3113,1538,3149,1603,6
0f5e855972a22b049ca564b99727c5c3900dba4d.JPG,3079,1380,3108,1425,6
0f5e855972a22b049ca564b99727c5c3900dba4d.JPG,3086,1426,3112,1472,6
0f5e855972a22b049ca564b99727c5c3900dba4d.JPG,3049,1129,3081,1175,6
0f5e855972a22b049ca564b99727c5c3900dba4d.JPG,3000,1028,3041,1095,6
0f5e855972a22b049ca564b99727c5c3900dba4d.JPG,2975,966,3015,1029,6
0f5e855972a22b049ca564b99727c5c3900dba4d.JPG,2919,822,2961,881,6
0f5e855972a22b049ca564b99727c5c3900dba4d.JPG,2956,449,2983,505,6
0f5e855972a22b049ca564b99727c5c3900dba4d.JPG,2993,358,3023,422,6
0f5e855972a22b049ca564b99727c5c3900dba4d.JPG,3034,272,3058,322,6
0f5e855972a22b049ca564b99727c5c3900dba4d.JPG,3049,181,3077,248,6
0f5e855972a22b049ca564b99727c5c3900dba4d.JPG,3071,85,3093,121,6
0f5e855972a22b049ca564b99727c5c3900dba4d.JPG,3072,17,3097,94,6
0f5e855972a22b049ca564b99727c5c3900dba4d.JPG,4395,3270,4444,3353,6
0f6a5ba983e79b22547e5396968647a58bc3f65c.JPG,2405,2091,2439,2144,6
0f6a5ba983e79b22547e5396968647a58bc3f65c.JPG,2260,2288,2314,2312,6
0f6a5ba983e79b22547e5396968647a58bc3f65c.JPG,3297,3126,3336,3172,6
0f841fe1ee64f76e9cc218e74e8d077e1f836b83.JPG,4889,83,4912,140,6
0f841fe1ee64f76e9cc218e74e8d077e1f836b83.JPG,4823,138,4895,208,6
0f841fe1ee64f76e9cc218e74e8d077e1f836b83.JPG,4789,233,4814,278,6
0f841fe1ee64f76e9cc218e74e8d077e1f836b83.JPG,1519,494,1601,531,6
0f841fe1ee64f76e9cc218e74e8d077e1f836b83.JPG,1417,506,1478,530,6
0f841fe1ee64f76e9cc218e74e8d077e1f836b83.JPG,1298,568,1359,596,6
0f9e1d527eb9c893ab6807237706259fdd2df7ab.JPG,4168,967,4241,997,6
0f9e1d527eb9c893ab6807237706259fdd2df7ab.JPG,1972,1748,2024,1779,6
0f9e1d527eb9c893ab6807237706259fdd2df7ab.JPG,1873,1768,1898,1817,6
0fc58dfe6bdd50a54a55c4505ea08128a16eef3e.JPG,2988,988,3019,1013,6
0fd5ba32f00698a140e080008c2af81b2ae9fa5c.JPG,2176,1511,2191,1531,6
0fd5ba32f00698a140e080008c2af81b2ae9fa5c.JPG,2134,1570,2149,1609,6
0fd5ba32f00698a140e080008c2af81b2ae9fa5c.JPG,2459,1946,2480,1986,6
0fd5ba32f00698a140e080008c2af81b2ae9fa5c.JPG,3123,2705,3142,2748,6
0fd5ba32f00698a140e080008c2af81b2ae9fa5c.JPG,3218,3361,3249,3380,6
0fd5ba32f00698a140e080008c2af81b2ae9fa5c.JPG,3371,3417,3387,3443,6
0fd5ba32f00698a140e080008c2af81b2ae9fa5c.JPG,3095,3506,3114,3543,6
0fd5ba32f00698a140e080008c2af81b2ae9fa5c.JPG,3143,3606,3177,3627,6
0fd5ba32f00698a140e080008c2af81b2ae9fa5c.JPG,3298,3617,3315,3644,6
0fd5ba32f00698a140e080008c2af81b2ae9fa5c.JPG,3227,3658,3243,3670,6
0fd5ba32f00698a140e080008c2af81b2ae9fa5c.JPG,3241,3664,3253,3670,6
0fd600c8c9c41ed3f3d011550184405f5524c495.JPG,1160,1811,1231,1881,6
0fd600c8c9c41ed3f3d011550184405f5524c495.JPG,1085,1706,1135,1752,6
0fd600c8c9c41ed3f3d011550184405f5524c495.JPG,952,1678,1043,1713,6
10176afb12ba391007dfd910ce5c32387368fdc4.JPG,3157,1514,3181,1563,6
10a2e82d602218cfec9c9811f5f4ddc9e7df12ef.JPG,4433,2931,4465,2970,6
110e79285c826fc0cde8df9815cf3fc869e952af.JPG,2445,2298,2472,2355,6
110e79285c826fc0cde8df9815cf3fc869e952af.JPG,2445,2353,2466,2396,6
110e79285c826fc0cde8df9815cf3fc869e952af.JPG,2412,2438,2461,2506,6
110e79285c826fc0cde8df9815cf3fc869e952af.JPG,2433,2574,2507,2601,6
110e79285c826fc0cde8df9815cf3fc869e952af.JPG,2450,2607,2473,2648,6
110e79285c826fc0cde8df9815cf3fc869e952af.JPG,2368,2612,2455,2657,6
110e79285c826fc0cde8df9815cf3fc869e952af.JPG,2363,2639,2428,2688,6
110e79285c826fc0cde8df9815cf3fc869e952af.JPG,2385,2662,2424,2684,6
110e79285c826fc0cde8df9815cf3fc869e952af.JPG,2398,2752,2454,2841,6
110e79285c826fc0cde8df9815cf3fc869e952af.JPG,2403,2830,2429,2878,6
110e79285c826fc0cde8df9815cf3fc869e952af.JPG,2311,2865,2349,2904,6
110e79285c826fc0cde8df9815cf3fc869e952af.JPG,2411,2963,2490,3024,6
110e79285c826fc0cde8df9815cf3fc869e952af.JPG,3006,2642,3055,2732,6
110e79285c826fc0cde8df9815cf3fc869e952af.JPG,3905,2308,3981,2352,6
110e79285c826fc0cde8df9815cf3fc869e952af.JPG,2051,2768,2117,2798,6
110e79285c826fc0cde8df9815cf3fc869e952af.JPG,1566,2623,1624,2666,6
110e79285c826fc0cde8df9815cf3fc869e952af.JPG,1487,2742,1530,2807,6
110e79285c826fc0cde8df9815cf3fc869e952af.JPG,795,3193,860,3246,6
110e79285c826fc0cde8df9815cf3fc869e952af.JPG,876,2130,926,2175,6
110e79285c826fc0cde8df9815cf3fc869e952af.JPG,862,2129,895,2170,6
110e79285c826fc0cde8df9815cf3fc869e952af.JPG,1007,2014,1073,2045,6
110e79285c826fc0cde8df9815cf3fc869e952af.JPG,937,1957,1004,2007,6
1116b93c681fdd97a0f290f1239826f69a2e2bf4.JPG,3129,847,3159,889,6
1116b93c681fdd97a0f290f1239826f69a2e2bf4.JPG,3387,86,3438,109,6
1116b93c681fdd97a0f290f1239826f69a2e2bf4.JPG,4632,1941,4688,1968,6
1116b93c681fdd97a0f290f1239826f69a2e2bf4.JPG,4884,1988,4928,2023,6
1116b93c681fdd97a0f290f1239826f69a2e2bf4.JPG,5175,1940,5212,1992,6
1116b93c681fdd97a0f290f1239826f69a2e2bf4.JPG,4997,1708,5044,1763,6
111848dcba4ba699e81577901566943982c667ba.JPG,2957,871,3025,923,6
111848dcba4ba699e81577901566943982c667ba.JPG,2363,931,2408,952,6
111848dcba4ba699e81577901566943982c667ba.JPG,2526,670,2560,733,6
111848dcba4ba699e81577901566943982c667ba.JPG,2415,588,2454,659,6
1119d743dbe7217d0a6ff2730ec06228032965e4.JPG,2131,1280,2185,1306,6
1119d743dbe7217d0a6ff2730ec06228032965e4.JPG,2188,1315,2220,1328,6
1119d743dbe7217d0a6ff2730ec06228032965e4.JPG,2149,1659,2180,1701,6
1119d743dbe7217d0a6ff2730ec06228032965e4.JPG,1844,1176,1874,1231,6
1119d743dbe7217d0a6ff2730ec06228032965e4.JPG,1880,1120,1922,1166,6
1119d743dbe7217d0a6ff2730ec06228032965e4.JPG,1835,792,1875,826,6
1119d743dbe7217d0a6ff2730ec06228032965e4.JPG,1698,789,1742,857,6
1119d743dbe7217d0a6ff2730ec06228032965e4.JPG,1474,685,1512,751,6
1119d743dbe7217d0a6ff2730ec06228032965e4.JPG,2892,2684,2908,2711,6
1119d743dbe7217d0a6ff2730ec06228032965e4.JPG,2818,2691,2842,2740,6
1119d743dbe7217d0a6ff2730ec06228032965e4.JPG,2847,2756,2892,2774,6
1119d743dbe7217d0a6ff2730ec06228032965e4.JPG,3119,2678,3155,2709,6
1119d743dbe7217d0a6ff2730ec06228032965e4.JPG,3060,2484,3088,2539,6
1119d743dbe7217d0a6ff2730ec06228032965e4.JPG,3029,2476,3051,2520,6
1119d743dbe7217d0a6ff2730ec06228032965e4.JPG,2992,2466,3007,2494,6
1119d743dbe7217d0a6ff2730ec06228032965e4.JPG,2961,2497,3006,2516,6
1119d743dbe7217d0a6ff2730ec06228032965e4.JPG,3244,2457,3295,2485,6
1119d743dbe7217d0a6ff2730ec06228032965e4.JPG,3255,2408,3282,2435,6
1119d743dbe7217d0a6ff2730ec06228032965e4.JPG,3289,2397,3312,2436,6
1119d743dbe7217d0a6ff2730ec06228032965e4.JPG,3797,2408,3821,2432,6
1119d743dbe7217d0a6ff2730ec06228032965e4.JPG,3840,2381,3897,2404,6
1119d743dbe7217d0a6ff2730ec06228032965e4.JPG,3864,2349,3901,2375,6
1119d743dbe7217d0a6ff2730ec06228032965e4.JPG,3992,2302,4048,2331,6
1119d743dbe7217d0a6ff2730ec06228032965e4.JPG,3961,2336,3992,2349,6
1119d743dbe7217d0a6ff2730ec06228032965e4.JPG,4212,2575,4245,2604,6
1119d743dbe7217d0a6ff2730ec06228032965e4.JPG,4244,2623,4287,2644,6
1119d743dbe7217d0a6ff2730ec06228032965e4.JPG,3080,2493,3095,2528,6
1157cf32fd8ee75c1939051f1ea77b082284856e.JPG,4552,1762,4592,1791,6
1157cf32fd8ee75c1939051f1ea77b082284856e.JPG,4653,1862,4682,1903,6
1157cf32fd8ee75c1939051f1ea77b082284856e.JPG,4615,1934,4673,1968,6
1157cf32fd8ee75c1939051f1ea77b082284856e.JPG,4706,1861,4755,1888,6
1157cf32fd8ee75c1939051f1ea77b082284856e.JPG,4723,2032,4753,2054,6
1157cf32fd8ee75c1939051f1ea77b082284856e.JPG,4672,1930,4684,1951,6
1157cf32fd8ee75c1939051f1ea77b082284856e.JPG,4638,2169,4654,2203,6
1157cf32fd8ee75c1939051f1ea77b082284856e.JPG,4813,2262,4840,2274,6
1157cf32fd8ee75c1939051f1ea77b082284856e.JPG,4751,2295,4790,2318,6
1157cf32fd8ee75c1939051f1ea77b082284856e.JPG,4999,2187,5021,2214,6
1157cf32fd8ee75c1939051f1ea77b082284856e.JPG,5105,2221,5147,2253,6
1157cf32fd8ee75c1939051f1ea77b082284856e.JPG,5240,1937,5280,1953,6
1157cf32fd8ee75c1939051f1ea77b082284856e.JPG,4799,1573,4833,1605,6
1157cf32fd8ee75c1939051f1ea77b082284856e.JPG,4693,1265,4705,1283,6
1157cf32fd8ee75c1939051f1ea77b082284856e.JPG,4659,1207,4702,1246,6
1157cf32fd8ee75c1939051f1ea77b082284856e.JPG,4263,1501,4280,1541,6
1157cf32fd8ee75c1939051f1ea77b082284856e.JPG,4208,1510,4226,1549,6
1157cf32fd8ee75c1939051f1ea77b082284856e.JPG,4042,1319,4072,1353,6
1157cf32fd8ee75c1939051f1ea77b082284856e.JPG,4241,1176,4283,1207,6
1172e9a87937acd523f1f6c05cb4ca2f49cf2581.JPG,2439,1139,2523,1179,6
1172e9a87937acd523f1f6c05cb4ca2f49cf2581.JPG,2410,1035,2470,1069,6
1172e9a87937acd523f1f6c05cb4ca2f49cf2581.JPG,2235,1235,2282,1283,6
1172e9a87937acd523f1f6c05cb4ca2f49cf2581.JPG,1609,1383,1666,1413,6
1172e9a87937acd523f1f6c05cb4ca2f49cf2581.JPG,1441,1342,1512,1374,6
1172e9a87937acd523f1f6c05cb4ca2f49cf2581.JPG,1476,1601,1520,1636,6
1172e9a87937acd523f1f6c05cb4ca2f49cf2581.JPG,496,1535,558,1577,6
1172e9a87937acd523f1f6c05cb4ca2f49cf2581.JPG,674,1762,714,1797,6
1172e9a87937acd523f1f6c05cb4ca2f49cf2581.JPG,621,1898,674,1961,6
1172e9a87937acd523f1f6c05cb4ca2f49cf2581.JPG,765,1711,814,1741,6
1172e9a87937acd523f1f6c05cb4ca2f49cf2581.JPG,423,2210,468,2276,6
1172e9a87937acd523f1f6c05cb4ca2f49cf2581.JPG,135,1019,188,1061,6
11d4e563d06dfd47459ac2a088bcc179e23c34a4.JPG,1106,2001,1178,2051,6
11d4e563d06dfd47459ac2a088bcc179e23c34a4.JPG,1117,2040,1173,2079,6
11d4e563d06dfd47459ac2a088bcc179e23c34a4.JPG,1111,2056,1170,2110,6
11db0ecdabcb68f142bec11cf6f13f23991b1a39.JPG,2388,1916,2453,1991,6
11e434552f4a55c0da85857b7b6fbd541fe2915f.JPG,3314,3301,3363,3391,6
1224218a4e4a3a34ecbed90e761fd67a7143292a.JPG,3052,1393,3130,1418,6
1224218a4e4a3a34ecbed90e761fd67a7143292a.JPG,3155,1464,3226,1539,6
1224218a4e4a3a34ecbed90e761fd67a7143292a.JPG,3135,1634,3202,1660,6
1224218a4e4a3a34ecbed90e761fd67a7143292a.JPG,2940,2788,2998,2854,6
1224218a4e4a3a34ecbed90e761fd67a7143292a.JPG,2375,2913,2423,2974,6
12464acd2863fd3abb6af3f0d120e7fec03270e0.JPG,1857,2101,1893,2169,6
12464acd2863fd3abb6af3f0d120e7fec03270e0.JPG,1933,2177,1985,2232,6
12464acd2863fd3abb6af3f0d120e7fec03270e0.JPG,1899,2208,1916,2231,6
12464acd2863fd3abb6af3f0d120e7fec03270e0.JPG,1902,2235,1929,2272,6
12464acd2863fd3abb6af3f0d120e7fec03270e0.JPG,1793,2311,1831,2358,6
12464acd2863fd3abb6af3f0d120e7fec03270e0.JPG,1973,2364,2014,2395,6
12464acd2863fd3abb6af3f0d120e7fec03270e0.JPG,2152,2469,2202,2505,6
12464acd2863fd3abb6af3f0d120e7fec03270e0.JPG,1600,2844,1650,2885,6
12464acd2863fd3abb6af3f0d120e7fec03270e0.JPG,1546,2893,1575,2914,6
12464acd2863fd3abb6af3f0d120e7fec03270e0.JPG,1354,2723,1387,2780,6
12464acd2863fd3abb6af3f0d120e7fec03270e0.JPG,1774,3046,1820,3102,6
12464acd2863fd3abb6af3f0d120e7fec03270e0.JPG,1395,3190,1425,3240,6
12464acd2863fd3abb6af3f0d120e7fec03270e0.JPG,1295,3276,1321,3317,6
12464acd2863fd3abb6af3f0d120e7fec03270e0.JPG,1228,3063,1254,3106,6
12464acd2863fd3abb6af3f0d120e7fec03270e0.JPG,1164,3101,1191,3138,6
12464acd2863fd3abb6af3f0d120e7fec03270e0.JPG,1123,3154,1147,3200,6
12464acd2863fd3abb6af3f0d120e7fec03270e0.JPG,1142,3009,1174,3068,6
12464acd2863fd3abb6af3f0d120e7fec03270e0.JPG,1051,3039,1077,3088,6
12464acd2863fd3abb6af3f0d120e7fec03270e0.JPG,913,3257,937,3295,6
12464acd2863fd3abb6af3f0d120e7fec03270e0.JPG,862,3113,894,3166,6
12464acd2863fd3abb6af3f0d120e7fec03270e0.JPG,869,3037,905,3079,6
12464acd2863fd3abb6af3f0d120e7fec03270e0.JPG,847,2966,878,3005,6
12464acd2863fd3abb6af3f0d120e7fec03270e0.JPG,1308,2875,1325,2899,6
12464acd2863fd3abb6af3f0d120e7fec03270e0.JPG,1201,2904,1227,2945,6
12464acd2863fd3abb6af3f0d120e7fec03270e0.JPG,1133,2895,1173,2933,6
12464acd2863fd3abb6af3f0d120e7fec03270e0.JPG,1120,2865,1137,2890,6
12464acd2863fd3abb6af3f0d120e7fec03270e0.JPG,1033,2846,1059,2875,6
12464acd2863fd3abb6af3f0d120e7fec03270e0.JPG,1139,2788,1153,2821,6
12464acd2863fd3abb6af3f0d120e7fec03270e0.JPG,1184,2750,1209,2800,6
12464acd2863fd3abb6af3f0d120e7fec03270e0.JPG,1113,2617,1173,2671,6
124a5431f7cb59fa04f5f92bb58bc6526f176313.JPG,1962,1554,2010,1585,6
124a5431f7cb59fa04f5f92bb58bc6526f176313.JPG,1838,1079,1873,1095,6
124a5431f7cb59fa04f5f92bb58bc6526f176313.JPG,1822,936,1852,956,6
124a5431f7cb59fa04f5f92bb58bc6526f176313.JPG,1769,894,1809,924,6
124a5431f7cb59fa04f5f92bb58bc6526f176313.JPG,1713,981,1732,1011,6
124a5431f7cb59fa04f5f92bb58bc6526f176313.JPG,1687,963,1714,994,6
124a5431f7cb59fa04f5f92bb58bc6526f176313.JPG,1624,897,1663,921,6
124a5431f7cb59fa04f5f92bb58bc6526f176313.JPG,1601,859,1634,899,6
124a5431f7cb59fa04f5f92bb58bc6526f176313.JPG,1709,813,1733,827,6
124a5431f7cb59fa04f5f92bb58bc6526f176313.JPG,1687,823,1731,842,6
124a5431f7cb59fa04f5f92bb58bc6526f176313.JPG,1882,901,1905,920,6
124a5431f7cb59fa04f5f92bb58bc6526f176313.JPG,1877,933,1897,974,6
124a5431f7cb59fa04f5f92bb58bc6526f176313.JPG,2264,980,2298,999,6
124a5431f7cb59fa04f5f92bb58bc6526f176313.JPG,2325,1079,2353,1095,6
124a5431f7cb59fa04f5f92bb58bc6526f176313.JPG,2530,775,2572,795,6
124a5431f7cb59fa04f5f92bb58bc6526f176313.JPG,2579,841,2626,860,6
124a5431f7cb59fa04f5f92bb58bc6526f176313.JPG,2539,859,2561,893,6
124a5431f7cb59fa04f5f92bb58bc6526f176313.JPG,2496,898,2541,928,6
124a5431f7cb59fa04f5f92bb58bc6526f176313.JPG,2605,984,2637,1014,6
124a5431f7cb59fa04f5f92bb58bc6526f176313.JPG,3011,819,3056,860,6
124a5431f7cb59fa04f5f92bb58bc6526f176313.JPG,3197,756,3228,781,6
124a5431f7cb59fa04f5f92bb58bc6526f176313.JPG,3272,750,3301,787,6
124a5431f7cb59fa04f5f92bb58bc6526f176313.JPG,3213,772,3234,787,6
124a5431f7cb59fa04f5f92bb58bc6526f176313.JPG,4014,781,4044,827,6
124a5431f7cb59fa04f5f92bb58bc6526f176313.JPG,4145,770,4165,805,6
124a5431f7cb59fa04f5f92bb58bc6526f176313.JPG,2600,855,2624,890,6
124a5431f7cb59fa04f5f92bb58bc6526f176313.JPG,1740,868,1772,890,6
12a8aa3f8199b9d19245d521cb535609863b76ce.JPG,4024,2452,4056,2493,6
12b619cbd56f206467763c0f6fb2f95a81335fac.JPG,425,3230,456,3265,6
12b619cbd56f206467763c0f6fb2f95a81335fac.JPG,437,3257,456,3277,6
12e86d159585a19fc5853227e67ffe4f5aef3c21.JPG,1893,1632,1930,1662,6
12e86d159585a19fc5853227e67ffe4f5aef3c21.JPG,1914,1651,1931,1673,6
12e86d159585a19fc5853227e67ffe4f5aef3c21.JPG,1910,1667,1931,1699,6
12e86d159585a19fc5853227e67ffe4f5aef3c21.JPG,1973,1707,1994,1748,6
12e86d159585a19fc5853227e67ffe4f5aef3c21.JPG,1775,1791,1808,1811,6
12e86d159585a19fc5853227e67ffe4f5aef3c21.JPG,1918,1771,1945,1810,6
12e86d159585a19fc5853227e67ffe4f5aef3c21.JPG,1822,1843,1855,1883,6
12e86d159585a19fc5853227e67ffe4f5aef3c21.JPG,1899,1878,1940,1904,6
12e86d159585a19fc5853227e67ffe4f5aef3c21.JPG,2000,1854,2039,1891,6
12e86d159585a19fc5853227e67ffe4f5aef3c21.JPG,2019,1839,2045,1856,6
12e86d159585a19fc5853227e67ffe4f5aef3c21.JPG,2051,1881,2066,1915,6
12e86d159585a19fc5853227e67ffe4f5aef3c21.JPG,2047,1915,2074,1958,6
12f03122d50c5a198811d9198c7c79bfa35c6e8a.JPG,5408,3238,5456,3261,6
12f0439da7755b0d290277a12dfea4ce68fb5d2e.JPG,4173,2746,4199,2800,6
12f0439da7755b0d290277a12dfea4ce68fb5d2e.JPG,4536,2785,4561,2829,6
12f0439da7755b0d290277a12dfea4ce68fb5d2e.JPG,4631,2772,4658,2813,6
12f0439da7755b0d290277a12dfea4ce68fb5d2e.JPG,4666,2748,4695,2780,6
12f0439da7755b0d290277a12dfea4ce68fb5d2e.JPG,4685,2693,4701,2729,6
12f0439da7755b0d290277a12dfea4ce68fb5d2e.JPG,4738,3023,4773,3063,6
12f0439da7755b0d290277a12dfea4ce68fb5d2e.JPG,4760,3068,4776,3099,6
12f0439da7755b0d290277a12dfea4ce68fb5d2e.JPG,4724,3032,4740,3062,6
12f0439da7755b0d290277a12dfea4ce68fb5d2e.JPG,4552,3132,4579,3165,6
12f0439da7755b0d290277a12dfea4ce68fb5d2e.JPG,4554,3230,4570,3256,6
12f0439da7755b0d290277a12dfea4ce68fb5d2e.JPG,4368,3337,4413,3369,6
12f0439da7755b0d290277a12dfea4ce68fb5d2e.JPG,4657,3256,4697,3286,6
12f0439da7755b0d290277a12dfea4ce68fb5d2e.JPG,4591,3404,4634,3422,6
12f0439da7755b0d290277a12dfea4ce68fb5d2e.JPG,4770,3460,4811,3508,6
12f0439da7755b0d290277a12dfea4ce68fb5d2e.JPG,4773,2468,4795,2503,6
12f0439da7755b0d290277a12dfea4ce68fb5d2e.JPG,4752,2499,4785,2532,6
12f0439da7755b0d290277a12dfea4ce68fb5d2e.JPG,4703,2941,4732,2968,6
12f2cf40b6972eb607cc7d7e10e8c3ed7c1a1139.JPG,2169,477,2220,545,6
12f2cf40b6972eb607cc7d7e10e8c3ed7c1a1139.JPG,2165,512,2199,536,6
12f2cf40b6972eb607cc7d7e10e8c3ed7c1a1139.JPG,1897,1165,1937,1228,6
12f2cf40b6972eb607cc7d7e10e8c3ed7c1a1139.JPG,1355,1734,1404,1799,6
133f7c0bc9e7221bd645a43713805094d3bdb577.JPG,2230,755,2262,826,6
135372844e35f638bfb31be9185fd8c8c82a09dd.JPG,1031,3420,1094,3516,6
137b661abea2847798a361b38053cb57d1a9d30b.JPG,1878,1422,1927,1442,6
137b661abea2847798a361b38053cb57d1a9d30b.JPG,1761,1570,1783,1592,6
137b661abea2847798a361b38053cb57d1a9d30b.JPG,1663,1481,1703,1508,6
137b661abea2847798a361b38053cb57d1a9d30b.JPG,1663,1438,1696,1490,6
137b661abea2847798a361b38053cb57d1a9d30b.JPG,1617,1231,1659,1276,6
137b661abea2847798a361b38053cb57d1a9d30b.JPG,1912,1435,1940,1472,6
137b661abea2847798a361b38053cb57d1a9d30b.JPG,1926,1449,1961,1505,6
137b661abea2847798a361b38053cb57d1a9d30b.JPG,1670,1856,1702,1889,6
137b661abea2847798a361b38053cb57d1a9d30b.JPG,1548,1915,1614,1956,6
13ac04811945643bda100740270d4807ba012411.JPG,4544,2472,4604,2519,6
13e34bbaf0ea2043d3ec31137a2ffbff5768dbe8.JPG,1405,530,1433,548,6
13e34bbaf0ea2043d3ec31137a2ffbff5768dbe8.JPG,1372,583,1442,608,6
13e34bbaf0ea2043d3ec31137a2ffbff5768dbe8.JPG,1794,1084,1837,1104,6
13e34bbaf0ea2043d3ec31137a2ffbff5768dbe8.JPG,1933,1300,1950,1329,6
13e34bbaf0ea2043d3ec31137a2ffbff5768dbe8.JPG,2055,1350,2104,1374,6
13e34bbaf0ea2043d3ec31137a2ffbff5768dbe8.JPG,2957,1844,2975,1887,6
13e34bbaf0ea2043d3ec31137a2ffbff5768dbe8.JPG,2665,2285,2711,2323,6
13e34bbaf0ea2043d3ec31137a2ffbff5768dbe8.JPG,3034,2357,3068,2375,6
13e34bbaf0ea2043d3ec31137a2ffbff5768dbe8.JPG,3070,2374,3111,2404,6
13e34bbaf0ea2043d3ec31137a2ffbff5768dbe8.JPG,2856,2500,2878,2541,6
13e34bbaf0ea2043d3ec31137a2ffbff5768dbe8.JPG,2773,2570,2804,2594,6
13e34bbaf0ea2043d3ec31137a2ffbff5768dbe8.JPG,2672,2577,2697,2588,6
13e34bbaf0ea2043d3ec31137a2ffbff5768dbe8.JPG,2607,2579,2631,2626,6
13e34bbaf0ea2043d3ec31137a2ffbff5768dbe8.JPG,2818,2624,2840,2641,6
13e34bbaf0ea2043d3ec31137a2ffbff5768dbe8.JPG,2754,2673,2802,2694,6
13e34bbaf0ea2043d3ec31137a2ffbff5768dbe8.JPG,2668,2792,2695,2815,6
13e34bbaf0ea2043d3ec31137a2ffbff5768dbe8.JPG,2619,2791,2654,2838,6
13e34bbaf0ea2043d3ec31137a2ffbff5768dbe8.JPG,2032,2881,2059,2919,6
13e34bbaf0ea2043d3ec31137a2ffbff5768dbe8.JPG,1339,2593,1380,2618,6
13e34bbaf0ea2043d3ec31137a2ffbff5768dbe8.JPG,3118,2561,3133,2589,6
13e34bbaf0ea2043d3ec31137a2ffbff5768dbe8.JPG,3288,2485,3341,2517,6
13e34bbaf0ea2043d3ec31137a2ffbff5768dbe8.JPG,3350,2512,3394,2551,6
13e34bbaf0ea2043d3ec31137a2ffbff5768dbe8.JPG,2961,3057,2996,3079,6
13e34bbaf0ea2043d3ec31137a2ffbff5768dbe8.JPG,3364,2988,3416,3030,6
13e34bbaf0ea2043d3ec31137a2ffbff5768dbe8.JPG,3586,2981,3624,3002,6
13e34bbaf0ea2043d3ec31137a2ffbff5768dbe8.JPG,3936,2921,3974,2964,6
13e34bbaf0ea2043d3ec31137a2ffbff5768dbe8.JPG,3954,3032,4002,3061,6
1416f2bc656396c5cdead31e2760e5bb55e4d834.JPG,5468,1793,5503,1827,6
1416f2bc656396c5cdead31e2760e5bb55e4d834.JPG,5439,1832,5462,1844,6
1416f2bc656396c5cdead31e2760e5bb55e4d834.JPG,5339,2097,5355,2125,6
1452a7bbb1fcb424461b1033ed1c0640cff1f77b.JPG,439,2383,467,2440,6
1452a7bbb1fcb424461b1033ed1c0640cff1f77b.JPG,1331,3045,1347,3072,6
1452a7bbb1fcb424461b1033ed1c0640cff1f77b.JPG,1319,3075,1340,3107,6
1452a7bbb1fcb424461b1033ed1c0640cff1f77b.JPG,1524,3205,1557,3231,6
1452a7bbb1fcb424461b1033ed1c0640cff1f77b.JPG,1302,3372,1320,3396,6
1452a7bbb1fcb424461b1033ed1c0640cff1f77b.JPG,1490,3434,1513,3471,6
1452a7bbb1fcb424461b1033ed1c0640cff1f77b.JPG,1425,3530,1456,3552,6
1452a7bbb1fcb424461b1033ed1c0640cff1f77b.JPG,1424,3643,1440,3663,6
146396c157f95fd6b6c113e5118e97546d69a431.JPG,1997,2045,2024,2087,6
146396c157f95fd6b6c113e5118e97546d69a431.JPG,1412,1876,1441,1903,6
146396c157f95fd6b6c113e5118e97546d69a431.JPG,1432,1761,1449,1782,6
146396c157f95fd6b6c113e5118e97546d69a431.JPG,1562,1744,1586,1773,6
146396c157f95fd6b6c113e5118e97546d69a431.JPG,1670,1758,1689,1789,6
146396c157f95fd6b6c113e5118e97546d69a431.JPG,1549,1646,1574,1678,6
146396c157f95fd6b6c113e5118e97546d69a431.JPG,1405,1602,1425,1636,6
146396c157f95fd6b6c113e5118e97546d69a431.JPG,1419,1513,1437,1561,6
146396c157f95fd6b6c113e5118e97546d69a431.JPG,1463,1535,1497,1551,6
146396c157f95fd6b6c113e5118e97546d69a431.JPG,1553,1526,1564,1554,6
146396c157f95fd6b6c113e5118e97546d69a431.JPG,1563,1522,1575,1534,6
146396c157f95fd6b6c113e5118e97546d69a431.JPG,1572,1493,1595,1535,6
146396c157f95fd6b6c113e5118e97546d69a431.JPG,2114,1809,2125,1835,6
146396c157f95fd6b6c113e5118e97546d69a431.JPG,2165,1773,2188,1810,6
146396c157f95fd6b6c113e5118e97546d69a431.JPG,2335,1724,2369,1742,6
146396c157f95fd6b6c113e5118e97546d69a431.JPG,2960,1585,2997,1600,6
146396c157f95fd6b6c113e5118e97546d69a431.JPG,2971,1568,2992,1578,6
146396c157f95fd6b6c113e5118e97546d69a431.JPG,2990,1564,3008,1575,6
146396c157f95fd6b6c113e5118e97546d69a431.JPG,3035,1548,3057,1560,6
146396c157f95fd6b6c113e5118e97546d69a431.JPG,3079,1530,3113,1548,6
146396c157f95fd6b6c113e5118e97546d69a431.JPG,3142,1550,3182,1562,6
146396c157f95fd6b6c113e5118e97546d69a431.JPG,3199,1564,3226,1584,6
146396c157f95fd6b6c113e5118e97546d69a431.JPG,3232,1577,3254,1597,6
146396c157f95fd6b6c113e5118e97546d69a431.JPG,3252,1590,3285,1615,6
146396c157f95fd6b6c113e5118e97546d69a431.JPG,3513,1671,3536,1687,6
146396c157f95fd6b6c113e5118e97546d69a431.JPG,4374,2013,4397,2054,6
14692642b39b69d0df10062042c5a343efe131b6.JPG,2702,2567,2736,2629,6
14692642b39b69d0df10062042c5a343efe131b6.JPG,2347,2921,2380,2961,6
14692642b39b69d0df10062042c5a343efe131b6.JPG,2302,2872,2340,2932,6
14692642b39b69d0df10062042c5a343efe131b6.JPG,2164,2800,2213,2870,6
14692642b39b69d0df10062042c5a343efe131b6.JPG,2134,2789,2170,2834,6
14692642b39b69d0df10062042c5a343efe131b6.JPG,2131,2745,2185,2796,6
14692642b39b69d0df10062042c5a343efe131b6.JPG,1274,2608,1323,2669,6
14692642b39b69d0df10062042c5a343efe131b6.JPG,832,2653,868,2670,6
14692642b39b69d0df10062042c5a343efe131b6.JPG,807,2609,851,2663,6
14692642b39b69d0df10062042c5a343efe131b6.JPG,725,2591,791,2640,6
14692642b39b69d0df10062042c5a343efe131b6.JPG,2319,2843,2350,2877,6
14692642b39b69d0df10062042c5a343efe131b6.JPG,3200,2761,3230,2815,6
14692642b39b69d0df10062042c5a343efe131b6.JPG,3563,2782,3615,2849,6
14692642b39b69d0df10062042c5a343efe131b6.JPG,3527,2853,3566,2889,6
14aa6dc307cfb871cedebf75bf6d7ec6df7a2c00.JPG,529,1573,558,1602,6
14aa6dc307cfb871cedebf75bf6d7ec6df7a2c00.JPG,505,1609,526,1621,6
14aa6dc307cfb871cedebf75bf6d7ec6df7a2c00.JPG,402,1873,417,1899,6
14aa6dc307cfb871cedebf75bf6d7ec6df7a2c00.JPG,1513,438,1534,473,6
14aa6dc307cfb871cedebf75bf6d7ec6df7a2c00.JPG,1793,874,1825,899,6
14aa6dc307cfb871cedebf75bf6d7ec6df7a2c00.JPG,1947,1474,1984,1494,6
14aa6dc307cfb871cedebf75bf6d7ec6df7a2c00.JPG,2048,768,2090,788,6
14aa6dc307cfb871cedebf75bf6d7ec6df7a2c00.JPG,2126,817,2146,845,6
14aa6dc307cfb871cedebf75bf6d7ec6df7a2c00.JPG,2173,808,2210,845,6
14aa6dc307cfb871cedebf75bf6d7ec6df7a2c00.JPG,2037,606,2053,631,6
14aa6dc307cfb871cedebf75bf6d7ec6df7a2c00.JPG,2104,594,2127,624,6
14aa6dc307cfb871cedebf75bf6d7ec6df7a2c00.JPG,2103,560,2114,586,6
14aa6dc307cfb871cedebf75bf6d7ec6df7a2c00.JPG,1974,197,1995,225,6
14aa6dc307cfb871cedebf75bf6d7ec6df7a2c00.JPG,1956,275,1972,293,6
14aa6dc307cfb871cedebf75bf6d7ec6df7a2c00.JPG,1908,249,1931,267,6
14aa6dc307cfb871cedebf75bf6d7ec6df7a2c00.JPG,2006,30,2022,53,6
14aa6dc307cfb871cedebf75bf6d7ec6df7a2c00.JPG,2290,105,2311,143,6
14aa6dc307cfb871cedebf75bf6d7ec6df7a2c00.JPG,2043,784,2063,794,6
14aa6dc307cfb871cedebf75bf6d7ec6df7a2c00.JPG,1794,895,1825,918,6
14b80ed2c9deaf7829b04f00d419646f30b9c275.JPG,1909,3307,1952,3333,6
14b80ed2c9deaf7829b04f00d419646f30b9c275.JPG,1950,3412,1980,3452,6
14b80ed2c9deaf7829b04f00d419646f30b9c275.JPG,2013,3448,2036,3470,6
14b80ed2c9deaf7829b04f00d419646f30b9c275.JPG,2054,3458,2082,3482,6
14b80ed2c9deaf7829b04f00d419646f30b9c275.JPG,1967,3553,2009,3584,6
14b80ed2c9deaf7829b04f00d419646f30b9c275.JPG,2033,3584,2059,3602,6
14b80ed2c9deaf7829b04f00d419646f30b9c275.JPG,2068,3614,2104,3643,6
14dc8fa4f9f69e8cea225aaf69affde7e44766bd.JPG,3364,1578,3381,1609,6
14dc8fa4f9f69e8cea225aaf69affde7e44766bd.JPG,3418,1670,3450,1697,6
14dc8fa4f9f69e8cea225aaf69affde7e44766bd.JPG,3570,1656,3585,1684,6
14dc8fa4f9f69e8cea225aaf69affde7e44766bd.JPG,3529,1711,3543,1735,6
14dc8fa4f9f69e8cea225aaf69affde7e44766bd.JPG,3504,1712,3520,1744,6
14dc8fa4f9f69e8cea225aaf69affde7e44766bd.JPG,3485,1561,3500,1588,6
14dc8fa4f9f69e8cea225aaf69affde7e44766bd.JPG,3643,1461,3655,1485,6
14dc8fa4f9f69e8cea225aaf69affde7e44766bd.JPG,3484,1417,3513,1435,6
14dc8fa4f9f69e8cea225aaf69affde7e44766bd.JPG,3369,797,3385,830,6
14dc8fa4f9f69e8cea225aaf69affde7e44766bd.JPG,2665,106,2695,137,6
14dc8fa4f9f69e8cea225aaf69affde7e44766bd.JPG,3834,2123,3851,2155,6
14dc8fa4f9f69e8cea225aaf69affde7e44766bd.JPG,3705,2206,3730,2243,6
14dc8fa4f9f69e8cea225aaf69affde7e44766bd.JPG,3369,2416,3386,2449,6
14dc8fa4f9f69e8cea225aaf69affde7e44766bd.JPG,3262,2230,3282,2255,6
14dc8fa4f9f69e8cea225aaf69affde7e44766bd.JPG,3228,2229,3261,2248,6
14dc8fa4f9f69e8cea225aaf69affde7e44766bd.JPG,3214,2236,3231,2250,6
14dc8fa4f9f69e8cea225aaf69affde7e44766bd.JPG,3211,2255,3233,2275,6
14dc8fa4f9f69e8cea225aaf69affde7e44766bd.JPG,3161,2278,3187,2290,6
14dc8fa4f9f69e8cea225aaf69affde7e44766bd.JPG,3162,2319,3179,2339,6
14dc8fa4f9f69e8cea225aaf69affde7e44766bd.JPG,3474,1730,3489,1746,6
14fba4a9be371db2ae03ef7512adccb4c17dc568.JPG,980,2126,995,2162,6
14fba4a9be371db2ae03ef7512adccb4c17dc568.JPG,986,2284,1007,2332,6
14fba4a9be371db2ae03ef7512adccb4c17dc568.JPG,905,2345,952,2369,6
14fba4a9be371db2ae03ef7512adccb4c17dc568.JPG,985,2379,1010,2403,6
150396556099b441604a9ddad9cdd1d010ef5ccf.JPG,215,1657,272,1695,6
150396556099b441604a9ddad9cdd1d010ef5ccf.JPG,53,1867,101,1923,6
150396556099b441604a9ddad9cdd1d010ef5ccf.JPG,46,1833,64,1872,6
150396556099b441604a9ddad9cdd1d010ef5ccf.JPG,20,1801,60,1870,6
150396556099b441604a9ddad9cdd1d010ef5ccf.JPG,1321,1541,1357,1623,6
150396556099b441604a9ddad9cdd1d010ef5ccf.JPG,1308,1632,1335,1700,6
150396556099b441604a9ddad9cdd1d010ef5ccf.JPG,622,649,674,719,6
150396556099b441604a9ddad9cdd1d010ef5ccf.JPG,0,1636,30,1678,6
15049c23b261ef669d3b70195490197348816608.JPG,717,199,760,242,6
15049c23b261ef669d3b70195490197348816608.JPG,691,373,735,425,6
15049c23b261ef669d3b70195490197348816608.JPG,1144,3387,1202,3429,6
15049c23b261ef669d3b70195490197348816608.JPG,1200,3384,1235,3429,6
15049c23b261ef669d3b70195490197348816608.JPG,1207,3424,1243,3480,6
156c86f0fd3879bfc498da09a701112321fab565.JPG,2237,1976,2316,2030,6
156c9c9ce271f23b21c26934a202b05016fcace5.JPG,2251,864,2299,889,6
156c9c9ce271f23b21c26934a202b05016fcace5.JPG,3364,239,3397,308,6
1576eb6a2f353f18328ff088dafca65873c0484f.JPG,783,860,858,892,6
1576eb6a2f353f18328ff088dafca65873c0484f.JPG,701,842,775,878,6
159d1b21a8e2e0955e654523f047f035f9103346.JPG,3791,129,3817,177,6
159d1b21a8e2e0955e654523f047f035f9103346.JPG,3916,227,3942,257,6
159d1b21a8e2e0955e654523f047f035f9103346.JPG,3942,252,3970,297,6
159d1b21a8e2e0955e654523f047f035f9103346.JPG,5260,998,5295,1037,6
15c4d4383bce300672a0d6221e4029a8d81dc5ec.JPG,672,1219,713,1269,6
15c4d4383bce300672a0d6221e4029a8d81dc5ec.JPG,652,1534,685,1592,6
15c4d4383bce300672a0d6221e4029a8d81dc5ec.JPG,662,1648,700,1680,6
15c4d4383bce300672a0d6221e4029a8d81dc5ec.JPG,510,2158,578,2181,6
15c4d4383bce300672a0d6221e4029a8d81dc5ec.JPG,406,2307,448,2329,6
15c4d4383bce300672a0d6221e4029a8d81dc5ec.JPG,158,2236,188,2288,6
15c4d4383bce300672a0d6221e4029a8d81dc5ec.JPG,408,2402,466,2429,6
15c4d4383bce300672a0d6221e4029a8d81dc5ec.JPG,345,2448,364,2493,6
15c4d4383bce300672a0d6221e4029a8d81dc5ec.JPG,199,2853,234,2924,6
15c4d4383bce300672a0d6221e4029a8d81dc5ec.JPG,109,3030,134,3086,6
15c896b4785b668708ebcf85d21800b792c743fa.JPG,3208,2620,3278,2680,6
15c896b4785b668708ebcf85d21800b792c743fa.JPG,3116,2767,3191,2800,6
15c896b4785b668708ebcf85d21800b792c743fa.JPG,2606,2525,2680,2570,6
15c896b4785b668708ebcf85d21800b792c743fa.JPG,2643,3019,2686,3089,6
15c896b4785b668708ebcf85d21800b792c743fa.JPG,2515,3261,2554,3332,6
15c896b4785b668708ebcf85d21800b792c743fa.JPG,1803,3200,1834,3259,6
15ddd12f2ccf25bd501032a44839bb940dcee3dc.JPG,3432,599,3481,648,6
15ddd12f2ccf25bd501032a44839bb940dcee3dc.JPG,4903,147,4953,207,6
15ddd12f2ccf25bd501032a44839bb940dcee3dc.JPG,4856,168,4883,207,6
15ddd12f2ccf25bd501032a44839bb940dcee3dc.JPG,5376,435,5427,478,6
15ef3a616405520ff8d4515f1b9f8a52f44d402e.JPG,1893,1441,1935,1551,6
15ef3a616405520ff8d4515f1b9f8a52f44d402e.JPG,1716,1211,1752,1299,6
15ef3a616405520ff8d4515f1b9f8a52f44d402e.JPG,1679,1063,1743,1144,6
15ef3a616405520ff8d4515f1b9f8a52f44d402e.JPG,1689,1108,1721,1138,6
15ef3a616405520ff8d4515f1b9f8a52f44d402e.JPG,1592,1821,1668,1913,6
15ef3a616405520ff8d4515f1b9f8a52f44d402e.JPG,2082,751,2116,804,6
15ef3a616405520ff8d4515f1b9f8a52f44d402e.JPG,2504,604,2537,686,6
15ef3a616405520ff8d4515f1b9f8a52f44d402e.JPG,2623,608,2683,717,6
15ef3a616405520ff8d4515f1b9f8a52f44d402e.JPG,2850,1297,2922,1342,6
15ef3a616405520ff8d4515f1b9f8a52f44d402e.JPG,3460,1484,3520,1574,6
15ef3a616405520ff8d4515f1b9f8a52f44d402e.JPG,3444,1155,3494,1221,6
15ef3a616405520ff8d4515f1b9f8a52f44d402e.JPG,3522,1217,3552,1264,6
15ef3a616405520ff8d4515f1b9f8a52f44d402e.JPG,3575,1221,3620,1274,6
15ef3a616405520ff8d4515f1b9f8a52f44d402e.JPG,3544,873,3569,939,6
15ef3a616405520ff8d4515f1b9f8a52f44d402e.JPG,3586,990,3645,1026,6
15ef3a616405520ff8d4515f1b9f8a52f44d402e.JPG,3961,825,4021,898,6
15ef3a616405520ff8d4515f1b9f8a52f44d402e.JPG,4020,1084,4045,1136,6
15ef3a616405520ff8d4515f1b9f8a52f44d402e.JPG,4004,1305,4070,1378,6
15ef3a616405520ff8d4515f1b9f8a52f44d402e.JPG,4038,1375,4077,1426,6
15ef3a616405520ff8d4515f1b9f8a52f44d402e.JPG,4197,1320,4234,1400,6
15ef3a616405520ff8d4515f1b9f8a52f44d402e.JPG,4228,1306,4284,1347,6
15ef3a616405520ff8d4515f1b9f8a52f44d402e.JPG,1894,2802,1938,2905,6
15ef3a616405520ff8d4515f1b9f8a52f44d402e.JPG,1378,3218,1482,3306,6
15ef3a616405520ff8d4515f1b9f8a52f44d402e.JPG,1423,3534,1502,3584,6
15ef3a616405520ff8d4515f1b9f8a52f44d402e.JPG,1314,3412,1401,3463,6
15ef3a616405520ff8d4515f1b9f8a52f44d402e.JPG,1269,3428,1316,3470,6
15ef3a616405520ff8d4515f1b9f8a52f44d402e.JPG,1128,3648,1193,3668,6
1669b15d0c615b0ea2802244c91ddb415076a07e.JPG,3588,3529,3651,3590,6
168338c7e5d7ce27a0908ef154f350dbdd39d8bc.JPG,2993,2457,3068,2489,6
168338c7e5d7ce27a0908ef154f350dbdd39d8bc.JPG,4157,3631,4220,3646,6
1685b081238152ad375153fff3de2b6751d460c6.JPG,3628,1431,3686,1459,6
1685b081238152ad375153fff3de2b6751d460c6.JPG,3523,1616,3558,1689,6
168ad0b5cbd4ee88eb3eb4feb5aa68510988e489.JPG,4783,2972,4804,2999,6
168ad0b5cbd4ee88eb3eb4feb5aa68510988e489.JPG,4864,3081,4892,3113,6
168ad0b5cbd4ee88eb3eb4feb5aa68510988e489.JPG,4687,3158,4717,3211,6
16ba5b9a0247c6bdfa82827cae08574fa25c6e45.JPG,1845,2857,1903,2900,6
16ba5b9a0247c6bdfa82827cae08574fa25c6e45.JPG,1635,2941,1685,2982,6
16ba5b9a0247c6bdfa82827cae08574fa25c6e45.JPG,864,2979,929,3013,6
16ba5b9a0247c6bdfa82827cae08574fa25c6e45.JPG,1025,3040,1077,3067,6
16ba5b9a0247c6bdfa82827cae08574fa25c6e45.JPG,1043,3087,1078,3121,6
16ba5b9a0247c6bdfa82827cae08574fa25c6e45.JPG,896,3235,935,3274,6
16ba5b9a0247c6bdfa82827cae08574fa25c6e45.JPG,1814,2750,1864,2781,6
16ce9222a5611b51e28467b0ea70c9127c813689.JPG,3748,1693,3790,1710,6
16ce9222a5611b51e28467b0ea70c9127c813689.JPG,3820,1704,3836,1741,6
16ce9222a5611b51e28467b0ea70c9127c813689.JPG,3931,1820,3948,1837,6
16ce9222a5611b51e28467b0ea70c9127c813689.JPG,4064,2003,4098,2044,6
1707d97eb2f0c6b8753b3825ea0cde7b4b50663c.JPG,385,1560,438,1618,6
1707d97eb2f0c6b8753b3825ea0cde7b4b50663c.JPG,348,1602,391,1644,6
1707d97eb2f0c6b8753b3825ea0cde7b4b50663c.JPG,290,1603,326,1678,6
1707d97eb2f0c6b8753b3825ea0cde7b4b50663c.JPG,619,1812,670,1875,6
1707d97eb2f0c6b8753b3825ea0cde7b4b50663c.JPG,357,1969,437,2012,6
1707d97eb2f0c6b8753b3825ea0cde7b4b50663c.JPG,499,2037,557,2072,6
1707d97eb2f0c6b8753b3825ea0cde7b4b50663c.JPG,379,1847,435,1879,6
1707d97eb2f0c6b8753b3825ea0cde7b4b50663c.JPG,184,1797,245,1829,6
1707d97eb2f0c6b8753b3825ea0cde7b4b50663c.JPG,204,1669,252,1698,6
1707d97eb2f0c6b8753b3825ea0cde7b4b50663c.JPG,462,2180,513,2226,6
1707d97eb2f0c6b8753b3825ea0cde7b4b50663c.JPG,438,2122,505,2148,6
17a4358c7f2795980e29fc27b71a72a02fb5ef72.JPG,1405,3576,1433,3594,6
17a4358c7f2795980e29fc27b71a72a02fb5ef72.JPG,1243,3536,1269,3560,6
17b91089054f3a99bfcb2539c3e28d1fc3afa55e.JPG,4207,1507,4233,1534,6
17b91089054f3a99bfcb2539c3e28d1fc3afa55e.JPG,4235,1548,4255,1572,6
17b91089054f3a99bfcb2539c3e28d1fc3afa55e.JPG,4249,1590,4264,1606,6
17b91089054f3a99bfcb2539c3e28d1fc3afa55e.JPG,4256,1608,4277,1639,6
17b91089054f3a99bfcb2539c3e28d1fc3afa55e.JPG,4211,1550,4237,1576,6
17b91089054f3a99bfcb2539c3e28d1fc3afa55e.JPG,4217,1575,4241,1588,6
17ca7c330e2d1f73332310bec69ce9e6fa664200.JPG,2134,2950,2200,2972,6
17ca7c330e2d1f73332310bec69ce9e6fa664200.JPG,1664,3088,1715,3118,6
17ca7c330e2d1f73332310bec69ce9e6fa664200.JPG,1579,3138,1613,3161,6
17ca7c330e2d1f73332310bec69ce9e6fa664200.JPG,1554,3251,1609,3293,6
19289921a4eed4638d6be28c8decf4533228eca2.JPG,2931,240,2962,260,6
19289921a4eed4638d6be28c8decf4533228eca2.JPG,2781,116,2801,144,6
19289921a4eed4638d6be28c8decf4533228eca2.JPG,3289,37,3329,59,6
192c864e5739ae7f51bd00a54598e38139405e7f.JPG,1768,3531,1800,3559,6
192c864e5739ae7f51bd00a54598e38139405e7f.JPG,1633,3570,1647,3599,6
192c864e5739ae7f51bd00a54598e38139405e7f.JPG,1606,3594,1638,3642,6
192c864e5739ae7f51bd00a54598e38139405e7f.JPG,1527,3521,1555,3558,6
192c864e5739ae7f51bd00a54598e38139405e7f.JPG,1510,3473,1535,3491,6
192c864e5739ae7f51bd00a54598e38139405e7f.JPG,1715,3451,1732,3488,6
192c864e5739ae7f51bd00a54598e38139405e7f.JPG,1746,3350,1764,3386,6
192c864e5739ae7f51bd00a54598e38139405e7f.JPG,1424,3425,1457,3452,6
192c864e5739ae7f51bd00a54598e38139405e7f.JPG,1765,3169,1808,3191,6
192c864e5739ae7f51bd00a54598e38139405e7f.JPG,1360,3595,1404,3620,6
192c864e5739ae7f51bd00a54598e38139405e7f.JPG,1304,3436,1339,3462,6
192c864e5739ae7f51bd00a54598e38139405e7f.JPG,1313,3462,1334,3486,6
192c864e5739ae7f51bd00a54598e38139405e7f.JPG,1358,3247,1388,3295,6
192c864e5739ae7f51bd00a54598e38139405e7f.JPG,1325,3215,1346,3242,6
192c864e5739ae7f51bd00a54598e38139405e7f.JPG,1316,3160,1348,3210,6
192c864e5739ae7f51bd00a54598e38139405e7f.JPG,1373,3183,1398,3210,6
192c864e5739ae7f51bd00a54598e38139405e7f.JPG,1362,3362,1387,3380,6
194210311fe0281edc16721337b1963d191fe059.JPG,5322,672,5421,727,6
194d47b881a73d5473f78faa573878f013afd3c5.JPG,1601,1242,1674,1308,6
194d47b881a73d5473f78faa573878f013afd3c5.JPG,1430,1350,1499,1400,6
194d47b881a73d5473f78faa573878f013afd3c5.JPG,1455,1387,1475,1418,6
194d47b881a73d5473f78faa573878f013afd3c5.JPG,1164,1288,1198,1315,6
194d47b881a73d5473f78faa573878f013afd3c5.JPG,1137,1271,1188,1331,6
194d47b881a73d5473f78faa573878f013afd3c5.JPG,1386,1516,1417,1561,6
194d47b881a73d5473f78faa573878f013afd3c5.JPG,1456,1936,1535,2010,6
194d47b881a73d5473f78faa573878f013afd3c5.JPG,1649,2036,1702,2109,6
194d47b881a73d5473f78faa573878f013afd3c5.JPG,1873,2312,1916,2345,6
194d47b881a73d5473f78faa573878f013afd3c5.JPG,1819,2325,1868,2402,6
194d47b881a73d5473f78faa573878f013afd3c5.JPG,1693,2556,1760,2604,6
194d47b881a73d5473f78faa573878f013afd3c5.JPG,1642,2550,1708,2609,6
194d47b881a73d5473f78faa573878f013afd3c5.JPG,1561,2575,1653,2612,6
194d47b881a73d5473f78faa573878f013afd3c5.JPG,1944,2710,2021,2752,6
194d47b881a73d5473f78faa573878f013afd3c5.JPG,1978,2780,2005,2856,6
194d47b881a73d5473f78faa573878f013afd3c5.JPG,1989,2839,2041,2938,6
194d47b881a73d5473f78faa573878f013afd3c5.JPG,2133,2905,2207,2942,6
194d47b881a73d5473f78faa573878f013afd3c5.JPG,2101,2942,2136,3015,6
194d47b881a73d5473f78faa573878f013afd3c5.JPG,2171,2975,2236,3053,6
194d47b881a73d5473f78faa573878f013afd3c5.JPG,2210,3014,2249,3066,6
194d47b881a73d5473f78faa573878f013afd3c5.JPG,2049,2464,2083,2518,6
194d47b881a73d5473f78faa573878f013afd3c5.JPG,1944,2429,2017,2467,6
194d47b881a73d5473f78faa573878f013afd3c5.JPG,2300,3128,2387,3175,6
199e4ae23d7114206bf9ae7e38b454bddbc7b924.JPG,3342,3142,3385,3171,6
19b44dead52d80fabeb431d55952b1c3f6108a2e.JPG,2494,2502,2517,2532,6
19b44dead52d80fabeb431d55952b1c3f6108a2e.JPG,2559,2493,2585,2532,6
19b44dead52d80fabeb431d55952b1c3f6108a2e.JPG,2588,2584,2599,2608,6
19b44dead52d80fabeb431d55952b1c3f6108a2e.JPG,2541,2549,2558,2568,6
19b44dead52d80fabeb431d55952b1c3f6108a2e.JPG,2932,2567,2945,2593,6
19b44dead52d80fabeb431d55952b1c3f6108a2e.JPG,2972,2583,2993,2613,6
19b44dead52d80fabeb431d55952b1c3f6108a2e.JPG,3057,2632,3084,2657,6
19b44dead52d80fabeb431d55952b1c3f6108a2e.JPG,3095,2739,3122,2751,6
19b44dead52d80fabeb431d55952b1c3f6108a2e.JPG,3102,2756,3126,2790,6
19b44dead52d80fabeb431d55952b1c3f6108a2e.JPG,3158,2811,3171,2841,6
19be3a6ae4c31cdf6c11fa1ae7a8451c649f6f5e.JPG,3506,3298,3551,3314,6
19be3a6ae4c31cdf6c11fa1ae7a8451c649f6f5e.JPG,3539,3406,3563,3426,6
19be3a6ae4c31cdf6c11fa1ae7a8451c649f6f5e.JPG,3558,3443,3593,3467,6
19be3a6ae4c31cdf6c11fa1ae7a8451c649f6f5e.JPG,3591,3458,3599,3471,6
19be3a6ae4c31cdf6c11fa1ae7a8451c649f6f5e.JPG,3598,3465,3622,3491,6
19be3a6ae4c31cdf6c11fa1ae7a8451c649f6f5e.JPG,3713,3584,3727,3612,6
1a30f61c368dfcb2010da94ab84c0c734376f7fd.JPG,1213,1043,1238,1063,6
1a30f61c368dfcb2010da94ab84c0c734376f7fd.JPG,1279,1094,1302,1107,6
1a30f61c368dfcb2010da94ab84c0c734376f7fd.JPG,1314,1101,1329,1122,6
1a30f61c368dfcb2010da94ab84c0c734376f7fd.JPG,1302,1166,1321,1191,6
1a30f61c368dfcb2010da94ab84c0c734376f7fd.JPG,1490,1036,1506,1058,6
1a30f61c368dfcb2010da94ab84c0c734376f7fd.JPG,1514,1101,1550,1125,6
1a30f61c368dfcb2010da94ab84c0c734376f7fd.JPG,1649,1029,1669,1060,6
1a30f61c368dfcb2010da94ab84c0c734376f7fd.JPG,1672,1065,1689,1091,6
1a30f61c368dfcb2010da94ab84c0c734376f7fd.JPG,1687,1088,1708,1109,6
1a30f61c368dfcb2010da94ab84c0c734376f7fd.JPG,1671,1143,1692,1159,6
1a30f61c368dfcb2010da94ab84c0c734376f7fd.JPG,1605,1146,1625,1159,6
1a30f61c368dfcb2010da94ab84c0c734376f7fd.JPG,1675,1360,1699,1390,6
1a30f61c368dfcb2010da94ab84c0c734376f7fd.JPG,1690,1323,1710,1345,6
1a30f61c368dfcb2010da94ab84c0c734376f7fd.JPG,1819,1616,1839,1648,6
1a30f61c368dfcb2010da94ab84c0c734376f7fd.JPG,1804,1712,1822,1754,6
1a30f61c368dfcb2010da94ab84c0c734376f7fd.JPG,1788,1759,1812,1785,6
1a30f61c368dfcb2010da94ab84c0c734376f7fd.JPG,1904,1798,1931,1815,6
1a30f61c368dfcb2010da94ab84c0c734376f7fd.JPG,1732,1894,1765,1923,6
1a30f61c368dfcb2010da94ab84c0c734376f7fd.JPG,1826,1917,1843,1937,6
1a30f61c368dfcb2010da94ab84c0c734376f7fd.JPG,1817,1938,1843,1951,6
1a30f61c368dfcb2010da94ab84c0c734376f7fd.JPG,1722,2015,1744,2038,6
1a30f61c368dfcb2010da94ab84c0c734376f7fd.JPG,1746,2095,1768,2118,6
1a30f61c368dfcb2010da94ab84c0c734376f7fd.JPG,1753,2254,1772,2291,6
1a30f61c368dfcb2010da94ab84c0c734376f7fd.JPG,1702,2232,1712,2253,6
1a30f61c368dfcb2010da94ab84c0c734376f7fd.JPG,1683,2231,1697,2257,6
1a30f61c368dfcb2010da94ab84c0c734376f7fd.JPG,1651,2219,1675,2243,6
1a30f61c368dfcb2010da94ab84c0c734376f7fd.JPG,1458,2163,1493,2187,6
1a30f61c368dfcb2010da94ab84c0c734376f7fd.JPG,1476,2150,1488,2166,6
1a30f61c368dfcb2010da94ab84c0c734376f7fd.JPG,1397,2141,1418,2168,6
1a30f61c368dfcb2010da94ab84c0c734376f7fd.JPG,1323,2275,1354,2291,6
1a30f61c368dfcb2010da94ab84c0c734376f7fd.JPG,1298,2259,1314,2291,6
1a30f61c368dfcb2010da94ab84c0c734376f7fd.JPG,565,1899,594,1936,6
1a4965157dabb0b21c9497eb44cf54ad4796e4ab.JPG,4514,40,4585,78,6
1a849a7b7d3ed837ac2a4b187b74f21dcc7de0d8.JPG,1348,2021,1375,2075,6
1a849a7b7d3ed837ac2a4b187b74f21dcc7de0d8.JPG,1374,2221,1420,2252,6
1a849a7b7d3ed837ac2a4b187b74f21dcc7de0d8.JPG,1297,2123,1358,2177,6
1a849a7b7d3ed837ac2a4b187b74f21dcc7de0d8.JPG,1287,2176,1326,2229,6
1a849a7b7d3ed837ac2a4b187b74f21dcc7de0d8.JPG,1142,2301,1215,2343,6
1a849a7b7d3ed837ac2a4b187b74f21dcc7de0d8.JPG,1235,2340,1308,2397,6
1a849a7b7d3ed837ac2a4b187b74f21dcc7de0d8.JPG,875,2203,951,2235,6
1a849a7b7d3ed837ac2a4b187b74f21dcc7de0d8.JPG,760,2087,837,2125,6
1a849a7b7d3ed837ac2a4b187b74f21dcc7de0d8.JPG,1072,2068,1130,2113,6
1a849a7b7d3ed837ac2a4b187b74f21dcc7de0d8.JPG,1187,2053,1220,2090,6
1a849a7b7d3ed837ac2a4b187b74f21dcc7de0d8.JPG,1216,2055,1271,2103,6
1a849a7b7d3ed837ac2a4b187b74f21dcc7de0d8.JPG,1235,1961,1273,2063,6
1a849a7b7d3ed837ac2a4b187b74f21dcc7de0d8.JPG,1190,1940,1226,2007,6
1a849a7b7d3ed837ac2a4b187b74f21dcc7de0d8.JPG,546,1848,632,1881,6
1a849a7b7d3ed837ac2a4b187b74f21dcc7de0d8.JPG,1022,1315,1093,1348,6
1a849a7b7d3ed837ac2a4b187b74f21dcc7de0d8.JPG,1195,135,1253,193,6
1a849a7b7d3ed837ac2a4b187b74f21dcc7de0d8.JPG,1262,192,1317,236,6
1a849a7b7d3ed837ac2a4b187b74f21dcc7de0d8.JPG,1172,339,1220,386,6
1a849a7b7d3ed837ac2a4b187b74f21dcc7de0d8.JPG,1154,365,1188,408,6
1a849a7b7d3ed837ac2a4b187b74f21dcc7de0d8.JPG,1778,665,1810,723,6
1a849a7b7d3ed837ac2a4b187b74f21dcc7de0d8.JPG,1716,725,1750,786,6
1a849a7b7d3ed837ac2a4b187b74f21dcc7de0d8.JPG,2696,361,2730,412,6
1a849a7b7d3ed837ac2a4b187b74f21dcc7de0d8.JPG,2706,409,2727,463,6
1a849a7b7d3ed837ac2a4b187b74f21dcc7de0d8.JPG,2672,547,2722,611,6
1a849a7b7d3ed837ac2a4b187b74f21dcc7de0d8.JPG,2731,672,2796,701,6
1a849a7b7d3ed837ac2a4b187b74f21dcc7de0d8.JPG,2718,696,2741,729,6
1a849a7b7d3ed837ac2a4b187b74f21dcc7de0d8.JPG,2625,707,2716,745,6
1a849a7b7d3ed837ac2a4b187b74f21dcc7de0d8.JPG,2624,731,2692,776,6
1a849a7b7d3ed837ac2a4b187b74f21dcc7de0d8.JPG,2683,755,2717,801,6
1a849a7b7d3ed837ac2a4b187b74f21dcc7de0d8.JPG,2354,861,2420,888,6
1a849a7b7d3ed837ac2a4b187b74f21dcc7de0d8.JPG,2663,838,2707,923,6
1a849a7b7d3ed837ac2a4b187b74f21dcc7de0d8.JPG,2668,909,2691,960,6
1a849a7b7d3ed837ac2a4b187b74f21dcc7de0d8.JPG,2568,949,2595,996,6
1a849a7b7d3ed837ac2a4b187b74f21dcc7de0d8.JPG,2677,1035,2751,1087,6
1a849a7b7d3ed837ac2a4b187b74f21dcc7de0d8.JPG,3201,810,3243,900,6
1a849a7b7d3ed837ac2a4b187b74f21dcc7de0d8.JPG,3977,422,4073,463,6
1b5759ebc9cf8795b343dd76af6de1392f784a44.JPG,2880,1655,2921,1677,6
1bae3fccd236256a6cdf1755d4a52c865ad2a9f6.JPG,2410,2009,2442,2035,6
1bf3fad5b1c35b0534622735eda6b6cc5db54f51.JPG,4666,1766,4698,1830,6
1bf3fad5b1c35b0534622735eda6b6cc5db54f51.JPG,4565,1776,4640,1822,6
1c14b31897595ab63a3209b41c17faa987d98cd0.JPG,3255,1062,3307,1090,6
1c14b31897595ab63a3209b41c17faa987d98cd0.JPG,3542,1099,3580,1139,6
1c14b31897595ab63a3209b41c17faa987d98cd0.JPG,3457,1181,3482,1197,6
1c14b31897595ab63a3209b41c17faa987d98cd0.JPG,3475,1185,3486,1208,6
1c14b31897595ab63a3209b41c17faa987d98cd0.JPG,3422,1208,3452,1244,6
1c14b31897595ab63a3209b41c17faa987d98cd0.JPG,3729,1133,3765,1162,6
1c14b31897595ab63a3209b41c17faa987d98cd0.JPG,2930,1955,2950,2004,6
1c14b31897595ab63a3209b41c17faa987d98cd0.JPG,2912,1999,2929,2019,6
1c14b31897595ab63a3209b41c17faa987d98cd0.JPG,2855,2073,2886,2107,6
1c14b31897595ab63a3209b41c17faa987d98cd0.JPG,2912,2168,2937,2196,6
1c14b31897595ab63a3209b41c17faa987d98cd0.JPG,2645,2083,2681,2134,6
1c14b31897595ab63a3209b41c17faa987d98cd0.JPG,2506,2060,2547,2082,6
1c14b31897595ab63a3209b41c17faa987d98cd0.JPG,2009,2927,2047,2947,6
1c14b31897595ab63a3209b41c17faa987d98cd0.JPG,1807,3063,1861,3092,6
1c14b31897595ab63a3209b41c17faa987d98cd0.JPG,1833,3095,1857,3122,6
1c14b31897595ab63a3209b41c17faa987d98cd0.JPG,1873,3106,1893,3152,6
1c14b31897595ab63a3209b41c17faa987d98cd0.JPG,3141,3099,3171,3150,6
1c14b31897595ab63a3209b41c17faa987d98cd0.JPG,3044,3379,3077,3412,6
1c1fdad4b1acac9b99f89417cead4ecbf67525ba.JPG,973,3399,1010,3430,6
1c254f679f6f1de9396f0a3f37c49046d1e06db7.JPG,3960,3478,4001,3516,6
1c5e004c9718432bc4f575ac3a0741b6368355f7.JPG,2639,1691,2689,1707,6
1c5e004c9718432bc4f575ac3a0741b6368355f7.JPG,2405,1867,2447,1889,6
1c5e004c9718432bc4f575ac3a0741b6368355f7.JPG,2585,1274,2620,1306,6
1c5e004c9718432bc4f575ac3a0741b6368355f7.JPG,2762,1191,2778,1220,6
1c5e004c9718432bc4f575ac3a0741b6368355f7.JPG,2011,1272,2043,1285,6
1c5e004c9718432bc4f575ac3a0741b6368355f7.JPG,1832,1144,1879,1172,6
1d03df018eca83e23ee6c22fd28c515abe9d48dc.JPG,1411,1228,1454,1290,6
1d22e63ce436db0a78e20036c47dd1e5def19c01.JPG,232,2639,266,2702,6
1d3e6c5daa4a821915ffd11f8a917efaf2ddc986.JPG,4276,290,4307,336,6
1d3e6c5daa4a821915ffd11f8a917efaf2ddc986.JPG,4305,286,4325,328,6
1d3e6c5daa4a821915ffd11f8a917efaf2ddc986.JPG,4380,321,4409,358,6
1d3e6c5daa4a821915ffd11f8a917efaf2ddc986.JPG,4410,350,4435,369,6
1d3e6c5daa4a821915ffd11f8a917efaf2ddc986.JPG,4389,383,4424,407,6
1d3e6c5daa4a821915ffd11f8a917efaf2ddc986.JPG,4538,304,4564,338,6
1d3e6c5daa4a821915ffd11f8a917efaf2ddc986.JPG,4501,301,4520,326,6
1d3e6c5daa4a821915ffd11f8a917efaf2ddc986.JPG,4463,349,4518,374,6
1d3e6c5daa4a821915ffd11f8a917efaf2ddc986.JPG,4447,357,4465,393,6
1d3e6c5daa4a821915ffd11f8a917efaf2ddc986.JPG,4730,294,4776,321,6
1df6426b66436c4e4aefa1cb683e5e0f764941c8.JPG,2450,1293,2476,1333,6
1df6426b66436c4e4aefa1cb683e5e0f764941c8.JPG,2124,936,2142,970,6
1df6426b66436c4e4aefa1cb683e5e0f764941c8.JPG,2175,869,2197,887,6
1df6426b66436c4e4aefa1cb683e5e0f764941c8.JPG,3372,2724,3389,2745,6
1df6426b66436c4e4aefa1cb683e5e0f764941c8.JPG,3223,2671,3255,2686,6
1df6426b66436c4e4aefa1cb683e5e0f764941c8.JPG,3101,2825,3117,2855,6
1df6426b66436c4e4aefa1cb683e5e0f764941c8.JPG,3301,2922,3314,2950,6
1df6426b66436c4e4aefa1cb683e5e0f764941c8.JPG,3146,2920,3183,2938,6
1df6426b66436c4e4aefa1cb683e5e0f764941c8.JPG,3268,2982,3281,3007,6
1df6426b66436c4e4aefa1cb683e5e0f764941c8.JPG,3231,2966,3248,2999,6
1df6426b66436c4e4aefa1cb683e5e0f764941c8.JPG,3213,2993,3227,3009,6
1df6426b66436c4e4aefa1cb683e5e0f764941c8.JPG,3246,2971,3256,2989,6
1df6426b66436c4e4aefa1cb683e5e0f764941c8.JPG,3423,3474,3449,3515,6
1df6426b66436c4e4aefa1cb683e5e0f764941c8.JPG,3555,3403,3573,3436,6
1df6426b66436c4e4aefa1cb683e5e0f764941c8.JPG,2981,3468,3006,3495,6
1df6426b66436c4e4aefa1cb683e5e0f764941c8.JPG,2947,3469,2984,3489,6
1df6426b66436c4e4aefa1cb683e5e0f764941c8.JPG,2936,3473,2953,3485,6
1df6426b66436c4e4aefa1cb683e5e0f764941c8.JPG,2933,3495,2955,3514,6
1df6426b66436c4e4aefa1cb683e5e0f764941c8.JPG,2876,3511,2905,3525,6
1df6426b66436c4e4aefa1cb683e5e0f764941c8.JPG,2882,3551,2897,3572,6
1e09abc042436630c66e62166d02b9b15e83b2d0.JPG,5119,1000,5252,1090,6
1e0ccdd2c59bdcb77a1403d237497da6f33ccdaf.JPG,1484,2844,1521,2901,6
1e0ccdd2c59bdcb77a1403d237497da6f33ccdaf.JPG,4791,1412,4836,1457,6
1e363201dbec4dc8e0f2d7ba84b38621ca487060.JPG,2812,812,2848,831,6
1e363201dbec4dc8e0f2d7ba84b38621ca487060.JPG,2602,515,2633,536,6
1e363201dbec4dc8e0f2d7ba84b38621ca487060.JPG,2772,120,2802,148,6
1e363201dbec4dc8e0f2d7ba84b38621ca487060.JPG,2706,1667,2725,1709,6
1e363201dbec4dc8e0f2d7ba84b38621ca487060.JPG,2718,1858,2733,1890,6
1e363201dbec4dc8e0f2d7ba84b38621ca487060.JPG,2802,1981,2819,2009,6
1e363201dbec4dc8e0f2d7ba84b38621ca487060.JPG,2593,2522,2608,2552,6
1e363201dbec4dc8e0f2d7ba84b38621ca487060.JPG,2600,2555,2615,2586,6
1e60b84111be58421800f7eefdd8e707e3f389fa.JPG,4568,1360,4630,1423,6
1e60b84111be58421800f7eefdd8e707e3f389fa.JPG,5293,1978,5320,2021,6
1e8795c6531530e25fd494e7dbaa977a94e8014c.JPG,3632,2268,3675,2289,6
1e8795c6531530e25fd494e7dbaa977a94e8014c.JPG,3619,2598,3659,2644,6
1e97a6c1f25481be6f9bfe33aa5e98fee71d82fb.JPG,1333,2426,1380,2474,6
1e97a6c1f25481be6f9bfe33aa5e98fee71d82fb.JPG,946,2663,989,2699,6
1e97a6c1f25481be6f9bfe33aa5e98fee71d82fb.JPG,749,2862,792,2891,6
1e97a6c1f25481be6f9bfe33aa5e98fee71d82fb.JPG,739,2877,776,2918,6
1ebbf0d38ec04d3e31291af0d6b7fa0c3409b21a.JPG,2665,386,2702,455,6
1ebbf0d38ec04d3e31291af0d6b7fa0c3409b21a.JPG,2560,435,2623,542,6
1ebbf0d38ec04d3e31291af0d6b7fa0c3409b21a.JPG,2515,335,2608,376,6
1ed402607a5b774e38bf083c9f3695fbb7b21508.JPG,5312,2713,5336,2725,6
1ed402607a5b774e38bf083c9f3695fbb7b21508.JPG,5262,2719,5306,2748,6
1ed402607a5b774e38bf083c9f3695fbb7b21508.JPG,5266,2796,5293,2816,6
1ed402607a5b774e38bf083c9f3695fbb7b21508.JPG,5237,2821,5262,2844,6
1ed402607a5b774e38bf083c9f3695fbb7b21508.JPG,5140,2847,5191,2871,6
1ed402607a5b774e38bf083c9f3695fbb7b21508.JPG,5036,2770,5059,2801,6
1ed402607a5b774e38bf083c9f3695fbb7b21508.JPG,4940,2946,4963,2976,6
1ed402607a5b774e38bf083c9f3695fbb7b21508.JPG,4874,3021,4916,3043,6
1ed402607a5b774e38bf083c9f3695fbb7b21508.JPG,4903,3076,4934,3099,6
1ed402607a5b774e38bf083c9f3695fbb7b21508.JPG,4792,3055,4815,3075,6
1ed402607a5b774e38bf083c9f3695fbb7b21508.JPG,4799,3058,4839,3092,6
1ef71a1e01dce600fa82188b25b560a6c5acf780.JPG,790,799,892,923,6
1f2b5a52ee1fb08e508bd9db013802077fa3de8c.JPG,626,942,665,1003,6
1f2b5a52ee1fb08e508bd9db013802077fa3de8c.JPG,497,833,551,877,6
1f2b5a52ee1fb08e508bd9db013802077fa3de8c.JPG,476,765,546,801,6
1f2b5a52ee1fb08e508bd9db013802077fa3de8c.JPG,403,784,452,816,6
1f2b5a52ee1fb08e508bd9db013802077fa3de8c.JPG,412,845,458,878,6
1f2b5a52ee1fb08e508bd9db013802077fa3de8c.JPG,352,852,378,923,6
1f2b5a52ee1fb08e508bd9db013802077fa3de8c.JPG,285,707,350,742,6
1f2b5a52ee1fb08e508bd9db013802077fa3de8c.JPG,177,779,247,825,6
1f2b5a52ee1fb08e508bd9db013802077fa3de8c.JPG,149,728,194,761,6
1f2b5a52ee1fb08e508bd9db013802077fa3de8c.JPG,36,710,102,741,6
1f2b5a52ee1fb08e508bd9db013802077fa3de8c.JPG,41,799,112,826,6
1f2b5a52ee1fb08e508bd9db013802077fa3de8c.JPG,4,574,54,614,6
1f2b5a52ee1fb08e508bd9db013802077fa3de8c.JPG,4,484,32,508,6
1f2b5a52ee1fb08e508bd9db013802077fa3de8c.JPG,162,998,220,1046,6
1f6b224acdc6290871330683732392a082ca062c.JPG,1476,1330,1519,1346,6
1f6b224acdc6290871330683732392a082ca062c.JPG,4444,2515,4487,2536,6
1f6b224acdc6290871330683732392a082ca062c.JPG,4660,2599,4714,2623,6
1f6b224acdc6290871330683732392a082ca062c.JPG,4731,2612,4772,2631,6
1f6b224acdc6290871330683732392a082ca062c.JPG,4499,2666,4542,2690,6
1f6b224acdc6290871330683732392a082ca062c.JPG,4439,2684,4491,2706,6
1f6b224acdc6290871330683732392a082ca062c.JPG,4443,2829,4500,2864,6
1f6b224acdc6290871330683732392a082ca062c.JPG,4362,2798,4412,2814,6
1f6b224acdc6290871330683732392a082ca062c.JPG,4113,2736,4158,2768,6
1fee3a75eaad50e4fd0bd4965127872f39abb15b.JPG,2409,675,2473,715,6
1fee3a75eaad50e4fd0bd4965127872f39abb15b.JPG,2018,678,2043,709,6
1fee3a75eaad50e4fd0bd4965127872f39abb15b.JPG,2002,490,2042,545,6
1fee3a75eaad50e4fd0bd4965127872f39abb15b.JPG,2048,434,2079,467,6
1fee3a75eaad50e4fd0bd4965127872f39abb15b.JPG,805,1101,839,1128,6
1fee3a75eaad50e4fd0bd4965127872f39abb15b.JPG,776,1096,812,1145,6
1fee3a75eaad50e4fd0bd4965127872f39abb15b.JPG,863,1233,892,1259,6
1fee3a75eaad50e4fd0bd4965127872f39abb15b.JPG,801,1318,842,1385,6
1fee3a75eaad50e4fd0bd4965127872f39abb15b.JPG,922,1443,978,1477,6
1fee3a75eaad50e4fd0bd4965127872f39abb15b.JPG,3484,1313,3523,1357,6
1fee3a75eaad50e4fd0bd4965127872f39abb15b.JPG,3506,1370,3531,1388,6
1fee3a75eaad50e4fd0bd4965127872f39abb15b.JPG,5206,3317,5251,3372,6
1fee3a75eaad50e4fd0bd4965127872f39abb15b.JPG,5234,3346,5265,3371,6
1fee3a75eaad50e4fd0bd4965127872f39abb15b.JPG,5022,3417,5069,3458,6
2079110c1b1e18f012b39eaac7956ae53ba0377c.JPG,948,644,1002,707,6
2079110c1b1e18f012b39eaac7956ae53ba0377c.JPG,918,701,949,737,6
2079110c1b1e18f012b39eaac7956ae53ba0377c.JPG,4021,3333,4095,3494,6
207c845a34f9af2322bcb385aadaaf5350565f25.JPG,1260,2590,1315,2626,6
207c845a34f9af2322bcb385aadaaf5350565f25.JPG,3634,3030,3661,3089,6
207c845a34f9af2322bcb385aadaaf5350565f25.JPG,3372,3516,3406,3572,6
207c845a34f9af2322bcb385aadaaf5350565f25.JPG,4512,3317,4561,3362,6
207c845a34f9af2322bcb385aadaaf5350565f25.JPG,4639,3541,4704,3570,6
20d46eaa9ebd42f4423a6c82099eb3dc6d738e64.JPG,2448,1472,2494,1510,6
20d46eaa9ebd42f4423a6c82099eb3dc6d738e64.JPG,2413,1274,2449,1291,6
20d46eaa9ebd42f4423a6c82099eb3dc6d738e64.JPG,2638,754,2659,796,6
2115496b27d2f344b261926f9ff42d072e2ae602.JPG,2295,2876,2318,2906,6
2115496b27d2f344b261926f9ff42d072e2ae602.JPG,2339,2944,2356,2975,6
2115496b27d2f344b261926f9ff42d072e2ae602.JPG,2177,3034,2190,3062,6
2115496b27d2f344b261926f9ff42d072e2ae602.JPG,2185,3405,2202,3433,6
2115496b27d2f344b261926f9ff42d072e2ae602.JPG,2337,3492,2357,3521,6
2115496b27d2f344b261926f9ff42d072e2ae602.JPG,2443,3474,2470,3492,6
2115496b27d2f344b261926f9ff42d072e2ae602.JPG,2021,3339,2039,3372,6
2115496b27d2f344b261926f9ff42d072e2ae602.JPG,1690,3602,1708,3624,6
214c900aea6500687f747cf20b91fc2e8a695e27.JPG,3586,2470,3652,2502,6
214c900aea6500687f747cf20b91fc2e8a695e27.JPG,3402,3211,3425,3271,6
21628384db925a3a3e8eac998886729adf900fb7.JPG,3113,388,3165,415,6
21628384db925a3a3e8eac998886729adf900fb7.JPG,2955,454,2990,506,6
21628384db925a3a3e8eac998886729adf900fb7.JPG,2341,422,2378,474,6
217cd451cbfb03c2fcd25ad4dd88b6e9096d80c5.JPG,3261,3054,3281,3089,6
21f3b9555ad718a7458232598e4a960eb3f87cd8.JPG,4854,2082,4917,2107,6
21f3b9555ad718a7458232598e4a960eb3f87cd8.JPG,4973,2108,5035,2147,6
21f3b9555ad718a7458232598e4a960eb3f87cd8.JPG,4896,2313,4947,2366,6
220a276f8e6fa93834f053cfe9b1c8186f43feb0.JPG,4239,99,4298,165,6
220a276f8e6fa93834f053cfe9b1c8186f43feb0.JPG,3326,174,3387,220,6
220a276f8e6fa93834f053cfe9b1c8186f43feb0.JPG,3180,40,3245,80,6
220a276f8e6fa93834f053cfe9b1c8186f43feb0.JPG,2983,668,3013,740,6
220a276f8e6fa93834f053cfe9b1c8186f43feb0.JPG,2897,685,2940,755,6
220a276f8e6fa93834f053cfe9b1c8186f43feb0.JPG,2842,592,2870,659,6
220a276f8e6fa93834f053cfe9b1c8186f43feb0.JPG,2581,655,2656,689,6
220a276f8e6fa93834f053cfe9b1c8186f43feb0.JPG,2601,801,2659,834,6
220a276f8e6fa93834f053cfe9b1c8186f43feb0.JPG,2434,738,2486,765,6
220a276f8e6fa93834f053cfe9b1c8186f43feb0.JPG,3158,1010,3227,1045,6
220a276f8e6fa93834f053cfe9b1c8186f43feb0.JPG,3779,838,3814,912,6
220a276f8e6fa93834f053cfe9b1c8186f43feb0.JPG,2525,1024,2597,1050,6
220a276f8e6fa93834f053cfe9b1c8186f43feb0.JPG,2372,1085,2400,1133,6
220a276f8e6fa93834f053cfe9b1c8186f43feb0.JPG,2318,1126,2387,1172,6
220a276f8e6fa93834f053cfe9b1c8186f43feb0.JPG,2638,1153,2662,1207,6
220a276f8e6fa93834f053cfe9b1c8186f43feb0.JPG,2549,1169,2632,1209,6
220a276f8e6fa93834f053cfe9b1c8186f43feb0.JPG,2623,1195,2655,1222,6
220a276f8e6fa93834f053cfe9b1c8186f43feb0.JPG,2655,1214,2700,1264,6
220a276f8e6fa93834f053cfe9b1c8186f43feb0.JPG,2755,1189,2791,1240,6
220a276f8e6fa93834f053cfe9b1c8186f43feb0.JPG,2761,1240,2790,1303,6
220a276f8e6fa93834f053cfe9b1c8186f43feb0.JPG,2680,1289,2719,1370,6
220a276f8e6fa93834f053cfe9b1c8186f43feb0.JPG,2500,1235,2561,1279,6
220a276f8e6fa93834f053cfe9b1c8186f43feb0.JPG,2444,1208,2480,1265,6
220a276f8e6fa93834f053cfe9b1c8186f43feb0.JPG,2412,1279,2441,1297,6
220a276f8e6fa93834f053cfe9b1c8186f43feb0.JPG,2350,1256,2418,1289,6
220a276f8e6fa93834f053cfe9b1c8186f43feb0.JPG,2352,1286,2382,1320,6
220a276f8e6fa93834f053cfe9b1c8186f43feb0.JPG,2186,1112,2226,1164,6
220a276f8e6fa93834f053cfe9b1c8186f43feb0.JPG,1966,1251,2035,1278,6
220a276f8e6fa93834f053cfe9b1c8186f43feb0.JPG,2053,1310,2111,1336,6
220a276f8e6fa93834f053cfe9b1c8186f43feb0.JPG,2034,1355,2103,1401,6
220a276f8e6fa93834f053cfe9b1c8186f43feb0.JPG,2050,1426,2101,1449,6
220a276f8e6fa93834f053cfe9b1c8186f43feb0.JPG,2530,1349,2578,1419,6
220a276f8e6fa93834f053cfe9b1c8186f43feb0.JPG,2594,1368,2614,1417,6
220a276f8e6fa93834f053cfe9b1c8186f43feb0.JPG,2604,1410,2656,1458,6
220a276f8e6fa93834f053cfe9b1c8186f43feb0.JPG,2552,1498,2575,1554,6
220a276f8e6fa93834f053cfe9b1c8186f43feb0.JPG,2448,1509,2476,1554,6
220a276f8e6fa93834f053cfe9b1c8186f43feb0.JPG,2598,1585,2637,1628,6
220a276f8e6fa93834f053cfe9b1c8186f43feb0.JPG,2498,1573,2544,1625,6
220a276f8e6fa93834f053cfe9b1c8186f43feb0.JPG,2495,1644,2532,1702,6
220a276f8e6fa93834f053cfe9b1c8186f43feb0.JPG,2344,1605,2429,1643,6
220a276f8e6fa93834f053cfe9b1c8186f43feb0.JPG,2257,1622,2292,1659,6
220a276f8e6fa93834f053cfe9b1c8186f43feb0.JPG,2279,1679,2318,1704,6
220a276f8e6fa93834f053cfe9b1c8186f43feb0.JPG,2306,1709,2358,1747,6
220a276f8e6fa93834f053cfe9b1c8186f43feb0.JPG,2281,1758,2334,1809,6
220a276f8e6fa93834f053cfe9b1c8186f43feb0.JPG,2230,1801,2282,1822,6
220a276f8e6fa93834f053cfe9b1c8186f43feb0.JPG,2251,1882,2307,1923,6
220a276f8e6fa93834f053cfe9b1c8186f43feb0.JPG,2477,1855,2542,1890,6
220a276f8e6fa93834f053cfe9b1c8186f43feb0.JPG,2511,1920,2580,1955,6
220a276f8e6fa93834f053cfe9b1c8186f43feb0.JPG,2580,1957,2656,1993,6
220a276f8e6fa93834f053cfe9b1c8186f43feb0.JPG,2557,1973,2594,2022,6
220a276f8e6fa93834f053cfe9b1c8186f43feb0.JPG,2654,2034,2715,2089,6
220a276f8e6fa93834f053cfe9b1c8186f43feb0.JPG,2485,1984,2542,2022,6
220a276f8e6fa93834f053cfe9b1c8186f43feb0.JPG,2392,1927,2442,1992,6
220a276f8e6fa93834f053cfe9b1c8186f43feb0.JPG,2432,2015,2521,2052,6
220a276f8e6fa93834f053cfe9b1c8186f43feb0.JPG,2447,2046,2483,2066,6
220a276f8e6fa93834f053cfe9b1c8186f43feb0.JPG,2441,2069,2486,2097,6
220a276f8e6fa93834f053cfe9b1c8186f43feb0.JPG,2300,1987,2378,2016,6
220a276f8e6fa93834f053cfe9b1c8186f43feb0.JPG,2188,1963,2242,1999,6
220a276f8e6fa93834f053cfe9b1c8186f43feb0.JPG,2174,2001,2216,2026,6
220a276f8e6fa93834f053cfe9b1c8186f43feb0.JPG,2229,2014,2292,2046,6
220a276f8e6fa93834f053cfe9b1c8186f43feb0.JPG,2225,2045,2282,2081,6
220a276f8e6fa93834f053cfe9b1c8186f43feb0.JPG,3921,1695,4008,1727,6
223d319034e543139c149a198dcc8d94057dd7c9.JPG,2102,658,2136,694,6
223d319034e543139c149a198dcc8d94057dd7c9.JPG,2188,275,2204,308,6
223d319034e543139c149a198dcc8d94057dd7c9.JPG,2208,228,2237,259,6
223d319034e543139c149a198dcc8d94057dd7c9.JPG,2186,225,2202,255,6
223d319034e543139c149a198dcc8d94057dd7c9.JPG,2157,151,2170,169,6
223d319034e543139c149a198dcc8d94057dd7c9.JPG,2057,218,2079,249,6
223d319034e543139c149a198dcc8d94057dd7c9.JPG,1941,94,1982,125,6
223d319034e543139c149a198dcc8d94057dd7c9.JPG,2047,9,2097,35,6
223d319034e543139c149a198dcc8d94057dd7c9.JPG,1900,165,1933,180,6
223d319034e543139c149a198dcc8d94057dd7c9.JPG,1832,218,1856,262,6
223d319034e543139c149a198dcc8d94057dd7c9.JPG,2173,40,2188,70,6
22658813d584c526b0886b160f257b2558332f9a.JPG,5170,2202,5225,2236,6
22658813d584c526b0886b160f257b2558332f9a.JPG,5138,2251,5219,2306,6
22658813d584c526b0886b160f257b2558332f9a.JPG,5353,2217,5393,2282,6
22658813d584c526b0886b160f257b2558332f9a.JPG,5170,2222,5210,2238,6
2267c9c1bfa225bde3a4a95a03775d5731f0ace4.JPG,3153,1491,3175,1543,6
2267c9c1bfa225bde3a4a95a03775d5731f0ace4.JPG,3246,1386,3268,1436,6
2267c9c1bfa225bde3a4a95a03775d5731f0ace4.JPG,3237,1290,3273,1315,6
2267c9c1bfa225bde3a4a95a03775d5731f0ace4.JPG,3441,1409,3458,1445,6
2267c9c1bfa225bde3a4a95a03775d5731f0ace4.JPG,3456,1377,3482,1391,6
2267c9c1bfa225bde3a4a95a03775d5731f0ace4.JPG,3501,1275,3518,1327,6
2267c9c1bfa225bde3a4a95a03775d5731f0ace4.JPG,3584,1226,3599,1266,6
2267c9c1bfa225bde3a4a95a03775d5731f0ace4.JPG,3692,1390,3733,1415,6
2267c9c1bfa225bde3a4a95a03775d5731f0ace4.JPG,3611,1160,3628,1187,6
2267c9c1bfa225bde3a4a95a03775d5731f0ace4.JPG,3575,1021,3598,1055,6
22772d97e0e3b1aa2cdeb2fc9a5fb7e652cd5943.JPG,1348,3222,1379,3299,6
22772d97e0e3b1aa2cdeb2fc9a5fb7e652cd5943.JPG,1287,3254,1348,3329,6
22772d97e0e3b1aa2cdeb2fc9a5fb7e652cd5943.JPG,1253,3327,1307,3376,6
22772d97e0e3b1aa2cdeb2fc9a5fb7e652cd5943.JPG,1688,2749,1767,2798,6
22772d97e0e3b1aa2cdeb2fc9a5fb7e652cd5943.JPG,1259,2464,1306,2543,6
22772d97e0e3b1aa2cdeb2fc9a5fb7e652cd5943.JPG,1184,2536,1231,2605,6
22772d97e0e3b1aa2cdeb2fc9a5fb7e652cd5943.JPG,1217,1725,1300,1751,6
22772d97e0e3b1aa2cdeb2fc9a5fb7e652cd5943.JPG,1205,1805,1265,1831,6
22772d97e0e3b1aa2cdeb2fc9a5fb7e652cd5943.JPG,1164,1745,1217,1808,6
22772d97e0e3b1aa2cdeb2fc9a5fb7e652cd5943.JPG,1115,1773,1173,1823,6
22772d97e0e3b1aa2cdeb2fc9a5fb7e652cd5943.JPG,960,1643,1047,1682,6
22772d97e0e3b1aa2cdeb2fc9a5fb7e652cd5943.JPG,1019,1675,1058,1696,6
22772d97e0e3b1aa2cdeb2fc9a5fb7e652cd5943.JPG,925,1716,1009,1742,6
22772d97e0e3b1aa2cdeb2fc9a5fb7e652cd5943.JPG,797,1732,832,1791,6
22772d97e0e3b1aa2cdeb2fc9a5fb7e652cd5943.JPG,1073,1497,1142,1538,6
22772d97e0e3b1aa2cdeb2fc9a5fb7e652cd5943.JPG,759,1346,827,1405,6
22772d97e0e3b1aa2cdeb2fc9a5fb7e652cd5943.JPG,700,1449,771,1484,6
22772d97e0e3b1aa2cdeb2fc9a5fb7e652cd5943.JPG,530,1366,609,1410,6
22772d97e0e3b1aa2cdeb2fc9a5fb7e652cd5943.JPG,476,1226,548,1257,6
22772d97e0e3b1aa2cdeb2fc9a5fb7e652cd5943.JPG,622,1146,686,1198,6
22772d97e0e3b1aa2cdeb2fc9a5fb7e652cd5943.JPG,823,1102,870,1156,6
22772d97e0e3b1aa2cdeb2fc9a5fb7e652cd5943.JPG,746,874,787,939,6
22772d97e0e3b1aa2cdeb2fc9a5fb7e652cd5943.JPG,745,270,771,302,6
22772d97e0e3b1aa2cdeb2fc9a5fb7e652cd5943.JPG,738,235,809,273,6
22772d97e0e3b1aa2cdeb2fc9a5fb7e652cd5943.JPG,891,145,973,187,6
22772d97e0e3b1aa2cdeb2fc9a5fb7e652cd5943.JPG,521,144,572,210,6
22772d97e0e3b1aa2cdeb2fc9a5fb7e652cd5943.JPG,559,175,595,191,6
228cc25b00a878335321ee87cc180271133085f5.JPG,1364,1354,1401,1415,6
228cc25b00a878335321ee87cc180271133085f5.JPG,1403,1488,1446,1538,6
229367355d15bde8d2efa5ca0df8a2ace492508e.JPG,4114,1336,4135,1366,6
229367355d15bde8d2efa5ca0df8a2ace492508e.JPG,4092,1363,4107,1386,6
229367355d15bde8d2efa5ca0df8a2ace492508e.JPG,4094,1385,4113,1395,6
229367355d15bde8d2efa5ca0df8a2ace492508e.JPG,4093,1391,4123,1417,6
229367355d15bde8d2efa5ca0df8a2ace492508e.JPG,4109,1379,4121,1390,6
229367355d15bde8d2efa5ca0df8a2ace492508e.JPG,3779,1265,3792,1289,6
22c9599757ed22f4db8a3e40bf262f8a3f23c615.JPG,1437,2121,1475,2162,6
22d7170282d33bc824f4c1044e2dfebf377484f1.JPG,2922,684,2952,735,6
22d7170282d33bc824f4c1044e2dfebf377484f1.JPG,3263,654,3296,671,6
22d7170282d33bc824f4c1044e2dfebf377484f1.JPG,3465,821,3497,834,6
22d7170282d33bc824f4c1044e2dfebf377484f1.JPG,3555,795,3582,841,6
22d7170282d33bc824f4c1044e2dfebf377484f1.JPG,3628,830,3666,862,6
22d7170282d33bc824f4c1044e2dfebf377484f1.JPG,3740,846,3766,896,6
22d7170282d33bc824f4c1044e2dfebf377484f1.JPG,3709,724,3745,753,6
22d7170282d33bc824f4c1044e2dfebf377484f1.JPG,3863,648,3900,675,6
22d7170282d33bc824f4c1044e2dfebf377484f1.JPG,3908,717,3948,738,6
22d7170282d33bc824f4c1044e2dfebf377484f1.JPG,3453,435,3478,477,6
22d7170282d33bc824f4c1044e2dfebf377484f1.JPG,3419,453,3448,477,6
22d7170282d33bc824f4c1044e2dfebf377484f1.JPG,3281,453,3310,484,6
22d7170282d33bc824f4c1044e2dfebf377484f1.JPG,3213,498,3259,514,6
2370db93306d5c3b8a453bcf343c77f858fe5b87.JPG,2067,1326,2095,1370,6
2370db93306d5c3b8a453bcf343c77f858fe5b87.JPG,2099,1117,2127,1170,6
2370db93306d5c3b8a453bcf343c77f858fe5b87.JPG,1966,1124,2006,1188,6
2370db93306d5c3b8a453bcf343c77f858fe5b87.JPG,1958,1024,1992,1077,6
2370db93306d5c3b8a453bcf343c77f858fe5b87.JPG,2054,1116,2074,1150,6
2370db93306d5c3b8a453bcf343c77f858fe5b87.JPG,2039,1151,2063,1198,6
2370db93306d5c3b8a453bcf343c77f858fe5b87.JPG,1388,1548,1425,1600,6
2370db93306d5c3b8a453bcf343c77f858fe5b87.JPG,929,1651,969,1684,6
2370db93306d5c3b8a453bcf343c77f858fe5b87.JPG,944,1752,986,1806,6
2370db93306d5c3b8a453bcf343c77f858fe5b87.JPG,917,1857,955,1910,6
2370db93306d5c3b8a453bcf343c77f858fe5b87.JPG,960,1886,1002,1950,6
2370db93306d5c3b8a453bcf343c77f858fe5b87.JPG,690,2027,722,2075,6
2370db93306d5c3b8a453bcf343c77f858fe5b87.JPG,668,2020,696,2073,6
2370db93306d5c3b8a453bcf343c77f858fe5b87.JPG,456,2320,499,2364,6
2370db93306d5c3b8a453bcf343c77f858fe5b87.JPG,431,2396,479,2423,6
2370db93306d5c3b8a453bcf343c77f858fe5b87.JPG,462,2573,512,2612,6
2370db93306d5c3b8a453bcf343c77f858fe5b87.JPG,469,2604,513,2639,6
2370db93306d5c3b8a453bcf343c77f858fe5b87.JPG,536,2676,578,2707,6
2370db93306d5c3b8a453bcf343c77f858fe5b87.JPG,549,2976,580,3039,6
2370db93306d5c3b8a453bcf343c77f858fe5b87.JPG,1678,1223,1726,1278,6
2370db93306d5c3b8a453bcf343c77f858fe5b87.JPG,1761,1496,1794,1539,6
2370db93306d5c3b8a453bcf343c77f858fe5b87.JPG,1804,1379,1836,1442,6
2370db93306d5c3b8a453bcf343c77f858fe5b87.JPG,1836,1413,1856,1441,6
2370db93306d5c3b8a453bcf343c77f858fe5b87.JPG,516,3170,554,3215,6
23a51515fcd0ca3cc48ede1b565a28daa2421009.JPG,2605,1407,2631,1433,6
23a51515fcd0ca3cc48ede1b565a28daa2421009.JPG,2534,1472,2574,1489,6
23a51515fcd0ca3cc48ede1b565a28daa2421009.JPG,2479,1529,2510,1547,6
23a51515fcd0ca3cc48ede1b565a28daa2421009.JPG,2195,1588,2228,1613,6
23a51515fcd0ca3cc48ede1b565a28daa2421009.JPG,2078,1596,2099,1623,6
23a51515fcd0ca3cc48ede1b565a28daa2421009.JPG,2364,1769,2397,1794,6
23a51515fcd0ca3cc48ede1b565a28daa2421009.JPG,2204,1763,2226,1777,6
23a51515fcd0ca3cc48ede1b565a28daa2421009.JPG,2050,1656,2069,1675,6
23a51515fcd0ca3cc48ede1b565a28daa2421009.JPG,2147,1953,2173,1977,6
23a51515fcd0ca3cc48ede1b565a28daa2421009.JPG,1764,1544,1781,1573,6
23a51515fcd0ca3cc48ede1b565a28daa2421009.JPG,1770,1577,1779,1596,6
23a51515fcd0ca3cc48ede1b565a28daa2421009.JPG,2149,1785,2172,1800,6
23a51515fcd0ca3cc48ede1b565a28daa2421009.JPG,3236,1403,3254,1421,6
23a51515fcd0ca3cc48ede1b565a28daa2421009.JPG,3459,1674,3481,1689,6
23a51515fcd0ca3cc48ede1b565a28daa2421009.JPG,4133,1724,4157,1756,6
23a51515fcd0ca3cc48ede1b565a28daa2421009.JPG,4117,2008,4142,2040,6
23a51515fcd0ca3cc48ede1b565a28daa2421009.JPG,4346,1998,4380,2013,6
23a51515fcd0ca3cc48ede1b565a28daa2421009.JPG,4017,2244,4040,2261,6
23a51515fcd0ca3cc48ede1b565a28daa2421009.JPG,3495,3617,3511,3650,6
23a51515fcd0ca3cc48ede1b565a28daa2421009.JPG,3229,3269,3245,3303,6
23c9dbc302fc42acd6cb88f615a70bab0e02b303.JPG,4463,804,4564,851,6
23c9dbc302fc42acd6cb88f615a70bab0e02b303.JPG,4347,942,4385,1040,6
23c9dbc302fc42acd6cb88f615a70bab0e02b303.JPG,4377,1174,4434,1232,6
23c9dbc302fc42acd6cb88f615a70bab0e02b303.JPG,4542,1129,4638,1195,6
23c9dbc302fc42acd6cb88f615a70bab0e02b303.JPG,4572,1168,4604,1215,6
23c9dbc302fc42acd6cb88f615a70bab0e02b303.JPG,4698,1071,4807,1127,6
23c9dbc302fc42acd6cb88f615a70bab0e02b303.JPG,4719,1292,4782,1320,6
23c9dbc302fc42acd6cb88f615a70bab0e02b303.JPG,4818,1317,4887,1385,6
23c9dbc302fc42acd6cb88f615a70bab0e02b303.JPG,4503,1620,4592,1679,6
23c9dbc302fc42acd6cb88f615a70bab0e02b303.JPG,4603,1598,4657,1626,6
23c9dbc302fc42acd6cb88f615a70bab0e02b303.JPG,4935,1870,5023,1967,6
23c9dbc302fc42acd6cb88f615a70bab0e02b303.JPG,4878,2040,4958,2106,6
23c9dbc302fc42acd6cb88f615a70bab0e02b303.JPG,5228,2549,5303,2630,6
23c9dbc302fc42acd6cb88f615a70bab0e02b303.JPG,5274,2700,5345,2754,6
23c9dbc302fc42acd6cb88f615a70bab0e02b303.JPG,4816,2840,4918,2886,6
23c9dbc302fc42acd6cb88f615a70bab0e02b303.JPG,4773,3013,4812,3094,6
23c9dbc302fc42acd6cb88f615a70bab0e02b303.JPG,4757,3125,4817,3229,6
23c9dbc302fc42acd6cb88f615a70bab0e02b303.JPG,5099,3227,5163,3295,6
23c9dbc302fc42acd6cb88f615a70bab0e02b303.JPG,5011,3279,5081,3337,6
23c9dbc302fc42acd6cb88f615a70bab0e02b303.JPG,4987,3217,5035,3294,6
23c9dbc302fc42acd6cb88f615a70bab0e02b303.JPG,5121,3374,5177,3450,6
23c9dbc302fc42acd6cb88f615a70bab0e02b303.JPG,5445,3103,5486,3207,6
243e61b75a60521ba032a4abd3d7f38edc13eb47.JPG,2202,903,2257,953,6
243e61b75a60521ba032a4abd3d7f38edc13eb47.JPG,2179,930,2213,959,6
243e61b75a60521ba032a4abd3d7f38edc13eb47.JPG,2035,684,2065,728,6
243e61b75a60521ba032a4abd3d7f38edc13eb47.JPG,1743,653,1766,694,6
243e61b75a60521ba032a4abd3d7f38edc13eb47.JPG,1922,1041,1967,1067,6
243e61b75a60521ba032a4abd3d7f38edc13eb47.JPG,1761,442,1788,487,6
243e61b75a60521ba032a4abd3d7f38edc13eb47.JPG,1956,391,1982,425,6
24afca9daaabfb85fe387f750331fe6b8f737ea3.JPG,1770,1980,1782,1999,6
24afca9daaabfb85fe387f750331fe6b8f737ea3.JPG,1772,2011,1795,2043,6
24afca9daaabfb85fe387f750331fe6b8f737ea3.JPG,1705,2022,1722,2048,6
24afca9daaabfb85fe387f750331fe6b8f737ea3.JPG,1705,2182,1749,2206,6
24afca9daaabfb85fe387f750331fe6b8f737ea3.JPG,1793,2233,1807,2256,6
24afca9daaabfb85fe387f750331fe6b8f737ea3.JPG,1834,2237,1872,2264,6
24afca9daaabfb85fe387f750331fe6b8f737ea3.JPG,1466,2291,1495,2314,6
24afca9daaabfb85fe387f750331fe6b8f737ea3.JPG,1446,2286,1472,2314,6
24afca9daaabfb85fe387f750331fe6b8f737ea3.JPG,1472,2309,1495,2328,6
24afca9daaabfb85fe387f750331fe6b8f737ea3.JPG,1841,2417,1869,2450,6
24afca9daaabfb85fe387f750331fe6b8f737ea3.JPG,1628,2879,1664,2905,6
24afca9daaabfb85fe387f750331fe6b8f737ea3.JPG,189,2992,225,3021,6
24afca9daaabfb85fe387f750331fe6b8f737ea3.JPG,166,3015,184,3028,6
24afca9daaabfb85fe387f750331fe6b8f737ea3.JPG,82,3302,99,3331,6
24afca9daaabfb85fe387f750331fe6b8f737ea3.JPG,1184,1860,1205,1891,6
24afca9daaabfb85fe387f750331fe6b8f737ea3.JPG,1582,1671,1601,1695,6
24afca9daaabfb85fe387f750331fe6b8f737ea3.JPG,1625,1697,1642,1716,6
24afca9daaabfb85fe387f750331fe6b8f737ea3.JPG,1639,1627,1668,1647,6
24afca9daaabfb85fe387f750331fe6b8f737ea3.JPG,1955,1531,1975,1571,6
24afca9daaabfb85fe387f750331fe6b8f737ea3.JPG,1673,1458,1688,1480,6
24afca9daaabfb85fe387f750331fe6b8f737ea3.JPG,1677,1342,1709,1365,6
24afca9daaabfb85fe387f750331fe6b8f737ea3.JPG,1744,1246,1765,1280,6
24afca9daaabfb85fe387f750331fe6b8f737ea3.JPG,1552,1177,1576,1202,6
24afca9daaabfb85fe387f750331fe6b8f737ea3.JPG,1780,1009,1812,1039,6
24afca9daaabfb85fe387f750331fe6b8f737ea3.JPG,1585,847,1606,877,6
24afca9daaabfb85fe387f750331fe6b8f737ea3.JPG,1574,873,1591,909,6
24afca9daaabfb85fe387f750331fe6b8f737ea3.JPG,698,136,719,193,6
24b49c8b1f1ed92117a9a59d6bf693d6216e194e.JPG,318,1936,362,1957,6
24b95e83210d426f16ff683aa48e7c1ca702bb38.JPG,1178,3455,1238,3492,6
24cc211b1bdff44079c4e12fd31b88edca4d7c8d.JPG,3237,1770,3272,1818,6
24cc211b1bdff44079c4e12fd31b88edca4d7c8d.JPG,3232,1805,3294,1853,6
24cc211b1bdff44079c4e12fd31b88edca4d7c8d.JPG,5370,849,5423,914,6
24cc211b1bdff44079c4e12fd31b88edca4d7c8d.JPG,5407,1003,5468,1034,6
24cc211b1bdff44079c4e12fd31b88edca4d7c8d.JPG,5263,1136,5342,1168,6
24cc211b1bdff44079c4e12fd31b88edca4d7c8d.JPG,4868,1022,4921,1058,6
24cc211b1bdff44079c4e12fd31b88edca4d7c8d.JPG,4365,901,4433,968,6
24cc211b1bdff44079c4e12fd31b88edca4d7c8d.JPG,4341,840,4368,880,6
24cc211b1bdff44079c4e12fd31b88edca4d7c8d.JPG,3585,740,3629,825,6
24cc211b1bdff44079c4e12fd31b88edca4d7c8d.JPG,3939,459,4013,504,6
24cc211b1bdff44079c4e12fd31b88edca4d7c8d.JPG,3727,285,3815,328,6
24cc211b1bdff44079c4e12fd31b88edca4d7c8d.JPG,3691,305,3732,350,6
24cc211b1bdff44079c4e12fd31b88edca4d7c8d.JPG,3261,502,3329,547,6
24cc211b1bdff44079c4e12fd31b88edca4d7c8d.JPG,3452,0,3480,27,6
24de4adab02a67cba19495049f8150bff58b42ca.JPG,89,2163,145,2198,6
24de4adab02a67cba19495049f8150bff58b42ca.JPG,192,2304,239,2356,6
24de4adab02a67cba19495049f8150bff58b42ca.JPG,180,2325,198,2349,6
24f46c6970d9853c964650f655837dc55fe020ae.JPG,1879,643,1943,700,6
24f46c6970d9853c964650f655837dc55fe020ae.JPG,1320,247,1371,326,6
2521fa11a61c54af332779776fea94d990ef2711.JPG,2000,2067,2030,2085,6
2521fa11a61c54af332779776fea94d990ef2711.JPG,1960,2104,2004,2121,6
2521fa11a61c54af332779776fea94d990ef2711.JPG,1667,2138,1698,2153,6
2521fa11a61c54af332779776fea94d990ef2711.JPG,1641,2203,1676,2230,6
2521fa11a61c54af332779776fea94d990ef2711.JPG,1903,2287,1928,2318,6
2521fa11a61c54af332779776fea94d990ef2711.JPG,1563,2234,1587,2247,6
2521fa11a61c54af332779776fea94d990ef2711.JPG,1584,2276,1620,2293,6
2521fa11a61c54af332779776fea94d990ef2711.JPG,1624,2305,1665,2328,6
2521fa11a61c54af332779776fea94d990ef2711.JPG,2002,775,2040,799,6
25845182eceafe8cc938f8022bcd903cc91c2065.JPG,4855,2683,4895,2732,6
25845182eceafe8cc938f8022bcd903cc91c2065.JPG,4761,2555,4808,2576,6
25845182eceafe8cc938f8022bcd903cc91c2065.JPG,4711,2556,4752,2577,6
259beb0e638a5a67fa8f9f8adbc12ae225365ebe.JPG,1097,567,1150,674,6
25bdef2822fc6d96d23ab27a1405cbff8c99868b.JPG,5025,1145,5072,1178,6
25bdef2822fc6d96d23ab27a1405cbff8c99868b.JPG,5207,1155,5255,1186,6
260785d385da8fd3315a6e3303586886a0b3871b.JPG,366,799,407,823,6
260785d385da8fd3315a6e3303586886a0b3871b.JPG,418,790,439,805,6
260785d385da8fd3315a6e3303586886a0b3871b.JPG,344,899,370,920,6
260785d385da8fd3315a6e3303586886a0b3871b.JPG,319,913,346,928,6
260785d385da8fd3315a6e3303586886a0b3871b.JPG,214,940,248,969,6
260785d385da8fd3315a6e3303586886a0b3871b.JPG,137,861,164,890,6
260785d385da8fd3315a6e3303586886a0b3871b.JPG,17,1070,42,1099,6
260785d385da8fd3315a6e3303586886a0b3871b.JPG,10,1168,25,1186,6
2608ed699042b175e0c0a781107dced6c716f117.JPG,72,1079,142,1108,6
2635715a9965f6e47a1973eaf2de56ae36ad3d43.JPG,2163,784,2211,842,6
2635715a9965f6e47a1973eaf2de56ae36ad3d43.JPG,2122,750,2170,829,6
2635715a9965f6e47a1973eaf2de56ae36ad3d43.JPG,2245,756,2305,790,6
2635715a9965f6e47a1973eaf2de56ae36ad3d43.JPG,1856,675,1936,724,6
2635715a9965f6e47a1973eaf2de56ae36ad3d43.JPG,1559,1777,1594,1839,6
2635715a9965f6e47a1973eaf2de56ae36ad3d43.JPG,1498,1839,1539,1918,6
2635715a9965f6e47a1973eaf2de56ae36ad3d43.JPG,1371,2073,1438,2137,6
2635715a9965f6e47a1973eaf2de56ae36ad3d43.JPG,1354,1853,1401,1918,6
2635715a9965f6e47a1973eaf2de56ae36ad3d43.JPG,1259,1727,1315,1795,6
2635715a9965f6e47a1973eaf2de56ae36ad3d43.JPG,890,1880,964,1916,6
2635715a9965f6e47a1973eaf2de56ae36ad3d43.JPG,823,2109,873,2161,6
2635715a9965f6e47a1973eaf2de56ae36ad3d43.JPG,703,2105,769,2140,6
2635715a9965f6e47a1973eaf2de56ae36ad3d43.JPG,395,2525,441,2571,6
2635715a9965f6e47a1973eaf2de56ae36ad3d43.JPG,368,2602,418,2679,6
2635715a9965f6e47a1973eaf2de56ae36ad3d43.JPG,725,2596,783,2622,6
2636e9fb56deccbea297584947b90c587544d9a6.JPG,693,1649,749,1679,6
268b5759281d40fc891b683c03d4d3a1b7681803.JPG,1082,9,1156,51,6
269cd7a32b66c585e9f3a27abaf53f8033427ed0.JPG,2687,2028,2723,2105,6
269cd7a32b66c585e9f3a27abaf53f8033427ed0.JPG,2551,1976,2639,2006,6
269cd7a32b66c585e9f3a27abaf53f8033427ed0.JPG,2576,2078,2640,2181,6
26dcad88f200b7f88f97f3c3e40eec16efd93830.JPG,299,2548,332,2597,6
26dcad88f200b7f88f97f3c3e40eec16efd93830.JPG,259,2565,295,2584,6
26dcad88f200b7f88f97f3c3e40eec16efd93830.JPG,250,2579,283,2618,6
26dcad88f200b7f88f97f3c3e40eec16efd93830.JPG,95,2427,143,2445,6
26f3bf698262dc714f8c044ee59309a36f961d7d.JPG,3445,1525,3542,1564,6
26f3bf698262dc714f8c044ee59309a36f961d7d.JPG,2551,1278,2579,1338,6
26f3bf698262dc714f8c044ee59309a36f961d7d.JPG,2098,1102,2155,1151,6
26f3bf698262dc714f8c044ee59309a36f961d7d.JPG,1909,1479,1958,1507,6
26f3bf698262dc714f8c044ee59309a36f961d7d.JPG,1972,1555,2013,1639,6
26f3bf698262dc714f8c044ee59309a36f961d7d.JPG,1999,1564,2030,1599,6
26f3bf698262dc714f8c044ee59309a36f961d7d.JPG,515,696,593,746,6
26f3bf698262dc714f8c044ee59309a36f961d7d.JPG,494,1701,558,1729,6
26f3bf698262dc714f8c044ee59309a36f961d7d.JPG,689,1800,752,1842,6
26f3bf698262dc714f8c044ee59309a36f961d7d.JPG,892,2430,970,2459,6
26f3bf698262dc714f8c044ee59309a36f961d7d.JPG,828,2419,896,2447,6
26f3bf698262dc714f8c044ee59309a36f961d7d.JPG,849,2443,902,2467,6
26f3bf698262dc714f8c044ee59309a36f961d7d.JPG,826,2472,881,2489,6
26f3bf698262dc714f8c044ee59309a36f961d7d.JPG,809,2489,891,2518,6
26f3bf698262dc714f8c044ee59309a36f961d7d.JPG,1005,2600,1056,2656,6
26f3bf698262dc714f8c044ee59309a36f961d7d.JPG,303,2595,348,2658,6
26f3bf698262dc714f8c044ee59309a36f961d7d.JPG,1335,2781,1404,2838,6
26f3bf698262dc714f8c044ee59309a36f961d7d.JPG,1709,3120,1750,3155,6
26f3bf698262dc714f8c044ee59309a36f961d7d.JPG,1723,3271,1754,3330,6
26f3bf698262dc714f8c044ee59309a36f961d7d.JPG,1939,3353,1970,3390,6
26f3bf698262dc714f8c044ee59309a36f961d7d.JPG,1898,3404,1957,3465,6
26f3bf698262dc714f8c044ee59309a36f961d7d.JPG,368,2542,400,2569,6
26fe0bc49b791fa3605f28f1593e0ea8ba447200.JPG,4807,2183,4835,2248,6
26fe0bc49b791fa3605f28f1593e0ea8ba447200.JPG,4750,3069,4804,3132,6
26fe0bc49b791fa3605f28f1593e0ea8ba447200.JPG,4600,3131,4663,3185,6
272c2cae1374216920ef579815b1277c9b59f3f1.JPG,826,1122,852,1141,6
272c2cae1374216920ef579815b1277c9b59f3f1.JPG,1364,1066,1389,1098,6
272c2cae1374216920ef579815b1277c9b59f3f1.JPG,782,824,806,849,6
272c2cae1374216920ef579815b1277c9b59f3f1.JPG,511,1113,541,1135,6
272c2cae1374216920ef579815b1277c9b59f3f1.JPG,465,1115,490,1131,6
272c2cae1374216920ef579815b1277c9b59f3f1.JPG,476,1130,513,1148,6
272c2cae1374216920ef579815b1277c9b59f3f1.JPG,507,1163,534,1178,6
272c2cae1374216920ef579815b1277c9b59f3f1.JPG,504,1195,529,1223,6
272c2cae1374216920ef579815b1277c9b59f3f1.JPG,1093,154,1112,186,6
272c2cae1374216920ef579815b1277c9b59f3f1.JPG,1075,274,1098,311,6
272c2cae1374216920ef579815b1277c9b59f3f1.JPG,2980,2362,2998,2397,6
2760ca8447e5167a65fd221a6deb9fcc3378b41a.JPG,2973,665,2994,687,6
2760ca8447e5167a65fd221a6deb9fcc3378b41a.JPG,3462,424,3494,452,6
2760ca8447e5167a65fd221a6deb9fcc3378b41a.JPG,3538,129,3569,148,6
2760ca8447e5167a65fd221a6deb9fcc3378b41a.JPG,3562,67,3595,80,6
2771431a09f0ef078fe094396a695d3a03dd6a19.JPG,3823,2179,3889,2220,6
27d70f47803252ee30bb07e1f61d3f6ed5b9e04f.JPG,4653,1031,4696,1072,6
27de5f832bdc5dff7932befcca9d77d7a3328023.JPG,955,3296,1030,3332,6
282a9a002679e116d33da4edaac3f7a71bed4612.JPG,727,145,806,179,6
283fd8891ad69e6fb9693b2dd53c3784e69cb396.JPG,5231,1970,5264,2000,6
283fd8891ad69e6fb9693b2dd53c3784e69cb396.JPG,4982,798,5005,854,6
283fd8891ad69e6fb9693b2dd53c3784e69cb396.JPG,5427,2169,5463,2213,6
283fd8891ad69e6fb9693b2dd53c3784e69cb396.JPG,5460,2226,5471,2257,6
283fd8891ad69e6fb9693b2dd53c3784e69cb396.JPG,5432,2312,5461,2358,6
283fd8891ad69e6fb9693b2dd53c3784e69cb396.JPG,4085,301,4136,340,6
288c27817e314ea6ce7b40f9bc3db17ad22535ba.JPG,4412,2302,4444,2321,6
288c27817e314ea6ce7b40f9bc3db17ad22535ba.JPG,4279,2280,4315,2307,6
288c27817e314ea6ce7b40f9bc3db17ad22535ba.JPG,4385,2418,4411,2442,6
288c27817e314ea6ce7b40f9bc3db17ad22535ba.JPG,4343,2387,4387,2420,6
288c27817e314ea6ce7b40f9bc3db17ad22535ba.JPG,4289,2391,4310,2405,6
288c27817e314ea6ce7b40f9bc3db17ad22535ba.JPG,4329,2441,4354,2484,6
288c27817e314ea6ce7b40f9bc3db17ad22535ba.JPG,4294,2432,4329,2446,6
288c27817e314ea6ce7b40f9bc3db17ad22535ba.JPG,4238,2454,4262,2497,6
288c27817e314ea6ce7b40f9bc3db17ad22535ba.JPG,4169,2440,4215,2463,6
288c27817e314ea6ce7b40f9bc3db17ad22535ba.JPG,4184,2472,4214,2516,6
288c27817e314ea6ce7b40f9bc3db17ad22535ba.JPG,4111,2710,4134,2751,6
288c27817e314ea6ce7b40f9bc3db17ad22535ba.JPG,4102,2858,4128,2884,6
288c27817e314ea6ce7b40f9bc3db17ad22535ba.JPG,3681,2683,3724,2709,6
288c27817e314ea6ce7b40f9bc3db17ad22535ba.JPG,3695,2755,3731,2797,6
288c27817e314ea6ce7b40f9bc3db17ad22535ba.JPG,3673,3140,3725,3178,6
288c27817e314ea6ce7b40f9bc3db17ad22535ba.JPG,3637,3111,3674,3148,6
288c27817e314ea6ce7b40f9bc3db17ad22535ba.JPG,3240,2892,3283,2913,6
288c27817e314ea6ce7b40f9bc3db17ad22535ba.JPG,1699,2839,1741,2858,6
288c27817e314ea6ce7b40f9bc3db17ad22535ba.JPG,1590,2835,1620,2853,6
288c27817e314ea6ce7b40f9bc3db17ad22535ba.JPG,1690,3056,1720,3103,6
288c27817e314ea6ce7b40f9bc3db17ad22535ba.JPG,1634,3315,1671,3338,6
288c27817e314ea6ce7b40f9bc3db17ad22535ba.JPG,1601,3415,1651,3438,6
288c27817e314ea6ce7b40f9bc3db17ad22535ba.JPG,4166,2534,4188,2563,6
28beecf6145be388ea2591f518ea30c00b87710c.JPG,2022,1961,2078,1994,6
28beecf6145be388ea2591f518ea30c00b87710c.JPG,2104,2251,2152,2287,6
28beecf6145be388ea2591f518ea30c00b87710c.JPG,2317,3226,2357,3287,6
28beecf6145be388ea2591f518ea30c00b87710c.JPG,2427,3310,2456,3369,6
28beecf6145be388ea2591f518ea30c00b87710c.JPG,2258,3525,2285,3568,6
28beecf6145be388ea2591f518ea30c00b87710c.JPG,1514,2069,1541,2105,6
28beecf6145be388ea2591f518ea30c00b87710c.JPG,1464,2079,1534,2120,6
28beecf6145be388ea2591f518ea30c00b87710c.JPG,1224,1449,1276,1514,6
28beecf6145be388ea2591f518ea30c00b87710c.JPG,1062,1441,1102,1494,6
28beecf6145be388ea2591f518ea30c00b87710c.JPG,1466,1268,1502,1312,6
28beecf6145be388ea2591f518ea30c00b87710c.JPG,2843,3525,2900,3578,6
28e34fa3c54b0580553ef7114b79f5d5aa57588c.JPG,2634,1244,2658,1287,6
28e34fa3c54b0580553ef7114b79f5d5aa57588c.JPG,2811,1838,2842,1887,6
28e34fa3c54b0580553ef7114b79f5d5aa57588c.JPG,2906,1872,2943,1889,6
28e34fa3c54b0580553ef7114b79f5d5aa57588c.JPG,2975,2063,3006,2082,6
28e34fa3c54b0580553ef7114b79f5d5aa57588c.JPG,2946,2141,2997,2165,6
28e34fa3c54b0580553ef7114b79f5d5aa57588c.JPG,2855,2085,2877,2100,6
28e34fa3c54b0580553ef7114b79f5d5aa57588c.JPG,3160,2428,3197,2460,6
28e34fa3c54b0580553ef7114b79f5d5aa57588c.JPG,3120,2542,3151,2567,6
28e34fa3c54b0580553ef7114b79f5d5aa57588c.JPG,3092,2658,3137,2696,6
2920b1024805698b74bed5a7178f740ec077781d.JPG,2961,2922,3015,2943,6
2920b1024805698b74bed5a7178f740ec077781d.JPG,3016,2965,3059,2985,6
2920b1024805698b74bed5a7178f740ec077781d.JPG,2996,3206,3025,3237,6
2920b1024805698b74bed5a7178f740ec077781d.JPG,3045,3287,3083,3328,6
2944affaa8b8667fef7c8689e3837b16c5947bdd.JPG,914,2236,983,2281,6
2944affaa8b8667fef7c8689e3837b16c5947bdd.JPG,3240,3051,3275,3141,6
2944affaa8b8667fef7c8689e3837b16c5947bdd.JPG,3803,2963,3841,3041,6
2944affaa8b8667fef7c8689e3837b16c5947bdd.JPG,4784,3052,4861,3100,6
2944affaa8b8667fef7c8689e3837b16c5947bdd.JPG,4863,3071,4941,3117,6
2944affaa8b8667fef7c8689e3837b16c5947bdd.JPG,4891,3170,4925,3219,6
29a85adc3c883574c1d7273f6de04247e31acc7a.JPG,3848,680,3886,766,6
29d27ffbe5be83e0a98cfdf2208b03abcaf01257.JPG,3922,649,3972,709,6
2a7990db1395fd7d953a15632f50e0f27baee6ca.JPG,2388,1196,2433,1221,6
2a7990db1395fd7d953a15632f50e0f27baee6ca.JPG,2491,1265,2518,1287,6
2a7990db1395fd7d953a15632f50e0f27baee6ca.JPG,4522,2070,4554,2104,6
2a7990db1395fd7d953a15632f50e0f27baee6ca.JPG,4459,2124,4483,2135,6
2a7990db1395fd7d953a15632f50e0f27baee6ca.JPG,4416,2130,4455,2148,6
2a7990db1395fd7d953a15632f50e0f27baee6ca.JPG,4399,2144,4419,2156,6
2a7990db1395fd7d953a15632f50e0f27baee6ca.JPG,4349,2149,4395,2167,6
2a7990db1395fd7d953a15632f50e0f27baee6ca.JPG,4389,1702,4406,1742,6
2a7990db1395fd7d953a15632f50e0f27baee6ca.JPG,4217,1761,4253,1779,6
2a7990db1395fd7d953a15632f50e0f27baee6ca.JPG,4134,1696,4161,1736,6
2aada86263161acc6e207ea329759556d308458a.JPG,1360,0,1386,21,6
2abd4798bf4ce5583adc163a59376ec86ad4911b.JPG,2033,1856,2090,1898,6
2abd4798bf4ce5583adc163a59376ec86ad4911b.JPG,1633,2058,1687,2108,6
2abd4798bf4ce5583adc163a59376ec86ad4911b.JPG,1517,2126,1550,2160,6
2abd4798bf4ce5583adc163a59376ec86ad4911b.JPG,1491,2169,1547,2212,6
2abd4798bf4ce5583adc163a59376ec86ad4911b.JPG,1569,2032,1600,2075,6
2abd4798bf4ce5583adc163a59376ec86ad4911b.JPG,1422,2106,1477,2152,6
2abd4798bf4ce5583adc163a59376ec86ad4911b.JPG,1489,2054,1523,2084,6
2abd4798bf4ce5583adc163a59376ec86ad4911b.JPG,1466,2002,1510,2053,6
2abd4798bf4ce5583adc163a59376ec86ad4911b.JPG,1518,1965,1541,2023,6
2abd4798bf4ce5583adc163a59376ec86ad4911b.JPG,1492,1981,1522,2004,6
2abd4798bf4ce5583adc163a59376ec86ad4911b.JPG,1499,2015,1520,2049,6
2abd4798bf4ce5583adc163a59376ec86ad4911b.JPG,757,1693,818,1736,6
2abd4798bf4ce5583adc163a59376ec86ad4911b.JPG,739,1699,786,1727,6
2abd4798bf4ce5583adc163a59376ec86ad4911b.JPG,729,1724,762,1751,6
2abd4798bf4ce5583adc163a59376ec86ad4911b.JPG,725,1741,759,1772,6
2abd4798bf4ce5583adc163a59376ec86ad4911b.JPG,690,1743,731,1782,6
2abd4798bf4ce5583adc163a59376ec86ad4911b.JPG,693,1643,743,1680,6
2abd4798bf4ce5583adc163a59376ec86ad4911b.JPG,675,1678,701,1701,6
2abd4798bf4ce5583adc163a59376ec86ad4911b.JPG,683,1538,741,1569,6
2abd4798bf4ce5583adc163a59376ec86ad4911b.JPG,620,1518,679,1553,6
2abd4798bf4ce5583adc163a59376ec86ad4911b.JPG,600,1495,628,1524,6
2abd4798bf4ce5583adc163a59376ec86ad4911b.JPG,564,1499,605,1520,6
2abd4798bf4ce5583adc163a59376ec86ad4911b.JPG,611,1440,661,1510,6
2abd4798bf4ce5583adc163a59376ec86ad4911b.JPG,580,1453,617,1475,6
2abd4798bf4ce5583adc163a59376ec86ad4911b.JPG,598,1403,630,1435,6
2abd4798bf4ce5583adc163a59376ec86ad4911b.JPG,544,1405,599,1427,6
2abd4798bf4ce5583adc163a59376ec86ad4911b.JPG,556,1427,609,1459,6
2abd4798bf4ce5583adc163a59376ec86ad4911b.JPG,526,1444,564,1471,6
2abd4798bf4ce5583adc163a59376ec86ad4911b.JPG,474,1428,532,1481,6
2ad98401fb0fca97bbc5752a5ca2cbe804fb7b42.JPG,3134,1385,3165,1444,6
2b1b8cb5da39f1a37ebb0807616a731497886ac0.JPG,3314,740,3350,805,6
2b1b8cb5da39f1a37ebb0807616a731497886ac0.JPG,3489,880,3572,923,6
2b1b8cb5da39f1a37ebb0807616a731497886ac0.JPG,3230,688,3272,734,6
2b1b8cb5da39f1a37ebb0807616a731497886ac0.JPG,3146,494,3192,567,6
2b1b8cb5da39f1a37ebb0807616a731497886ac0.JPG,3358,789,3392,843,6
2b1b8cb5da39f1a37ebb0807616a731497886ac0.JPG,2919,96,2959,186,6
2b1b8cb5da39f1a37ebb0807616a731497886ac0.JPG,2895,21,2939,101,6
2b1b8cb5da39f1a37ebb0807616a731497886ac0.JPG,2993,288,3038,329,6
2b1b8cb5da39f1a37ebb0807616a731497886ac0.JPG,2370,600,2445,666,6
2b1b8cb5da39f1a37ebb0807616a731497886ac0.JPG,2300,517,2344,599,6
2b1b8cb5da39f1a37ebb0807616a731497886ac0.JPG,2502,499,2563,535,6
2b1b8cb5da39f1a37ebb0807616a731497886ac0.JPG,2416,529,2463,553,6
2b1b8cb5da39f1a37ebb0807616a731497886ac0.JPG,2426,552,2454,598,6
2b1b8cb5da39f1a37ebb0807616a731497886ac0.JPG,2448,565,2476,598,6
2b1b8cb5da39f1a37ebb0807616a731497886ac0.JPG,1019,1164,1104,1195,6
2b1b8cb5da39f1a37ebb0807616a731497886ac0.JPG,2491,2972,2553,3020,6
2b1b8cb5da39f1a37ebb0807616a731497886ac0.JPG,2308,2524,2347,2573,6
2b1b8cb5da39f1a37ebb0807616a731497886ac0.JPG,2320,2569,2401,2615,6
2b1b8cb5da39f1a37ebb0807616a731497886ac0.JPG,2386,2545,2431,2586,6
2b1b8cb5da39f1a37ebb0807616a731497886ac0.JPG,2428,2526,2482,2576,6
2b1b8cb5da39f1a37ebb0807616a731497886ac0.JPG,2405,2598,2465,2638,6
2b1b8cb5da39f1a37ebb0807616a731497886ac0.JPG,2667,2522,2708,2599,6
2b1e3aa273118be92f214cd2c30d6a1ceaf09edf.JPG,4331,1037,4398,1061,6
2b43f07c9ec6e2220e353daf76a1bec2a49e0e81.JPG,2793,833,2845,883,6
2b43f07c9ec6e2220e353daf76a1bec2a49e0e81.JPG,3133,775,3181,812,6
2b43f07c9ec6e2220e353daf76a1bec2a49e0e81.JPG,3299,746,3362,797,6
2b6ea56205b46e76fe45de1541c0be556d9f0961.JPG,607,2820,674,2875,6
2bd9c04dd54f1f2aa88ebd65ae7b0253553fb2e2.JPG,67,1860,171,1925,6
2bf513bcb8bab089c763bd215f7315eced8df116.JPG,1397,3064,1449,3085,6
2c5f9a6a822d0360391006800e3ffe63feeed499.JPG,317,2661,343,2712,6
2c8cedd4e4562315afac3e69eed0f2f55bd3aecf.JPG,3464,1421,3516,1450,6
2c8cedd4e4562315afac3e69eed0f2f55bd3aecf.JPG,3507,1394,3556,1473,6
2c8cedd4e4562315afac3e69eed0f2f55bd3aecf.JPG,3581,1371,3661,1402,6
2c8cedd4e4562315afac3e69eed0f2f55bd3aecf.JPG,3690,1412,3771,1448,6
2c8cedd4e4562315afac3e69eed0f2f55bd3aecf.JPG,3667,1512,3696,1590,6
2c8cedd4e4562315afac3e69eed0f2f55bd3aecf.JPG,3558,1471,3618,1515,6
2c8cedd4e4562315afac3e69eed0f2f55bd3aecf.JPG,3852,1432,3889,1503,6
2c8cedd4e4562315afac3e69eed0f2f55bd3aecf.JPG,4072,1174,4125,1243,6
2c8cedd4e4562315afac3e69eed0f2f55bd3aecf.JPG,4120,1235,4142,1266,6
2c8cedd4e4562315afac3e69eed0f2f55bd3aecf.JPG,4131,1191,4162,1259,6
2c8cedd4e4562315afac3e69eed0f2f55bd3aecf.JPG,3871,1096,3911,1142,6
2c8cedd4e4562315afac3e69eed0f2f55bd3aecf.JPG,4188,1231,4237,1294,6
2c8cedd4e4562315afac3e69eed0f2f55bd3aecf.JPG,4320,1337,4388,1378,6
2c8cedd4e4562315afac3e69eed0f2f55bd3aecf.JPG,4292,1132,4335,1185,6
2c8cedd4e4562315afac3e69eed0f2f55bd3aecf.JPG,4652,1631,4725,1671,6
2c8cedd4e4562315afac3e69eed0f2f55bd3aecf.JPG,5015,1859,5050,1904,6
2c8cedd4e4562315afac3e69eed0f2f55bd3aecf.JPG,5301,1861,5394,1897,6
2c8cedd4e4562315afac3e69eed0f2f55bd3aecf.JPG,5077,2002,5096,2035,6
2c8cedd4e4562315afac3e69eed0f2f55bd3aecf.JPG,5090,1999,5125,2064,6
2c8cedd4e4562315afac3e69eed0f2f55bd3aecf.JPG,5041,2177,5104,2254,6
2c8cedd4e4562315afac3e69eed0f2f55bd3aecf.JPG,2612,1142,2677,1186,6
2c8cedd4e4562315afac3e69eed0f2f55bd3aecf.JPG,2805,793,2843,831,6
2c8cedd4e4562315afac3e69eed0f2f55bd3aecf.JPG,2438,527,2470,586,6
2c8cedd4e4562315afac3e69eed0f2f55bd3aecf.JPG,2267,458,2344,507,6
2c8cedd4e4562315afac3e69eed0f2f55bd3aecf.JPG,2085,338,2148,379,6
2cb0a4f11869c778c66117a5cc76b47af61343a0.JPG,3150,1407,3181,1429,6
2cb0a4f11869c778c66117a5cc76b47af61343a0.JPG,3366,1189,3402,1219,6
2cb0a4f11869c778c66117a5cc76b47af61343a0.JPG,3673,1155,3707,1188,6
2cb0a4f11869c778c66117a5cc76b47af61343a0.JPG,3885,480,3920,516,6
2cbcfc7421dedefe77b9e448e01714f2c8489865.JPG,587,276,619,291,6
2cbcfc7421dedefe77b9e448e01714f2c8489865.JPG,533,286,557,301,6
2cbcfc7421dedefe77b9e448e01714f2c8489865.JPG,350,371,376,385,6
2d18d70c1f154072e143d55374012d4d6a3ecd50.JPG,3877,2297,3948,2382,6
2d23e4cb013b347a91fa8b3da1abe6ed78567f1b.JPG,4715,2159,4756,2194,6
2d23e4cb013b347a91fa8b3da1abe6ed78567f1b.JPG,5301,3027,5325,3062,6
2d48f6b2d4ee43e9efa4bff9a469e66a876ac3c4.JPG,3124,41,3166,142,6
2d9fade394258c943b58dce3d4ed130e023f513f.JPG,4250,2310,4295,2334,6
2d9fade394258c943b58dce3d4ed130e023f513f.JPG,1068,2180,1113,2229,6
2db60b56429a8721a8e9a9fef7756fe366247e0f.JPG,1550,288,1586,364,6
2db60b56429a8721a8e9a9fef7756fe366247e0f.JPG,1560,201,1583,245,6
2db60b56429a8721a8e9a9fef7756fe366247e0f.JPG,1513,186,1547,268,6
2db60b56429a8721a8e9a9fef7756fe366247e0f.JPG,1505,152,1532,180,6
2db60b56429a8721a8e9a9fef7756fe366247e0f.JPG,1493,103,1524,159,6
2db60b56429a8721a8e9a9fef7756fe366247e0f.JPG,1477,59,1514,111,6
2db60b56429a8721a8e9a9fef7756fe366247e0f.JPG,1361,84,1404,158,6
2db60b56429a8721a8e9a9fef7756fe366247e0f.JPG,1309,221,1370,266,6
2db60b56429a8721a8e9a9fef7756fe366247e0f.JPG,1257,78,1287,102,6
2db60b56429a8721a8e9a9fef7756fe366247e0f.JPG,1198,45,1255,111,6
2db60b56429a8721a8e9a9fef7756fe366247e0f.JPG,1164,49,1200,85,6
2db60b56429a8721a8e9a9fef7756fe366247e0f.JPG,1337,12,1406,42,6
2ddc7715c7aba737c2bb3a7f1da76953a5f6487b.JPG,2090,1447,2149,1509,6
2ddc7715c7aba737c2bb3a7f1da76953a5f6487b.JPG,2065,1350,2129,1407,6
2ddc7715c7aba737c2bb3a7f1da76953a5f6487b.JPG,1983,1290,2002,1331,6
2ddc7715c7aba737c2bb3a7f1da76953a5f6487b.JPG,1918,1300,1984,1327,6
2ddc7715c7aba737c2bb3a7f1da76953a5f6487b.JPG,1912,1358,1937,1419,6
2ddc7715c7aba737c2bb3a7f1da76953a5f6487b.JPG,1887,1306,1922,1393,6
2ddc7715c7aba737c2bb3a7f1da76953a5f6487b.JPG,1719,1211,1785,1276,6
2ddc7715c7aba737c2bb3a7f1da76953a5f6487b.JPG,1657,1423,1734,1478,6
2ddc7715c7aba737c2bb3a7f1da76953a5f6487b.JPG,2062,903,2099,978,6
2ddc7715c7aba737c2bb3a7f1da76953a5f6487b.JPG,2062,1046,2116,1125,6
2ddc7715c7aba737c2bb3a7f1da76953a5f6487b.JPG,2090,975,2176,1041,6
2ddc7715c7aba737c2bb3a7f1da76953a5f6487b.JPG,2154,927,2212,988,6
2ddc7715c7aba737c2bb3a7f1da76953a5f6487b.JPG,2272,1045,2355,1087,6
2ddc7715c7aba737c2bb3a7f1da76953a5f6487b.JPG,2352,667,2432,732,6
2ddc7715c7aba737c2bb3a7f1da76953a5f6487b.JPG,2438,728,2458,774,6
2ddc7715c7aba737c2bb3a7f1da76953a5f6487b.JPG,2516,698,2557,792,6
2ddc7715c7aba737c2bb3a7f1da76953a5f6487b.JPG,2442,812,2480,830,6
2ddc7715c7aba737c2bb3a7f1da76953a5f6487b.JPG,2730,83,2785,147,6
2ddc7715c7aba737c2bb3a7f1da76953a5f6487b.JPG,2633,73,2655,111,6
2ddc7715c7aba737c2bb3a7f1da76953a5f6487b.JPG,2895,1,2937,62,6
2ddc7715c7aba737c2bb3a7f1da76953a5f6487b.JPG,2870,94,2916,183,6
2ddc7715c7aba737c2bb3a7f1da76953a5f6487b.JPG,1155,963,1224,1060,6
2ddc7715c7aba737c2bb3a7f1da76953a5f6487b.JPG,1316,876,1373,958,6
2ddc7715c7aba737c2bb3a7f1da76953a5f6487b.JPG,1235,1039,1282,1127,6
2ddc7715c7aba737c2bb3a7f1da76953a5f6487b.JPG,1126,1279,1199,1331,6
2ddc7715c7aba737c2bb3a7f1da76953a5f6487b.JPG,1261,1225,1335,1264,6
2ddc7715c7aba737c2bb3a7f1da76953a5f6487b.JPG,1332,1250,1393,1311,6
2ddc7715c7aba737c2bb3a7f1da76953a5f6487b.JPG,914,1578,988,1632,6
2ddc7715c7aba737c2bb3a7f1da76953a5f6487b.JPG,1393,1844,1488,1881,6
2ddc7715c7aba737c2bb3a7f1da76953a5f6487b.JPG,1506,1803,1560,1878,6
2ddc7715c7aba737c2bb3a7f1da76953a5f6487b.JPG,1467,1633,1519,1715,6
2de6d6a5f48579d27b5300d1edafe3974ae04931.JPG,1065,1983,1119,2030,6
2de6d6a5f48579d27b5300d1edafe3974ae04931.JPG,855,1979,935,2013,6
2de6d6a5f48579d27b5300d1edafe3974ae04931.JPG,949,2167,989,2192,6
2de6d6a5f48579d27b5300d1edafe3974ae04931.JPG,885,2186,955,2238,6
2de6d6a5f48579d27b5300d1edafe3974ae04931.JPG,982,2328,1035,2348,6
2de6d6a5f48579d27b5300d1edafe3974ae04931.JPG,877,2371,958,2437,6
2de6d6a5f48579d27b5300d1edafe3974ae04931.JPG,638,2401,711,2439,6
2de6d6a5f48579d27b5300d1edafe3974ae04931.JPG,515,2366,557,2422,6
2de6d6a5f48579d27b5300d1edafe3974ae04931.JPG,92,2542,176,2578,6
2de6d6a5f48579d27b5300d1edafe3974ae04931.JPG,62,2003,139,2045,6
2de6d6a5f48579d27b5300d1edafe3974ae04931.JPG,1,1847,38,1905,6
2de6d6a5f48579d27b5300d1edafe3974ae04931.JPG,196,1559,274,1601,6
2de6d6a5f48579d27b5300d1edafe3974ae04931.JPG,163,1626,200,1670,6
2e169559e39ee02f1f6225c02438753ab0faa7da.JPG,4299,2005,4323,2055,6
2e169559e39ee02f1f6225c02438753ab0faa7da.JPG,4204,2002,4234,2023,6
2e169559e39ee02f1f6225c02438753ab0faa7da.JPG,4317,2089,4336,2129,6
2e169559e39ee02f1f6225c02438753ab0faa7da.JPG,4226,2206,4245,2237,6
2e169559e39ee02f1f6225c02438753ab0faa7da.JPG,4065,2263,4093,2293,6
2e169559e39ee02f1f6225c02438753ab0faa7da.JPG,4554,2202,4594,2241,6
2e7062cf15f728e4657b3a92eeeb8838cbf78118.JPG,4885,1158,4942,1188,6
2e7062cf15f728e4657b3a92eeeb8838cbf78118.JPG,5150,1175,5186,1216,6
2e7062cf15f728e4657b3a92eeeb8838cbf78118.JPG,5310,851,5347,870,6
2e7062cf15f728e4657b3a92eeeb8838cbf78118.JPG,5316,538,5364,583,6
2e7062cf15f728e4657b3a92eeeb8838cbf78118.JPG,5020,279,5044,339,6
2e7062cf15f728e4657b3a92eeeb8838cbf78118.JPG,4908,213,4930,262,6
2e7062cf15f728e4657b3a92eeeb8838cbf78118.JPG,4857,226,4893,265,6
2e7062cf15f728e4657b3a92eeeb8838cbf78118.JPG,4852,260,4888,312,6
2e7062cf15f728e4657b3a92eeeb8838cbf78118.JPG,4805,238,4853,271,6
2e7062cf15f728e4657b3a92eeeb8838cbf78118.JPG,4722,91,4781,117,6
2e7062cf15f728e4657b3a92eeeb8838cbf78118.JPG,4807,142,4850,176,6
2e7062cf15f728e4657b3a92eeeb8838cbf78118.JPG,4788,17,4822,58,6
2e7062cf15f728e4657b3a92eeeb8838cbf78118.JPG,4816,53,4861,92,6
2f4f74be23171891f0833a3a53a14aa0fd7652f7.JPG,3566,2959,3606,3057,6
2f4f74be23171891f0833a3a53a14aa0fd7652f7.JPG,3463,2918,3531,2996,6
2f4f74be23171891f0833a3a53a14aa0fd7652f7.JPG,3435,2947,3461,2999,6
2f4f74be23171891f0833a3a53a14aa0fd7652f7.JPG,3826,3076,3884,3130,6
2f4f74be23171891f0833a3a53a14aa0fd7652f7.JPG,3872,3132,3922,3186,6
2f4f74be23171891f0833a3a53a14aa0fd7652f7.JPG,4103,3139,4162,3218,6
2f4f74be23171891f0833a3a53a14aa0fd7652f7.JPG,4345,2999,4427,3045,6
2f4f74be23171891f0833a3a53a14aa0fd7652f7.JPG,2180,3156,2217,3236,6
2f4f74be23171891f0833a3a53a14aa0fd7652f7.JPG,2183,3397,2286,3457,6
2f5e3ffe045a77402556ae30fd877db5badd1a60.JPG,1663,2607,1701,2641,6
2f5e3ffe045a77402556ae30fd877db5badd1a60.JPG,1501,2493,1553,2548,6
2f5e3ffe045a77402556ae30fd877db5badd1a60.JPG,797,2256,838,2305,6
2f5e3ffe045a77402556ae30fd877db5badd1a60.JPG,404,2298,455,2337,6
2f75ff230b98fc9c58d5aa099e0da4b4ca5350eb.JPG,2480,2077,2521,2150,6
2f75ff230b98fc9c58d5aa099e0da4b4ca5350eb.JPG,1994,1887,2050,1945,6
2f75ff230b98fc9c58d5aa099e0da4b4ca5350eb.JPG,2118,1876,2141,1915,6
2f75ff230b98fc9c58d5aa099e0da4b4ca5350eb.JPG,2222,2386,2274,2477,6
2f75ff230b98fc9c58d5aa099e0da4b4ca5350eb.JPG,2116,2509,2153,2536,6
2f75ff230b98fc9c58d5aa099e0da4b4ca5350eb.JPG,1994,2541,2060,2612,6
2f75ff230b98fc9c58d5aa099e0da4b4ca5350eb.JPG,1869,2496,1937,2540,6
2f75ff230b98fc9c58d5aa099e0da4b4ca5350eb.JPG,1781,2352,1812,2418,6
2f75ff230b98fc9c58d5aa099e0da4b4ca5350eb.JPG,3047,3110,3094,3174,6
2f75ff230b98fc9c58d5aa099e0da4b4ca5350eb.JPG,2975,3211,3003,3246,6
2f75ff230b98fc9c58d5aa099e0da4b4ca5350eb.JPG,2986,3439,3019,3490,6
2f75ff230b98fc9c58d5aa099e0da4b4ca5350eb.JPG,1811,993,1842,1033,6
2f75ff230b98fc9c58d5aa099e0da4b4ca5350eb.JPG,1425,993,1468,1079,6
2f85c4ab186475e58f1cbfa66ec99f53b7ef3fae.JPG,2121,2297,2198,2379,6
